Tenure,Complain,Complaint_to_Order_Ratio,DaySinceLastOrder,CashbackAmount,NumberOfDeviceRegistered,SatisfactionScore,Engagement_Score,CityTier,Average_Cashback_Per_Order,WarehouseToHome,Churn
4.0,1.0,0.5,5.0,160.0,3.0,2.0,6.0,3.0,80.0,6.0,1
9.0,1.0,0.5,0.0,121.0,4.0,3.0,7.0,1.0,60.5,8.0,1
9.0,1.0,0.5,3.0,120.0,4.0,3.0,6.0,1.0,60.0,30.0,1
0.0,0.0,0.0,3.0,134.0,4.0,5.0,6.0,3.0,67.0,15.0,1
0.0,0.0,0.0,3.0,130.0,3.0,5.0,6.0,1.0,65.0,12.0,1
0.0,1.0,0.14285714285714285,7.0,139.0,5.0,5.0,8.0,1.0,19.857142857142858,22.0,1
9.0,0.0,0.0,0.0,121.0,3.0,2.0,5.0,3.0,60.5,11.0,1
9.0,1.0,0.3333333333333333,0.0,123.0,3.0,2.0,6.0,1.0,41.0,6.0,1
13.0,1.0,0.5,2.0,127.0,4.0,3.0,7.0,3.0,63.5,9.0,1
9.0,0.0,0.0,1.0,123.0,5.0,3.0,7.0,1.0,61.5,31.0,1
4.0,0.0,0.0,8.0,295.0,3.0,3.0,5.0,1.0,18.4375,18.0,1
11.0,1.0,0.5,0.0,154.0,4.0,3.0,7.0,1.0,77.0,6.0,1
0.0,1.0,0.3333333333333333,2.0,134.0,3.0,3.0,5.0,1.0,44.666666666666664,11.0,1
0.0,1.0,0.5,0.0,134.0,4.0,3.0,7.0,1.0,67.0,15.0,1
9.0,0.0,0.0,7.0,196.0,4.0,2.0,7.0,3.0,39.2,15.0,1
9.0,1.0,0.5,2.0,121.0,3.0,5.0,6.0,2.0,60.5,12.0,1
0.0,1.0,0.5,0.0,129.0,4.0,2.0,7.0,1.0,64.5,12.0,1
0.0,1.0,0.5,3.0,157.0,4.0,3.0,6.0,3.0,78.5,11.0,1
0.0,1.0,0.5,6.0,161.0,5.0,3.0,8.0,1.0,80.5,13.0,1
19.0,1.0,0.2,3.0,150.0,3.0,4.0,6.0,1.0,30.0,20.0,1
0.0,1.0,0.125,7.0,162.0,5.0,3.0,8.0,3.0,20.25,12.0,1
20.0,0.0,0.0,6.0,203.0,3.0,2.0,6.0,1.0,12.6875,29.0,1
9.0,1.0,0.5,0.0,117.0,3.0,3.0,5.0,3.0,58.5,28.0,1
0.0,1.0,0.3333333333333333,2.0,146.0,5.0,3.0,8.0,3.0,48.666666666666664,26.0,1
14.0,0.0,0.0,3.0,207.0,5.0,2.0,7.0,1.0,103.5,14.0,1
0.0,0.0,0.0,4.0,142.0,3.0,5.0,5.0,1.0,71.0,15.0,1
8.0,0.0,0.0,6.0,173.0,3.0,4.0,6.0,3.0,86.5,6.0,0
9.0,1.0,0.2,5.0,123.0,3.0,3.0,5.0,3.0,24.6,12.0,0
18.0,0.0,0.0,15.0,123.0,3.0,4.0,5.0,1.0,61.5,14.0,0
5.0,0.0,0.0,7.0,190.0,3.0,2.0,5.0,3.0,47.5,14.0,0
2.0,0.0,0.0,9.0,143.0,3.0,3.0,5.0,1.0,71.5,6.0,0
0.0,0.0,0.0,0.0,161.0,4.0,3.0,6.0,1.0,80.5,13.0,0
30.0,1.0,0.5,0.0,133.0,4.0,4.0,7.0,1.0,66.5,15.0,0
13.0,0.0,0.0,11.0,209.0,4.0,2.0,7.0,3.0,69.66666666666667,10.0,0
9.0,0.0,0.0,2.0,122.0,3.0,3.0,6.0,3.0,61.0,8.0,0
0.0,0.0,0.0,2.0,123.0,3.0,2.0,6.0,1.0,41.0,14.0,0
9.0,0.0,0.0,2.0,120.0,3.0,4.0,5.0,1.0,40.0,15.0,0
1.0,0.0,0.0,2.0,127.0,3.0,2.0,6.0,1.0,63.5,27.0,0
30.0,1.0,0.5,4.0,194.0,2.0,2.0,4.0,1.0,97.0,30.0,0
0.0,1.0,0.5,1.0,126.0,4.0,3.0,7.0,1.0,63.0,14.0,0
23.0,0.0,0.0,4.0,299.0,3.0,4.0,5.0,1.0,59.8,17.0,0
14.0,0.0,0.0,8.0,125.0,3.0,3.0,5.0,1.0,62.5,14.0,0
3.0,0.0,0.0,4.0,194.0,3.0,2.0,5.0,3.0,24.25,11.0,0
11.0,0.0,0.0,1.0,187.0,4.0,2.0,6.0,3.0,93.5,6.0,0
5.0,0.0,0.0,4.0,130.0,3.0,3.0,6.0,1.0,65.0,12.0,0
0.0,1.0,0.5,1.0,131.0,3.0,4.0,6.0,1.0,65.5,23.0,0
0.0,0.0,0.0,0.0,123.0,5.0,5.0,8.0,3.0,61.5,14.0,1
9.0,0.0,0.0,2.0,121.0,3.0,4.0,4.0,1.0,15.125,9.0,0
3.0,0.0,0.0,10.0,131.0,3.0,5.0,6.0,1.0,18.714285714285715,15.0,0
18.0,1.0,0.5,3.0,150.0,3.0,5.0,4.0,3.0,75.0,10.0,0
29.0,1.0,0.3333333333333333,2.0,143.0,3.0,5.0,6.0,1.0,47.666666666666664,14.0,0
6.0,0.0,0.0,2.0,125.0,3.0,2.0,5.0,1.0,62.5,14.0,0
0.0,0.0,0.0,0.0,111.0,4.0,2.0,6.0,1.0,55.5,8.0,1
19.0,0.0,0.0,7.0,205.0,3.0,5.0,6.0,3.0,12.8125,6.0,0
9.0,0.0,0.0,1.0,123.0,3.0,2.0,6.0,1.0,41.0,15.0,0
4.0,1.0,0.5,2.0,139.0,3.0,2.0,6.0,1.0,69.5,18.0,0
9.0,0.0,0.0,2.0,123.0,3.0,4.0,6.0,1.0,61.5,33.0,0
4.0,1.0,0.5,2.0,131.0,3.0,4.0,6.0,3.0,65.5,26.0,1
23.0,0.0,0.0,2.0,137.0,4.0,3.0,6.0,1.0,68.5,6.0,0
26.0,0.0,0.0,3.0,145.0,2.0,5.0,4.0,1.0,72.5,19.0,0
6.0,0.0,0.0,6.0,128.0,3.0,4.0,6.0,1.0,64.0,20.0,0
13.0,0.0,0.0,9.0,290.0,3.0,3.0,5.0,1.0,29.0,10.0,0
28.0,0.0,0.0,15.0,287.0,2.0,4.0,5.0,1.0,95.66666666666667,20.0,0
7.0,0.0,0.0,9.0,195.0,4.0,3.0,6.0,1.0,97.5,8.0,0
24.0,0.0,0.0,0.0,237.0,3.0,4.0,6.0,1.0,79.0,9.0,0
25.0,0.0,0.0,9.0,300.0,4.0,3.0,7.0,1.0,25.0,6.0,0
9.0,0.0,0.0,3.0,123.0,3.0,4.0,5.0,1.0,61.5,15.0,0
0.0,1.0,0.5,1.0,159.0,4.0,3.0,6.0,1.0,79.5,29.0,1
9.0,0.0,0.0,2.0,121.0,2.0,2.0,4.0,1.0,40.333333333333336,13.0,0
18.0,0.0,0.0,8.0,268.0,4.0,2.0,7.0,1.0,22.333333333333332,8.0,0
10.0,1.0,0.5,7.0,136.0,2.0,5.0,5.0,1.0,68.0,27.0,0
8.0,0.0,0.0,2.0,144.0,3.0,4.0,5.0,1.0,72.0,8.0,0
15.0,0.0,0.0,2.0,153.0,3.0,3.0,5.0,1.0,76.5,27.0,0
11.0,0.0,0.0,0.0,166.0,3.0,3.0,5.0,1.0,83.0,8.0,0
11.0,0.0,0.0,7.0,163.0,3.0,2.0,5.0,1.0,81.5,35.0,0
0.0,0.0,0.0,0.0,143.0,4.0,5.0,6.0,1.0,47.666666666666664,6.0,0
22.0,1.0,0.5,7.0,168.0,3.0,2.0,6.0,1.0,84.0,24.0,0
7.0,1.0,0.3333333333333333,0.0,138.0,3.0,3.0,5.0,1.0,46.0,16.0,0
13.0,1.0,0.25,7.0,127.0,3.0,2.0,6.0,1.0,31.75,25.0,0
1.0,1.0,0.5,0.0,167.0,3.0,5.0,6.0,1.0,83.5,35.0,1
0.0,0.0,0.0,9.0,176.0,3.0,2.0,5.0,3.0,88.0,33.0,1
0.0,1.0,0.3333333333333333,2.0,123.0,2.0,4.0,4.0,1.0,41.0,14.0,0
9.0,0.0,0.0,7.0,122.0,3.0,2.0,6.0,1.0,61.0,24.0,0
13.0,0.0,0.0,2.0,149.0,4.0,2.0,7.0,1.0,74.5,15.0,0
19.0,0.0,0.0,3.0,194.0,3.0,5.0,6.0,1.0,97.0,6.0,0
0.0,0.0,0.0,8.0,204.0,5.0,2.0,7.0,3.0,20.4,10.0,1
3.0,0.0,0.0,8.0,185.0,4.0,3.0,6.0,1.0,30.833333333333332,6.0,0
0.0,0.0,0.0,7.0,200.0,3.0,3.0,5.0,3.0,100.0,26.0,0
24.0,0.0,0.0,3.0,225.0,4.0,4.0,6.0,1.0,45.0,14.0,0
0.0,1.0,0.5,4.0,127.0,3.0,5.0,5.0,1.0,63.5,14.0,1
14.0,1.0,0.3333333333333333,0.0,236.0,3.0,2.0,6.0,3.0,78.66666666666667,12.0,0
0.0,0.0,0.0,1.0,167.0,4.0,5.0,6.0,3.0,83.5,32.0,1
9.0,0.0,0.0,5.0,121.0,3.0,3.0,5.0,1.0,60.5,6.0,1
18.0,0.0,0.0,8.0,189.0,4.0,2.0,6.0,3.0,14.538461538461538,12.0,0
27.0,0.0,0.0,5.0,159.0,3.0,5.0,5.0,3.0,79.5,9.0,0
9.0,0.0,0.0,7.0,159.0,3.0,4.0,6.0,1.0,39.75,11.0,0
6.0,0.0,0.0,1.0,126.0,4.0,4.0,6.0,1.0,63.0,14.0,0
10.0,1.0,0.5,3.0,222.0,3.0,2.0,5.0,1.0,111.0,17.0,0
11.0,0.0,0.0,13.0,206.0,3.0,3.0,6.0,3.0,34.333333333333336,9.0,0
4.0,0.0,0.0,4.0,143.0,5.0,3.0,7.0,1.0,71.5,6.0,0
9.0,0.0,0.0,0.0,122.0,4.0,2.0,7.0,1.0,61.0,9.0,0
10.0,0.0,0.0,8.0,0.0,3.0,2.0,5.0,3.0,0.0,10.0,0
2.0,0.0,0.0,1.0,179.0,3.0,2.0,5.0,3.0,35.8,6.0,0
8.0,0.0,0.0,8.0,188.0,3.0,3.0,6.0,3.0,94.0,6.0,0
0.0,1.0,0.5,1.0,124.0,4.0,2.0,6.0,1.0,62.0,14.0,1
25.0,0.0,0.0,2.0,132.0,4.0,2.0,6.0,1.0,44.0,8.0,0
15.0,0.0,0.0,15.0,292.0,3.0,2.0,5.0,1.0,24.333333333333332,10.0,0
9.0,0.0,0.0,2.0,123.0,3.0,3.0,5.0,2.0,41.0,12.0,0
23.0,0.0,0.0,6.0,295.0,3.0,2.0,6.0,3.0,147.5,6.0,0
0.0,1.0,0.5,4.0,124.0,3.0,2.0,5.0,1.0,62.0,14.0,1
16.0,1.0,0.3333333333333333,9.0,261.0,3.0,2.0,6.0,3.0,87.0,22.0,0
0.0,0.0,0.0,7.0,127.0,3.0,5.0,6.0,1.0,63.5,8.0,1
25.0,1.0,0.0625,12.0,291.0,4.0,3.0,7.0,3.0,18.1875,8.0,0
5.0,0.0,0.0,2.0,139.0,3.0,4.0,5.0,3.0,69.5,10.0,0
0.0,1.0,0.5,2.0,137.0,4.0,3.0,7.0,1.0,68.5,6.0,1
9.0,0.0,0.0,2.0,122.0,3.0,3.0,6.0,1.0,61.0,6.0,0
5.0,0.0,0.0,2.0,145.0,3.0,2.0,6.0,3.0,48.333333333333336,32.0,0
14.0,0.0,0.0,0.0,131.0,3.0,5.0,6.0,1.0,65.5,25.0,0
13.0,0.0,0.0,7.0,133.0,3.0,2.0,6.0,1.0,26.6,30.0,0
18.0,0.0,0.0,7.0,292.0,2.0,2.0,5.0,1.0,146.0,6.0,0
4.0,0.0,0.0,2.0,237.0,3.0,3.0,6.0,1.0,79.0,9.0,0
6.0,0.0,0.0,2.0,129.0,4.0,2.0,7.0,1.0,64.5,11.0,0
7.0,0.0,0.0,9.0,160.0,4.0,5.0,6.0,1.0,26.666666666666668,8.0,0
10.0,0.0,0.0,2.0,139.0,4.0,5.0,6.0,1.0,69.5,6.0,0
18.0,0.0,0.0,2.0,164.0,2.0,3.0,5.0,1.0,82.0,13.0,0
0.0,0.0,0.0,0.0,200.0,3.0,3.0,6.0,1.0,100.0,16.0,1
12.0,0.0,0.0,3.0,209.0,3.0,3.0,6.0,1.0,17.416666666666668,8.0,0
2.0,0.0,0.0,5.0,123.0,3.0,2.0,5.0,1.0,61.5,14.0,0
15.0,1.0,0.5,2.0,165.0,2.0,5.0,4.0,1.0,82.5,23.0,0
2.0,0.0,0.0,2.0,169.0,3.0,2.0,5.0,3.0,84.5,26.0,0
0.0,0.0,0.0,2.0,149.0,3.0,3.0,6.0,1.0,74.5,6.0,0
15.0,1.0,0.125,8.0,126.0,4.0,5.0,6.0,1.0,15.75,14.0,0
13.0,0.0,0.0,9.0,294.0,3.0,3.0,5.0,1.0,73.5,8.0,0
24.0,0.0,0.0,0.0,127.0,3.0,2.0,6.0,1.0,63.5,6.0,0
0.0,0.0,0.0,4.0,135.0,4.0,4.0,7.0,1.0,67.5,35.0,1
5.0,0.0,0.0,3.0,128.0,2.0,4.0,5.0,1.0,64.0,13.0,0
11.0,0.0,0.0,5.0,152.0,4.0,2.0,6.0,3.0,19.0,8.0,0
9.0,0.0,0.0,4.0,122.0,4.0,5.0,6.0,1.0,61.0,8.0,0
19.0,1.0,0.125,7.0,269.0,5.0,4.0,8.0,3.0,33.625,8.0,0
0.0,0.0,0.0,0.0,135.0,3.0,3.0,6.0,1.0,67.5,8.0,1
2.0,0.0,0.0,0.0,166.0,4.0,4.0,7.0,3.0,83.0,8.0,0
4.0,0.0,0.0,8.0,156.0,4.0,2.0,7.0,1.0,19.5,29.0,0
0.0,0.0,0.0,5.0,140.0,2.0,5.0,4.0,1.0,70.0,11.0,0
18.0,1.0,0.3333333333333333,10.0,235.0,3.0,2.0,6.0,1.0,78.33333333333333,26.0,0
9.0,0.0,0.0,11.0,132.0,3.0,2.0,5.0,1.0,12.0,12.0,0
28.0,1.0,0.2,13.0,290.0,3.0,5.0,5.0,1.0,58.0,6.0,0
10.0,1.0,0.1,3.0,218.0,3.0,4.0,5.0,1.0,21.8,35.0,1
9.0,0.0,0.0,4.0,121.0,3.0,2.0,6.0,1.0,60.5,15.0,0
10.0,0.0,0.0,1.0,165.0,3.0,2.0,6.0,3.0,82.5,12.0,0
0.0,0.0,0.0,0.0,132.0,4.0,3.0,7.0,1.0,66.0,9.0,0
10.0,1.0,0.3333333333333333,2.0,236.0,3.0,2.0,3.0,1.0,78.66666666666667,6.0,0
2.0,0.0,0.0,3.0,220.0,2.0,4.0,5.0,1.0,31.428571428571427,28.0,0
11.0,1.0,0.125,7.0,156.0,2.0,5.0,4.0,3.0,19.5,13.0,0
0.0,0.0,0.0,4.0,164.0,3.0,4.0,5.0,1.0,82.0,6.0,0
23.0,0.0,0.0,6.0,291.0,3.0,4.0,6.0,1.0,145.5,10.0,0
26.0,1.0,0.5,3.0,276.0,3.0,3.0,5.0,1.0,138.0,9.0,0
15.0,0.0,0.0,6.0,149.0,3.0,3.0,5.0,3.0,12.416666666666666,6.0,0
2.0,0.0,0.0,9.0,146.0,3.0,2.0,5.0,3.0,73.0,8.0,0
28.0,1.0,0.5,8.0,154.0,3.0,2.0,5.0,1.0,77.0,26.0,0
0.0,1.0,0.25,3.0,147.0,3.0,5.0,5.0,1.0,36.75,17.0,0
9.0,0.0,0.0,7.0,121.0,3.0,2.0,5.0,1.0,20.166666666666668,6.0,0
7.0,1.0,0.5,0.0,132.0,3.0,3.0,6.0,1.0,66.0,30.0,1
11.0,0.0,0.0,2.0,157.0,3.0,2.0,5.0,1.0,78.5,29.0,0
0.0,1.0,0.5,2.0,124.0,3.0,4.0,5.0,1.0,62.0,14.0,1
1.0,0.0,0.0,2.0,133.0,3.0,2.0,6.0,1.0,66.5,14.0,0
22.0,1.0,0.5,2.0,287.0,3.0,5.0,5.0,1.0,143.5,16.0,0
9.0,0.0,0.0,7.0,145.0,3.0,4.0,4.0,1.0,18.125,9.0,0
4.0,0.0,0.0,2.0,128.0,3.0,4.0,6.0,3.0,42.666666666666664,11.0,0
0.0,1.0,0.125,4.0,158.0,4.0,2.0,6.0,3.0,19.75,10.0,1
10.0,1.0,0.5,2.0,123.0,3.0,2.0,5.0,1.0,61.5,14.0,0
15.0,0.0,0.0,8.0,235.0,3.0,4.0,6.0,3.0,78.33333333333333,32.0,0
9.0,0.0,0.0,0.0,114.0,3.0,3.0,5.0,1.0,57.0,9.0,1
8.0,0.0,0.0,9.0,180.0,3.0,4.0,6.0,3.0,25.714285714285715,22.0,0
9.0,0.0,0.0,0.0,137.0,2.0,2.0,4.0,1.0,68.5,24.0,0
24.0,0.0,0.0,2.0,155.0,5.0,4.0,7.0,1.0,77.5,8.0,0
14.0,0.0,0.0,4.0,260.0,3.0,4.0,5.0,3.0,86.66666666666667,8.0,0
0.0,0.0,0.0,0.0,112.0,4.0,3.0,7.0,3.0,56.0,16.0,0
1.0,0.0,0.0,7.0,157.0,2.0,5.0,5.0,1.0,78.5,22.0,0
4.0,0.0,0.0,7.0,169.0,2.0,2.0,5.0,3.0,21.125,13.0,0
12.0,0.0,0.0,7.0,196.0,2.0,2.0,4.0,1.0,49.0,6.0,0
9.0,0.0,0.0,8.0,157.0,3.0,4.0,5.0,1.0,78.5,30.0,0
5.0,0.0,0.0,8.0,155.0,4.0,3.0,7.0,3.0,31.0,13.0,0
11.0,0.0,0.0,3.0,221.0,4.0,4.0,6.0,1.0,110.5,31.0,0
30.0,1.0,0.5,2.0,157.0,5.0,3.0,7.0,1.0,78.5,6.0,0
4.0,1.0,0.5,3.0,148.0,3.0,2.0,5.0,1.0,74.0,11.0,0
4.0,0.0,0.0,0.0,164.0,4.0,5.0,7.0,2.0,82.0,8.0,0
18.0,0.0,0.0,11.0,152.0,3.0,5.0,6.0,1.0,15.2,13.0,0
4.0,1.0,0.3333333333333333,2.0,127.0,3.0,2.0,6.0,1.0,42.333333333333336,8.0,0
6.0,0.0,0.0,3.0,219.0,3.0,4.0,6.0,1.0,24.333333333333332,11.0,0
12.0,1.0,0.08333333333333333,10.0,271.0,3.0,5.0,5.0,1.0,22.583333333333332,16.0,0
16.0,0.0,0.0,7.0,125.0,3.0,2.0,5.0,1.0,62.5,14.0,0
22.0,1.0,0.3333333333333333,7.0,240.0,4.0,3.0,6.0,1.0,80.0,6.0,0
15.0,0.0,0.0,7.0,149.0,4.0,4.0,6.0,1.0,18.625,14.0,1
0.0,1.0,0.5,2.0,125.0,3.0,4.0,5.0,1.0,62.5,14.0,0
5.0,1.0,0.08333333333333333,9.0,152.0,4.0,4.0,7.0,3.0,12.666666666666666,14.0,0
0.0,1.0,0.5,4.0,145.0,3.0,3.0,6.0,3.0,72.5,8.0,0
4.0,0.0,0.0,7.0,175.0,3.0,2.0,6.0,3.0,87.5,13.0,0
5.0,0.0,0.0,7.0,151.0,2.0,2.0,5.0,1.0,75.5,8.0,0
0.0,1.0,0.3333333333333333,2.0,135.0,5.0,2.0,7.0,1.0,45.0,8.0,1
3.0,0.0,0.0,9.0,158.0,3.0,2.0,6.0,1.0,79.0,34.0,0
4.0,0.0,0.0,9.0,189.0,4.0,3.0,6.0,1.0,21.0,13.0,0
12.0,0.0,0.0,3.0,293.0,4.0,2.0,6.0,1.0,20.928571428571427,5.0,0
2.0,1.0,0.5,0.0,152.0,3.0,3.0,5.0,3.0,76.0,9.0,1
6.0,0.0,0.0,1.0,147.0,4.0,2.0,6.0,3.0,73.5,16.0,0
20.0,0.0,0.0,1.0,283.0,3.0,3.0,5.0,1.0,141.5,11.0,0
16.0,0.0,0.0,0.0,153.0,4.0,3.0,6.0,1.0,76.5,16.0,0
0.0,1.0,0.5,4.0,163.0,3.0,4.0,6.0,3.0,81.5,6.0,0
27.0,0.0,0.0,3.0,149.0,3.0,3.0,5.0,1.0,74.5,26.0,0
16.0,0.0,0.0,0.0,200.0,3.0,5.0,5.0,1.0,100.0,13.0,0
18.0,0.0,0.0,8.0,137.0,3.0,2.0,6.0,1.0,13.7,14.0,0
13.0,1.0,0.5,2.0,175.0,5.0,2.0,7.0,3.0,87.5,6.0,0
9.0,1.0,0.5,7.0,121.0,5.0,5.0,8.0,1.0,60.5,14.0,1
2.0,0.0,0.0,2.0,140.0,4.0,2.0,5.0,1.0,46.666666666666664,15.0,0
3.0,0.0,0.0,2.0,161.0,4.0,3.0,5.0,3.0,80.5,11.0,0
0.0,0.0,0.0,7.0,162.0,3.0,4.0,5.0,3.0,81.0,14.0,0
10.0,0.0,0.0,4.0,163.0,3.0,2.0,6.0,1.0,81.5,11.0,0
11.0,1.0,0.3333333333333333,3.0,215.0,4.0,2.0,7.0,1.0,71.66666666666667,21.0,0
4.0,1.0,0.2,10.0,171.0,3.0,2.0,5.0,1.0,34.2,13.0,0
2.0,1.0,0.5,7.0,183.0,4.0,4.0,6.0,3.0,91.5,16.0,0
8.0,0.0,0.0,13.0,181.0,3.0,4.0,6.0,1.0,90.5,11.0,0
0.0,0.0,0.0,2.0,129.0,3.0,2.0,6.0,1.0,64.5,32.0,0
14.0,1.0,0.5,2.0,160.0,4.0,4.0,7.0,1.0,80.0,12.0,0
20.0,0.0,0.0,0.0,130.0,3.0,3.0,6.0,3.0,65.0,10.0,0
15.0,0.0,0.0,0.0,260.0,3.0,2.0,5.0,1.0,86.66666666666667,29.0,0
2.0,0.0,0.0,2.0,146.0,3.0,3.0,6.0,3.0,73.0,8.0,0
15.0,1.0,0.5,0.0,127.0,3.0,3.0,6.0,2.0,63.5,8.0,0
5.0,0.0,0.0,7.0,124.0,3.0,4.0,6.0,1.0,62.0,14.0,0
21.0,0.0,0.0,3.0,225.0,3.0,3.0,6.0,3.0,112.5,35.0,0
10.0,1.0,0.14285714285714285,7.0,160.0,2.0,5.0,4.0,1.0,22.857142857142858,12.0,0
3.0,1.0,0.3333333333333333,2.0,147.0,3.0,3.0,5.0,3.0,49.0,31.0,0
0.0,0.0,0.0,7.0,153.0,3.0,3.0,5.0,3.0,19.125,6.0,0
15.0,0.0,0.0,0.0,168.0,4.0,2.0,7.0,1.0,84.0,8.0,0
9.0,1.0,0.5,2.0,122.0,4.0,4.0,6.0,3.0,61.0,6.0,1
9.0,0.0,0.0,0.0,167.0,3.0,2.0,5.0,3.0,83.5,6.0,0
9.0,0.0,0.0,12.0,197.0,4.0,2.0,6.0,3.0,98.5,9.0,0
30.0,0.0,0.0,2.0,168.0,3.0,3.0,5.0,1.0,84.0,6.0,0
9.0,1.0,0.5,7.0,122.0,2.0,3.0,4.0,1.0,61.0,16.0,0
0.0,0.0,0.0,2.0,126.0,3.0,2.0,5.0,3.0,42.0,14.0,0
0.0,1.0,0.5,0.0,129.0,3.0,3.0,6.0,3.0,64.5,11.0,1
10.0,0.0,0.0,3.0,135.0,3.0,5.0,6.0,1.0,67.5,16.0,0
19.0,0.0,0.0,0.0,153.0,3.0,3.0,4.0,1.0,76.5,13.0,0
4.0,0.0,0.0,7.0,194.0,3.0,4.0,5.0,3.0,24.25,10.0,1
23.0,0.0,0.0,3.0,205.0,4.0,2.0,7.0,1.0,102.5,16.0,0
3.0,1.0,0.5,0.0,164.0,4.0,3.0,7.0,3.0,82.0,28.0,1
4.0,1.0,0.3333333333333333,2.0,127.0,4.0,4.0,6.0,1.0,42.333333333333336,14.0,0
0.0,0.0,0.0,0.0,127.0,2.0,4.0,5.0,3.0,63.5,18.0,1
9.0,0.0,0.0,2.0,122.0,3.0,2.0,5.0,1.0,61.0,29.0,0
8.0,0.0,0.0,0.0,165.0,4.0,4.0,7.0,1.0,82.5,15.0,0
0.0,0.0,0.0,4.0,138.0,3.0,4.0,5.0,1.0,69.0,6.0,0
1.0,0.0,0.0,7.0,153.0,3.0,2.0,6.0,3.0,76.5,15.0,0
22.0,0.0,0.0,0.0,145.0,4.0,3.0,6.0,1.0,72.5,13.0,0
24.0,0.0,0.0,7.0,149.0,3.0,2.0,5.0,3.0,74.5,20.0,0
9.0,0.0,0.0,2.0,125.0,3.0,3.0,6.0,1.0,41.666666666666664,14.0,0
0.0,1.0,0.5,4.0,153.0,2.0,2.0,5.0,3.0,76.5,25.0,1
28.0,1.0,0.5,2.0,267.0,3.0,2.0,6.0,1.0,133.5,8.0,0
0.0,1.0,0.5,3.0,143.0,3.0,3.0,6.0,3.0,71.5,16.0,0
3.0,0.0,0.0,0.0,125.0,3.0,4.0,6.0,3.0,62.5,14.0,0
0.0,0.0,0.0,4.0,131.0,3.0,5.0,6.0,1.0,65.5,9.0,1
9.0,0.0,0.0,2.0,122.0,3.0,4.0,5.0,1.0,61.0,17.0,0
9.0,0.0,0.0,0.0,176.0,4.0,3.0,7.0,3.0,17.6,8.0,0
9.0,1.0,0.5,0.0,123.0,3.0,2.0,5.0,1.0,61.5,10.0,1
10.0,0.0,0.0,17.0,130.0,3.0,5.0,6.0,1.0,10.0,20.0,0
13.0,0.0,0.0,3.0,157.0,3.0,4.0,5.0,3.0,78.5,8.0,0
15.0,0.0,0.0,2.0,126.0,3.0,5.0,6.0,1.0,63.0,14.0,0
10.0,1.0,0.5,1.0,142.0,3.0,4.0,5.0,1.0,71.0,16.0,0
16.0,0.0,0.0,9.0,243.0,4.0,4.0,6.0,1.0,81.0,18.0,0
13.0,0.0,0.0,0.0,134.0,4.0,3.0,7.0,1.0,67.0,8.0,0
27.0,0.0,0.0,2.0,294.0,3.0,5.0,5.0,1.0,147.0,11.0,0
7.0,0.0,0.0,2.0,165.0,3.0,3.0,6.0,3.0,82.5,10.0,0
4.0,0.0,0.0,12.0,143.0,3.0,5.0,5.0,1.0,35.75,13.0,0
9.0,0.0,0.0,2.0,123.0,3.0,2.0,6.0,1.0,61.5,27.0,0
16.0,1.0,0.5,2.0,145.0,3.0,3.0,6.0,1.0,72.5,14.0,0
0.0,1.0,0.5,3.0,145.0,4.0,2.0,6.0,3.0,72.5,10.0,0
10.0,1.0,0.09090909090909091,7.0,144.0,3.0,3.0,6.0,1.0,13.090909090909092,31.0,0
9.0,0.0,0.0,2.0,122.0,4.0,5.0,7.0,1.0,30.5,6.0,0
12.0,1.0,0.5,6.0,292.0,3.0,3.0,5.0,1.0,146.0,6.0,0
29.0,0.0,0.0,7.0,232.0,2.0,5.0,4.0,3.0,77.33333333333333,12.0,0
3.0,0.0,0.0,4.0,166.0,3.0,3.0,5.0,3.0,33.2,18.0,0
14.0,0.0,0.0,7.0,184.0,2.0,5.0,4.0,3.0,92.0,6.0,0
1.0,0.0,0.0,8.0,146.0,3.0,5.0,6.0,1.0,73.0,23.0,0
0.0,0.0,0.0,2.0,140.0,3.0,5.0,6.0,1.0,70.0,9.0,1
25.0,1.0,0.5,4.0,180.0,4.0,3.0,6.0,1.0,90.0,9.0,0
18.0,0.0,0.0,2.0,127.0,3.0,2.0,6.0,1.0,63.5,14.0,0
25.0,0.0,0.0,4.0,266.0,3.0,2.0,4.0,1.0,133.0,10.0,0
15.0,0.0,0.0,2.0,146.0,3.0,3.0,6.0,1.0,73.0,35.0,0
3.0,0.0,0.0,2.0,161.0,5.0,2.0,7.0,1.0,80.5,8.0,0
30.0,0.0,0.0,10.0,296.0,3.0,5.0,5.0,1.0,24.666666666666668,13.0,0
19.0,0.0,0.0,8.0,148.0,3.0,3.0,5.0,1.0,74.0,24.0,0
15.0,0.0,0.0,4.0,145.0,4.0,2.0,6.0,1.0,72.5,34.0,0
0.0,1.0,0.5,4.0,132.0,3.0,4.0,6.0,3.0,66.0,6.0,1
0.0,0.0,0.0,0.0,124.0,5.0,3.0,7.0,3.0,62.0,14.0,1
9.0,1.0,0.5,0.0,117.0,3.0,2.0,5.0,1.0,58.5,8.0,0
13.0,0.0,0.0,12.0,280.0,3.0,3.0,6.0,3.0,140.0,8.0,0
0.0,0.0,0.0,2.0,129.0,3.0,2.0,6.0,1.0,64.5,29.0,0
9.0,0.0,0.0,4.0,121.0,3.0,2.0,5.0,1.0,60.5,9.0,0
2.0,0.0,0.0,3.0,219.0,4.0,3.0,7.0,1.0,109.5,9.0,0
0.0,0.0,0.0,1.0,125.0,4.0,4.0,7.0,1.0,62.5,14.0,1
0.0,0.0,0.0,0.0,126.0,4.0,2.0,6.0,2.0,63.0,14.0,1
3.0,0.0,0.0,8.0,184.0,3.0,5.0,6.0,3.0,23.0,28.0,0
30.0,0.0,0.0,0.0,241.0,4.0,2.0,6.0,3.0,80.33333333333333,35.0,0
23.0,0.0,0.0,7.0,270.0,4.0,3.0,6.0,1.0,16.875,35.0,0
3.0,0.0,0.0,7.0,126.0,3.0,2.0,5.0,1.0,18.0,14.0,0
30.0,0.0,0.0,11.0,203.0,4.0,5.0,7.0,3.0,14.5,34.0,0
20.0,0.0,0.0,4.0,151.0,3.0,2.0,6.0,1.0,75.5,8.0,0
19.0,0.0,0.0,1.0,279.0,3.0,3.0,5.0,1.0,139.5,8.0,0
8.0,0.0,0.0,3.0,142.0,5.0,3.0,7.0,1.0,28.4,28.0,0
27.0,0.0,0.0,0.0,138.0,3.0,3.0,5.0,1.0,69.0,14.0,0
7.0,0.0,0.0,7.0,128.0,4.0,3.0,7.0,1.0,21.333333333333332,8.0,0
19.0,1.0,0.5,2.0,191.0,4.0,2.0,7.0,3.0,95.5,16.0,0
4.0,0.0,0.0,8.0,206.0,3.0,4.0,5.0,1.0,103.0,15.0,0
0.0,1.0,0.3333333333333333,7.0,236.0,3.0,3.0,5.0,1.0,78.66666666666667,21.0,1
0.0,0.0,0.0,3.0,134.0,5.0,2.0,7.0,1.0,67.0,16.0,1
3.0,0.0,0.0,2.0,130.0,3.0,4.0,6.0,3.0,65.0,13.0,0
8.0,1.0,0.5,0.0,176.0,3.0,3.0,6.0,1.0,88.0,22.0,0
0.0,0.0,0.0,0.0,198.0,3.0,3.0,6.0,1.0,99.0,26.0,1
0.0,1.0,0.5,2.0,200.0,3.0,5.0,5.0,2.0,100.0,29.0,1
9.0,0.0,0.0,0.0,121.0,3.0,3.0,6.0,1.0,40.333333333333336,11.0,0
9.0,0.0,0.0,7.0,200.0,3.0,2.0,5.0,3.0,20.0,16.0,0
0.0,0.0,0.0,2.0,139.0,4.0,3.0,6.0,1.0,69.5,10.0,1
21.0,0.0,0.0,7.0,141.0,3.0,2.0,5.0,3.0,20.142857142857142,8.0,0
28.0,0.0,0.0,7.0,268.0,3.0,4.0,5.0,3.0,33.5,24.0,0
14.0,0.0,0.0,10.0,162.0,3.0,2.0,5.0,3.0,81.0,16.0,0
8.0,0.0,0.0,9.0,147.0,3.0,3.0,5.0,3.0,21.0,6.0,0
13.0,0.0,0.0,13.0,232.0,3.0,3.0,6.0,1.0,77.33333333333333,12.0,0
12.0,0.0,0.0,7.0,138.0,3.0,3.0,5.0,1.0,69.0,14.0,0
4.0,1.0,0.5,5.0,166.0,3.0,2.0,6.0,3.0,83.0,8.0,0
15.0,1.0,0.16666666666666666,8.0,174.0,3.0,5.0,5.0,1.0,29.0,30.0,0
18.0,0.0,0.0,7.0,148.0,3.0,4.0,6.0,3.0,37.0,8.0,0
0.0,1.0,0.5,0.0,127.0,3.0,3.0,6.0,2.0,63.5,23.0,1
2.0,0.0,0.0,2.0,143.0,3.0,2.0,5.0,1.0,71.5,25.0,0
6.0,0.0,0.0,5.0,262.0,2.0,3.0,5.0,1.0,131.0,6.0,0
0.0,0.0,0.0,3.0,216.0,4.0,2.0,6.0,3.0,108.0,13.0,0
9.0,1.0,0.5,0.0,119.0,3.0,4.0,6.0,3.0,59.5,11.0,1
13.0,0.0,0.0,3.0,209.0,5.0,5.0,7.0,3.0,104.5,34.0,0
14.0,1.0,0.5,7.0,168.0,4.0,3.0,7.0,1.0,84.0,8.0,0
0.0,0.0,0.0,0.0,143.0,3.0,3.0,5.0,3.0,71.5,35.0,0
8.0,0.0,0.0,3.0,149.0,3.0,3.0,6.0,3.0,74.5,6.0,0
7.0,0.0,0.0,7.0,153.0,2.0,2.0,5.0,3.0,25.5,27.0,0
0.0,1.0,0.5,0.0,123.0,5.0,2.0,8.0,1.0,61.5,14.0,1
10.0,0.0,0.0,2.0,175.0,3.0,2.0,5.0,1.0,87.5,6.0,0
19.0,0.0,0.0,2.0,205.0,3.0,3.0,5.0,1.0,102.5,24.0,0
14.0,0.0,0.0,8.0,266.0,3.0,5.0,6.0,3.0,22.166666666666668,8.0,0
10.0,0.0,0.0,7.0,188.0,3.0,4.0,6.0,3.0,23.5,15.0,0
25.0,1.0,0.14285714285714285,9.0,156.0,3.0,5.0,6.0,1.0,22.285714285714285,12.0,0
0.0,0.0,0.0,2.0,147.0,2.0,3.0,4.0,3.0,73.5,17.0,1
0.0,0.0,0.0,1.0,124.0,3.0,2.0,5.0,3.0,41.333333333333336,14.0,0
11.0,0.0,0.0,0.0,198.0,3.0,3.0,6.0,1.0,99.0,16.0,0
10.0,0.0,0.0,3.0,164.0,3.0,4.0,6.0,1.0,32.8,6.0,0
22.0,1.0,0.5,9.0,295.0,4.0,3.0,6.0,1.0,147.5,24.0,0
0.0,1.0,0.5,4.0,127.0,2.0,2.0,5.0,1.0,63.5,29.0,0
0.0,0.0,0.0,4.0,163.0,3.0,4.0,6.0,3.0,81.5,34.0,0
9.0,0.0,0.0,0.0,121.0,4.0,4.0,7.0,1.0,60.5,23.0,0
23.0,0.0,0.0,7.0,282.0,3.0,4.0,5.0,2.0,25.636363636363637,9.0,0
9.0,0.0,0.0,6.0,121.0,3.0,3.0,5.0,3.0,60.5,19.0,0
0.0,1.0,0.5,2.0,129.0,3.0,3.0,6.0,1.0,64.5,13.0,1
9.0,0.0,0.0,0.0,120.0,4.0,5.0,7.0,3.0,60.0,18.0,1
7.0,1.0,0.5,3.0,136.0,4.0,2.0,6.0,1.0,68.0,6.0,0
0.0,0.0,0.0,2.0,142.0,3.0,5.0,5.0,3.0,71.0,19.0,1
8.0,0.0,0.0,2.0,137.0,4.0,2.0,6.0,1.0,68.5,31.0,0
4.0,0.0,0.0,7.0,155.0,2.0,2.0,5.0,3.0,25.833333333333332,12.0,0
9.0,0.0,0.0,3.0,122.0,4.0,3.0,7.0,1.0,61.0,12.0,0
10.0,1.0,0.5,0.0,196.0,3.0,3.0,6.0,3.0,98.0,8.0,0
0.0,0.0,0.0,0.0,128.0,4.0,4.0,7.0,1.0,64.0,6.0,0
15.0,0.0,0.0,2.0,141.0,3.0,2.0,5.0,1.0,47.0,8.0,0
16.0,1.0,0.5,0.0,266.0,4.0,2.0,6.0,1.0,133.0,12.0,0
11.0,0.0,0.0,0.0,126.0,3.0,5.0,5.0,1.0,63.0,14.0,0
16.0,1.0,0.2,7.0,157.0,3.0,3.0,6.0,1.0,31.4,15.0,0
21.0,0.0,0.0,2.0,254.0,4.0,5.0,6.0,1.0,84.66666666666667,6.0,0
17.0,0.0,0.0,2.0,160.0,4.0,3.0,6.0,2.0,80.0,6.0,0
7.0,1.0,0.5,6.0,126.0,3.0,3.0,5.0,3.0,63.0,14.0,0
0.0,0.0,0.0,2.0,130.0,3.0,5.0,6.0,3.0,65.0,8.0,1
0.0,0.0,0.0,2.0,134.0,3.0,3.0,5.0,3.0,67.0,28.0,0
17.0,1.0,0.5,1.0,295.0,3.0,2.0,5.0,1.0,147.5,9.0,0
0.0,0.0,0.0,2.0,128.0,3.0,3.0,6.0,1.0,42.666666666666664,12.0,0
6.0,0.0,0.0,2.0,171.0,3.0,3.0,5.0,3.0,85.5,14.0,0
5.0,1.0,0.5,5.0,163.0,3.0,2.0,6.0,1.0,81.5,15.0,0
9.0,0.0,0.0,0.0,121.0,3.0,3.0,6.0,1.0,60.5,9.0,0
26.0,0.0,0.0,10.0,184.0,3.0,5.0,5.0,3.0,20.444444444444443,6.0,0
7.0,0.0,0.0,8.0,127.0,3.0,2.0,6.0,1.0,14.11111111111111,6.0,0
8.0,0.0,0.0,0.0,143.0,3.0,5.0,6.0,3.0,71.5,32.0,1
0.0,1.0,0.5,2.0,127.0,3.0,2.0,6.0,1.0,63.5,12.0,0
10.0,0.0,0.0,8.0,194.0,3.0,3.0,5.0,1.0,24.25,9.0,0
2.0,0.0,0.0,2.0,156.0,3.0,3.0,6.0,3.0,78.0,9.0,0
8.0,0.0,0.0,8.0,166.0,5.0,2.0,7.0,1.0,13.833333333333334,12.0,0
6.0,0.0,0.0,7.0,177.0,3.0,2.0,4.0,1.0,35.4,12.0,0
27.0,0.0,0.0,1.0,207.0,3.0,4.0,5.0,2.0,25.875,25.0,0
9.0,1.0,0.5,2.0,188.0,4.0,4.0,6.0,1.0,94.0,15.0,0
9.0,0.0,0.0,1.0,120.0,4.0,2.0,6.0,1.0,60.0,9.0,0
0.0,1.0,0.5,1.0,110.0,3.0,3.0,5.0,1.0,55.0,16.0,1
0.0,1.0,0.1,7.0,133.0,3.0,5.0,6.0,1.0,13.3,9.0,1
9.0,0.0,0.0,0.0,113.0,4.0,3.0,6.0,1.0,56.5,9.0,0
0.0,0.0,0.0,2.0,128.0,2.0,5.0,5.0,1.0,64.0,10.0,0
0.0,0.0,0.0,2.0,149.0,2.0,4.0,4.0,3.0,74.5,14.0,0
11.0,0.0,0.0,5.0,140.0,4.0,2.0,6.0,3.0,70.0,13.0,0
2.0,0.0,0.0,8.0,127.0,5.0,2.0,8.0,1.0,42.333333333333336,6.0,0
21.0,0.0,0.0,2.0,181.0,2.0,4.0,4.0,3.0,60.333333333333336,8.0,0
0.0,1.0,0.5,4.0,146.0,2.0,2.0,5.0,3.0,73.0,9.0,0
10.0,0.0,0.0,0.0,147.0,2.0,2.0,5.0,1.0,73.5,16.0,0
23.0,1.0,0.25,8.0,132.0,2.0,3.0,5.0,1.0,33.0,34.0,0
7.0,0.0,0.0,7.0,186.0,4.0,4.0,6.0,1.0,23.25,15.0,0
0.0,0.0,0.0,0.0,146.0,3.0,3.0,6.0,3.0,48.666666666666664,9.0,1
12.0,0.0,0.0,10.0,146.0,4.0,3.0,7.0,1.0,12.166666666666666,8.0,0
5.0,0.0,0.0,8.0,154.0,3.0,2.0,5.0,3.0,77.0,16.0,0
13.0,1.0,0.5,3.0,168.0,3.0,3.0,5.0,3.0,84.0,14.0,1
11.0,0.0,0.0,8.0,176.0,2.0,2.0,4.0,1.0,88.0,6.0,0
0.0,0.0,0.0,7.0,174.0,3.0,5.0,6.0,1.0,87.0,6.0,0
5.0,0.0,0.0,3.0,212.0,3.0,2.0,5.0,1.0,26.5,9.0,0
20.0,0.0,0.0,7.0,150.0,3.0,5.0,5.0,3.0,75.0,20.0,0
13.0,1.0,0.5,12.0,205.0,4.0,5.0,6.0,3.0,102.5,11.0,0
26.0,0.0,0.0,3.0,248.0,2.0,3.0,4.0,1.0,82.66666666666667,13.0,0
14.0,0.0,0.0,6.0,291.0,4.0,2.0,7.0,2.0,22.384615384615383,16.0,0
30.0,0.0,0.0,2.0,154.0,3.0,5.0,5.0,3.0,51.333333333333336,22.0,0
0.0,0.0,0.0,7.0,188.0,3.0,5.0,5.0,1.0,94.0,16.0,0
14.0,0.0,0.0,10.0,292.0,4.0,3.0,6.0,2.0,97.33333333333333,6.0,0
23.0,0.0,0.0,2.0,139.0,3.0,4.0,5.0,3.0,46.333333333333336,14.0,0
9.0,1.0,0.25,7.0,122.0,5.0,4.0,8.0,1.0,30.5,6.0,1
9.0,0.0,0.0,3.0,217.0,2.0,5.0,5.0,1.0,108.5,14.0,0
11.0,1.0,0.5,0.0,179.0,3.0,3.0,5.0,1.0,89.5,6.0,0
17.0,0.0,0.0,4.0,137.0,5.0,3.0,7.0,1.0,68.5,30.0,0
20.0,1.0,0.3333333333333333,13.0,238.0,3.0,3.0,5.0,3.0,79.33333333333333,9.0,0
3.0,0.0,0.0,7.0,153.0,3.0,2.0,5.0,3.0,19.125,33.0,0
2.0,0.0,0.0,0.0,126.0,3.0,3.0,5.0,3.0,63.0,14.0,0
5.0,1.0,0.3333333333333333,2.0,128.0,2.0,3.0,5.0,1.0,42.666666666666664,25.0,1
16.0,0.0,0.0,2.0,168.0,4.0,2.0,6.0,3.0,56.0,21.0,0
7.0,0.0,0.0,3.0,161.0,3.0,3.0,6.0,1.0,32.2,14.0,0
0.0,0.0,0.0,2.0,125.0,3.0,5.0,5.0,1.0,62.5,14.0,0
12.0,0.0,0.0,6.0,164.0,2.0,4.0,4.0,2.0,41.0,9.0,0
29.0,0.0,0.0,3.0,211.0,3.0,2.0,5.0,1.0,105.5,15.0,0
13.0,1.0,0.3333333333333333,3.0,123.0,4.0,2.0,6.0,1.0,41.0,14.0,0
0.0,0.0,0.0,7.0,168.0,4.0,5.0,6.0,1.0,84.0,13.0,0
9.0,0.0,0.0,2.0,123.0,3.0,4.0,5.0,3.0,41.0,16.0,0
26.0,0.0,0.0,2.0,125.0,3.0,2.0,5.0,1.0,41.666666666666664,14.0,0
8.0,0.0,0.0,0.0,151.0,3.0,5.0,6.0,1.0,75.5,8.0,0
5.0,0.0,0.0,7.0,153.0,3.0,2.0,6.0,1.0,30.6,30.0,0
11.0,1.0,0.5,1.0,131.0,3.0,3.0,6.0,1.0,65.5,8.0,0
7.0,0.0,0.0,0.0,151.0,3.0,5.0,5.0,1.0,75.5,14.0,0
25.0,0.0,0.0,16.0,269.0,4.0,5.0,6.0,3.0,134.5,9.0,0
0.0,1.0,0.125,8.0,127.0,3.0,2.0,6.0,1.0,15.875,6.0,1
0.0,0.0,0.0,4.0,162.0,3.0,2.0,5.0,3.0,81.0,32.0,0
18.0,0.0,0.0,1.0,166.0,5.0,3.0,7.0,3.0,41.5,8.0,0
0.0,0.0,0.0,2.0,135.0,2.0,3.0,5.0,1.0,67.5,16.0,0
10.0,1.0,0.5,3.0,164.0,1.0,3.0,4.0,3.0,82.0,33.0,1
7.0,0.0,0.0,4.0,163.0,3.0,2.0,5.0,3.0,81.5,8.0,0
18.0,1.0,0.5,4.0,299.0,3.0,5.0,6.0,1.0,149.5,8.0,1
9.0,0.0,0.0,9.0,176.0,4.0,5.0,7.0,3.0,88.0,14.0,0
25.0,0.0,0.0,2.0,143.0,3.0,2.0,5.0,1.0,71.5,25.0,0
0.0,0.0,0.0,0.0,144.0,5.0,2.0,8.0,1.0,48.0,6.0,0
2.0,0.0,0.0,1.0,143.0,3.0,3.0,6.0,1.0,71.5,33.0,0
0.0,0.0,0.0,2.0,153.0,4.0,5.0,6.0,3.0,76.5,14.0,1
7.0,0.0,0.0,3.0,133.0,1.0,2.0,4.0,1.0,66.5,6.0,0
27.0,1.0,0.5,4.0,155.0,3.0,5.0,6.0,1.0,77.5,25.0,0
2.0,0.0,0.0,1.0,143.0,3.0,2.0,5.0,3.0,71.5,5.0,0
10.0,1.0,0.2,3.0,128.0,3.0,5.0,6.0,1.0,25.6,16.0,0
11.0,1.0,0.2,12.0,160.0,1.0,5.0,4.0,1.0,32.0,8.0,0
7.0,0.0,0.0,3.0,144.0,4.0,5.0,6.0,1.0,72.0,8.0,0
8.0,0.0,0.0,2.0,126.0,3.0,2.0,6.0,3.0,63.0,14.0,0
3.0,0.0,0.0,2.0,138.0,5.0,3.0,7.0,1.0,69.0,6.0,0
13.0,0.0,0.0,7.0,142.0,1.0,4.0,3.0,1.0,35.5,8.0,0
7.0,0.0,0.0,2.0,165.0,3.0,5.0,6.0,3.0,82.5,14.0,0
15.0,0.0,0.0,9.0,284.0,3.0,2.0,6.0,1.0,18.933333333333334,14.0,0
9.0,1.0,0.5,0.0,116.0,1.0,5.0,4.0,1.0,58.0,12.0,1
0.0,0.0,0.0,0.0,127.0,4.0,4.0,7.0,1.0,63.5,15.0,0
25.0,0.0,0.0,4.0,131.0,3.0,3.0,6.0,1.0,65.5,17.0,0
23.0,0.0,0.0,3.0,276.0,3.0,3.0,6.0,1.0,138.0,8.0,0
0.0,1.0,0.5,0.0,123.0,4.0,5.0,6.0,1.0,61.5,14.0,1
6.0,0.0,0.0,3.0,217.0,3.0,3.0,5.0,1.0,54.25,13.0,0
0.0,0.0,0.0,2.0,153.0,3.0,5.0,6.0,3.0,76.5,22.0,1
20.0,1.0,0.25,0.0,268.0,3.0,2.0,5.0,1.0,67.0,8.0,0
9.0,0.0,0.0,5.0,152.0,3.0,4.0,5.0,1.0,76.0,6.0,0
2.0,0.0,0.0,7.0,127.0,1.0,3.0,4.0,1.0,63.5,29.0,0
20.0,1.0,0.07142857142857142,8.0,292.0,3.0,4.0,5.0,1.0,20.857142857142858,8.0,1
8.0,0.0,0.0,2.0,125.0,1.0,3.0,3.0,1.0,41.666666666666664,14.0,0
15.0,1.0,0.5,2.0,161.0,4.0,2.0,6.0,1.0,80.5,6.0,0
0.0,0.0,0.0,1.0,144.0,3.0,3.0,5.0,1.0,48.0,8.0,1
9.0,0.0,0.0,4.0,121.0,3.0,4.0,5.0,2.0,60.5,19.0,0
5.0,0.0,0.0,8.0,162.0,4.0,3.0,7.0,1.0,23.142857142857142,10.0,0
13.0,0.0,0.0,0.0,151.0,4.0,3.0,6.0,1.0,75.5,22.0,0
3.0,1.0,0.5,0.0,169.0,4.0,2.0,6.0,1.0,84.5,8.0,0
9.0,0.0,0.0,0.0,123.0,4.0,3.0,7.0,1.0,61.5,8.0,0
15.0,0.0,0.0,8.0,144.0,3.0,4.0,6.0,1.0,18.0,35.0,0
11.0,0.0,0.0,2.0,163.0,4.0,5.0,6.0,1.0,81.5,18.0,0
7.0,0.0,0.0,3.0,126.0,4.0,2.0,7.0,1.0,63.0,14.0,0
12.0,0.0,0.0,7.0,177.0,3.0,2.0,5.0,3.0,22.125,17.0,1
18.0,0.0,0.0,3.0,152.0,3.0,2.0,5.0,3.0,19.0,8.0,1
16.0,0.0,0.0,0.0,272.0,3.0,5.0,6.0,1.0,136.0,20.0,0
0.0,1.0,0.5,3.0,228.0,4.0,2.0,6.0,1.0,114.0,11.0,0
8.0,0.0,0.0,6.0,202.0,3.0,3.0,5.0,1.0,101.0,13.0,0
1.0,1.0,0.125,5.0,148.0,3.0,4.0,5.0,3.0,18.5,8.0,0
7.0,0.0,0.0,2.0,137.0,3.0,2.0,5.0,2.0,68.5,9.0,0
0.0,1.0,0.5,7.0,124.0,4.0,3.0,6.0,1.0,62.0,14.0,1
9.0,0.0,0.0,0.0,117.0,3.0,2.0,5.0,1.0,58.5,9.0,0
24.0,0.0,0.0,17.0,263.0,3.0,3.0,6.0,3.0,52.6,32.0,0
17.0,0.0,0.0,3.0,159.0,3.0,4.0,5.0,1.0,53.0,10.0,0
0.0,0.0,0.0,1.0,134.0,1.0,5.0,4.0,1.0,67.0,8.0,0
6.0,0.0,0.0,8.0,140.0,1.0,5.0,3.0,3.0,70.0,6.0,0
8.0,0.0,0.0,1.0,126.0,4.0,5.0,6.0,1.0,63.0,14.0,0
9.0,1.0,0.2,11.0,162.0,3.0,2.0,5.0,3.0,32.4,6.0,0
5.0,0.0,0.0,3.0,144.0,3.0,2.0,6.0,3.0,72.0,19.0,0
3.0,0.0,0.0,3.0,138.0,4.0,2.0,7.0,1.0,69.0,11.0,0
26.0,1.0,0.5,3.0,209.0,4.0,2.0,7.0,3.0,104.5,13.0,0
18.0,1.0,0.5,2.0,208.0,3.0,5.0,6.0,3.0,104.0,15.0,0
5.0,0.0,0.0,3.0,152.0,1.0,3.0,4.0,1.0,76.0,14.0,0
25.0,0.0,0.0,0.0,238.0,4.0,2.0,6.0,1.0,79.33333333333333,31.0,0
10.0,0.0,0.0,0.0,163.0,4.0,3.0,7.0,3.0,81.5,22.0,0
1.0,0.0,0.0,4.0,149.0,4.0,2.0,7.0,2.0,74.5,14.0,0
0.0,0.0,0.0,2.0,148.0,4.0,2.0,6.0,1.0,49.333333333333336,6.0,0
17.0,1.0,0.5,2.0,128.0,1.0,2.0,4.0,1.0,64.0,14.0,0
15.0,1.0,0.3333333333333333,2.0,125.0,3.0,2.0,5.0,1.0,41.666666666666664,14.0,0
9.0,0.0,0.0,3.0,123.0,4.0,5.0,7.0,2.0,61.5,14.0,0
0.0,1.0,0.5,3.0,142.0,3.0,5.0,6.0,3.0,71.0,9.0,0
8.0,1.0,0.16666666666666666,15.0,207.0,4.0,3.0,7.0,1.0,34.5,15.0,0
9.0,1.0,0.125,8.0,120.0,3.0,4.0,6.0,1.0,15.0,31.0,1
5.0,0.0,0.0,2.0,123.0,3.0,2.0,6.0,1.0,61.5,6.0,0
0.0,0.0,0.0,3.0,143.0,4.0,5.0,6.0,3.0,71.5,10.0,0
22.0,0.0,0.0,2.0,136.0,3.0,5.0,5.0,1.0,68.0,6.0,0
0.0,0.0,0.0,4.0,132.0,4.0,2.0,7.0,1.0,33.0,10.0,0
5.0,0.0,0.0,3.0,165.0,3.0,4.0,5.0,3.0,27.5,11.0,0
11.0,0.0,0.0,2.0,129.0,4.0,4.0,7.0,3.0,64.5,15.0,0
15.0,1.0,0.5,3.0,152.0,1.0,2.0,4.0,1.0,76.0,9.0,0
4.0,1.0,0.5,2.0,124.0,3.0,2.0,5.0,1.0,62.0,14.0,0
0.0,1.0,0.5,2.0,128.0,4.0,3.0,7.0,3.0,64.0,6.0,1
26.0,0.0,0.0,3.0,218.0,3.0,2.0,6.0,3.0,72.66666666666667,14.0,0
8.0,0.0,0.0,8.0,209.0,4.0,4.0,7.0,1.0,41.8,31.0,0
10.0,0.0,0.0,0.0,130.0,3.0,2.0,6.0,3.0,65.0,27.0,0
26.0,0.0,0.0,8.0,243.0,3.0,2.0,6.0,1.0,81.0,29.0,0
16.0,0.0,0.0,2.0,156.0,3.0,2.0,5.0,1.0,52.0,6.0,0
20.0,1.0,0.125,7.0,145.0,3.0,2.0,5.0,3.0,18.125,8.0,0
10.0,1.0,0.5,9.0,176.0,3.0,4.0,5.0,3.0,88.0,25.0,0
23.0,0.0,0.0,7.0,279.0,3.0,5.0,6.0,1.0,18.6,8.0,0
12.0,0.0,0.0,4.0,152.0,4.0,2.0,6.0,2.0,76.0,8.0,0
9.0,1.0,0.5,3.0,123.0,3.0,4.0,5.0,2.0,61.5,9.0,0
0.0,1.0,0.5,1.0,128.0,3.0,2.0,6.0,1.0,64.0,31.0,1
2.0,0.0,0.0,3.0,125.0,4.0,2.0,7.0,1.0,62.5,14.0,0
17.0,1.0,0.125,1.0,126.0,3.0,5.0,6.0,1.0,15.75,14.0,0
1.0,0.0,0.0,2.0,149.0,3.0,2.0,6.0,3.0,74.5,11.0,0
20.0,1.0,0.5,0.0,124.0,4.0,2.0,6.0,1.0,62.0,14.0,1
16.0,0.0,0.0,0.0,148.0,3.0,4.0,5.0,1.0,74.0,14.0,0
9.0,0.0,0.0,2.0,120.0,4.0,3.0,6.0,3.0,60.0,8.0,1
0.0,0.0,0.0,0.0,127.0,3.0,2.0,6.0,1.0,63.5,24.0,1
9.0,1.0,0.2,11.0,166.0,3.0,2.0,6.0,1.0,33.2,20.0,0
20.0,1.0,0.5,2.0,133.0,4.0,2.0,7.0,3.0,66.5,8.0,0
0.0,1.0,0.5,2.0,142.0,3.0,3.0,5.0,1.0,71.0,9.0,1
4.0,1.0,0.5,0.0,128.0,5.0,2.0,8.0,1.0,64.0,8.0,1
1.0,0.0,0.0,2.0,124.0,3.0,3.0,6.0,1.0,41.333333333333336,14.0,0
2.0,1.0,0.3333333333333333,2.0,124.0,3.0,5.0,6.0,1.0,41.333333333333336,14.0,1
0.0,0.0,0.0,0.0,123.0,3.0,3.0,6.0,1.0,61.5,14.0,0
9.0,0.0,0.0,0.0,120.0,3.0,4.0,5.0,1.0,60.0,16.0,0
15.0,0.0,0.0,3.0,162.0,4.0,3.0,7.0,3.0,81.0,20.0,0
6.0,1.0,0.5,2.0,128.0,4.0,5.0,7.0,1.0,64.0,6.0,0
30.0,1.0,0.5,4.0,206.0,4.0,4.0,6.0,1.0,103.0,11.0,0
4.0,0.0,0.0,2.0,123.0,4.0,3.0,6.0,3.0,20.5,14.0,0
8.0,1.0,0.5,7.0,140.0,3.0,2.0,5.0,1.0,70.0,27.0,0
22.0,0.0,0.0,7.0,174.0,3.0,4.0,5.0,1.0,87.0,14.0,0
9.0,0.0,0.0,0.0,123.0,3.0,3.0,5.0,1.0,61.5,26.0,0
4.0,0.0,0.0,0.0,169.0,3.0,3.0,5.0,3.0,84.5,26.0,0
9.0,0.0,0.0,1.0,147.0,3.0,2.0,6.0,1.0,73.5,13.0,0
11.0,0.0,0.0,11.0,236.0,3.0,5.0,6.0,1.0,78.66666666666667,6.0,0
5.0,0.0,0.0,2.0,123.0,4.0,4.0,7.0,1.0,61.5,14.0,0
0.0,1.0,0.5,0.0,124.0,4.0,4.0,6.0,3.0,62.0,14.0,1
13.0,0.0,0.0,0.0,197.0,4.0,4.0,7.0,3.0,98.5,16.0,0
0.0,0.0,0.0,7.0,143.0,4.0,5.0,6.0,3.0,71.5,6.0,0
14.0,1.0,0.3333333333333333,17.0,147.0,3.0,5.0,5.0,1.0,49.0,12.0,0
9.0,0.0,0.0,9.0,125.0,3.0,3.0,6.0,1.0,31.25,14.0,0
9.0,1.0,0.5,0.0,121.0,4.0,4.0,6.0,3.0,60.5,27.0,1
0.0,0.0,0.0,0.0,130.0,3.0,5.0,6.0,1.0,65.0,10.0,1
4.0,1.0,0.1111111111111111,5.0,159.0,3.0,2.0,5.0,1.0,17.666666666666668,18.0,0
13.0,1.0,0.5,0.0,136.0,3.0,4.0,5.0,1.0,68.0,15.0,0
5.0,0.0,0.0,3.0,167.0,3.0,5.0,6.0,1.0,23.857142857142858,9.0,0
0.0,1.0,0.25,7.0,203.0,4.0,2.0,6.0,3.0,50.75,9.0,1
6.0,0.0,0.0,4.0,169.0,4.0,2.0,6.0,1.0,84.5,6.0,0
0.0,0.0,0.0,7.0,206.0,4.0,3.0,6.0,3.0,17.166666666666668,6.0,1
18.0,0.0,0.0,8.0,144.0,3.0,4.0,5.0,1.0,72.0,10.0,0
9.0,0.0,0.0,2.0,122.0,3.0,2.0,5.0,3.0,61.0,26.0,0
8.0,0.0,0.0,0.0,146.0,3.0,3.0,5.0,3.0,73.0,24.0,0
25.0,0.0,0.0,8.0,271.0,3.0,2.0,6.0,1.0,33.875,6.0,0
20.0,0.0,0.0,0.0,125.0,3.0,3.0,5.0,1.0,62.5,14.0,1
26.0,0.0,0.0,2.0,249.0,3.0,3.0,5.0,3.0,83.0,8.0,0
3.0,0.0,0.0,7.0,173.0,3.0,3.0,6.0,3.0,21.625,14.0,0
11.0,1.0,0.5,3.0,157.0,3.0,2.0,5.0,3.0,78.5,16.0,0
8.0,0.0,0.0,8.0,178.0,3.0,2.0,6.0,3.0,89.0,9.0,0
12.0,0.0,0.0,7.0,179.0,1.0,3.0,3.0,3.0,89.5,8.0,0
3.0,1.0,0.3333333333333333,0.0,232.0,1.0,4.0,4.0,3.0,77.33333333333333,30.0,1
20.0,1.0,0.3333333333333333,7.0,151.0,1.0,3.0,4.0,1.0,50.333333333333336,22.0,0
9.0,0.0,0.0,7.0,151.0,3.0,2.0,5.0,3.0,75.5,14.0,0
0.0,1.0,0.5,2.0,123.0,4.0,5.0,6.0,1.0,61.5,14.0,1
6.0,0.0,0.0,0.0,274.0,3.0,3.0,5.0,3.0,39.142857142857146,23.0,0
0.0,1.0,0.5,0.0,124.0,4.0,5.0,7.0,1.0,62.0,14.0,1
6.0,0.0,0.0,2.0,135.0,3.0,2.0,5.0,1.0,67.5,19.0,0
9.0,0.0,0.0,2.0,123.0,3.0,2.0,6.0,1.0,61.5,6.0,0
23.0,0.0,0.0,3.0,274.0,3.0,2.0,6.0,1.0,137.0,6.0,0
6.0,1.0,0.5,2.0,155.0,1.0,4.0,3.0,1.0,77.5,6.0,0
14.0,0.0,0.0,11.0,294.0,3.0,3.0,6.0,1.0,147.0,15.0,0
0.0,0.0,0.0,2.0,128.0,3.0,4.0,6.0,1.0,42.666666666666664,22.0,0
18.0,1.0,0.5,8.0,136.0,3.0,5.0,5.0,1.0,68.0,29.0,0
20.0,1.0,0.5,7.0,142.0,3.0,2.0,5.0,3.0,71.0,10.0,0
9.0,1.0,0.5,1.0,121.0,3.0,3.0,5.0,1.0,60.5,28.0,1
23.0,1.0,0.3333333333333333,5.0,240.0,3.0,3.0,6.0,1.0,80.0,30.0,0
11.0,0.0,0.0,2.0,127.0,3.0,3.0,6.0,1.0,63.5,16.0,0
19.0,0.0,0.0,7.0,208.0,3.0,3.0,6.0,1.0,104.0,13.0,0
0.0,0.0,0.0,2.0,144.0,4.0,3.0,6.0,1.0,36.0,23.0,0
0.0,1.0,0.5,2.0,137.0,4.0,4.0,6.0,1.0,68.5,20.0,1
4.0,0.0,0.0,3.0,141.0,3.0,5.0,6.0,1.0,70.5,6.0,0
0.0,0.0,0.0,0.0,111.0,3.0,2.0,6.0,1.0,55.5,11.0,0
27.0,0.0,0.0,8.0,207.0,3.0,3.0,5.0,1.0,103.5,23.0,0
8.0,1.0,0.09090909090909091,1.0,204.0,3.0,3.0,5.0,1.0,18.545454545454547,31.0,0
3.0,1.0,0.5,3.0,214.0,1.0,5.0,4.0,1.0,107.0,14.0,0
0.0,1.0,0.5,0.0,126.0,4.0,5.0,7.0,1.0,63.0,14.0,1
0.0,0.0,0.0,2.0,124.0,3.0,4.0,5.0,1.0,62.0,14.0,1
0.0,0.0,0.0,3.0,155.0,1.0,2.0,3.0,1.0,77.5,8.0,0
0.0,0.0,0.0,1.0,125.0,5.0,5.0,8.0,1.0,62.5,14.0,0
21.0,0.0,0.0,2.0,142.0,4.0,3.0,7.0,1.0,47.333333333333336,12.0,0
21.0,0.0,0.0,3.0,210.0,4.0,3.0,7.0,1.0,42.0,10.0,0
14.0,0.0,0.0,1.0,150.0,3.0,3.0,5.0,1.0,50.0,13.0,0
12.0,0.0,0.0,3.0,227.0,4.0,2.0,7.0,1.0,18.916666666666668,6.0,0
0.0,0.0,0.0,2.0,142.0,3.0,2.0,5.0,1.0,47.333333333333336,8.0,0
8.0,0.0,0.0,2.0,139.0,3.0,2.0,5.0,1.0,69.5,16.0,0
15.0,0.0,0.0,0.0,283.0,3.0,3.0,5.0,3.0,141.5,11.0,0
23.0,0.0,0.0,0.0,124.0,3.0,2.0,6.0,1.0,62.0,14.0,0
30.0,1.0,0.3333333333333333,3.0,237.0,4.0,2.0,7.0,1.0,79.0,8.0,0
0.0,0.0,0.0,0.0,148.0,5.0,4.0,8.0,1.0,74.0,17.0,1
28.0,1.0,0.14285714285714285,7.0,164.0,3.0,4.0,6.0,1.0,23.428571428571427,24.0,0
14.0,0.0,0.0,10.0,300.0,5.0,3.0,7.0,1.0,50.0,13.0,0
11.0,1.0,0.5,0.0,169.0,3.0,2.0,5.0,3.0,84.5,9.0,0
0.0,0.0,0.0,2.0,150.0,5.0,5.0,8.0,3.0,50.0,35.0,1
15.0,0.0,0.0,9.0,298.0,5.0,2.0,7.0,3.0,42.57142857142857,8.0,1
17.0,1.0,0.3333333333333333,11.0,233.0,1.0,2.0,3.0,3.0,77.66666666666667,34.0,0
23.0,0.0,0.0,13.0,163.0,3.0,3.0,6.0,3.0,81.5,6.0,0
0.0,0.0,0.0,14.0,127.0,1.0,5.0,4.0,1.0,7.9375,22.0,1
12.0,1.0,0.3333333333333333,8.0,209.0,3.0,5.0,5.0,1.0,69.66666666666667,28.0,0
6.0,0.0,0.0,2.0,123.0,4.0,2.0,6.0,3.0,41.0,14.0,0
18.0,0.0,0.0,1.0,277.0,3.0,2.0,5.0,3.0,138.5,17.0,0
5.0,0.0,0.0,7.0,140.0,3.0,3.0,6.0,1.0,17.5,35.0,0
7.0,0.0,0.0,9.0,197.0,1.0,2.0,4.0,3.0,98.5,6.0,0
30.0,1.0,0.5,3.0,219.0,3.0,2.0,6.0,3.0,109.5,6.0,0
9.0,0.0,0.0,4.0,122.0,3.0,4.0,5.0,2.0,61.0,30.0,0
26.0,0.0,0.0,12.0,175.0,4.0,4.0,6.0,3.0,25.0,8.0,0
0.0,0.0,0.0,0.0,148.0,3.0,3.0,5.0,1.0,74.0,21.0,1
9.0,1.0,0.5,2.0,120.0,3.0,5.0,5.0,1.0,60.0,8.0,1
9.0,1.0,0.5,0.0,122.0,3.0,3.0,5.0,3.0,61.0,16.0,0
1.0,0.0,0.0,0.0,111.0,3.0,4.0,6.0,3.0,55.5,16.0,0
11.0,0.0,0.0,2.0,128.0,3.0,3.0,6.0,1.0,42.666666666666664,9.0,0
23.0,1.0,0.125,7.0,292.0,3.0,3.0,6.0,1.0,36.5,8.0,0
10.0,0.0,0.0,1.0,141.0,3.0,4.0,5.0,1.0,70.5,9.0,0
13.0,0.0,0.0,5.0,184.0,3.0,5.0,6.0,3.0,23.0,32.0,0
9.0,0.0,0.0,3.0,120.0,4.0,3.0,7.0,1.0,60.0,6.0,0
19.0,0.0,0.0,2.0,296.0,3.0,2.0,5.0,1.0,98.66666666666667,6.0,0
27.0,0.0,0.0,0.0,207.0,4.0,3.0,6.0,3.0,25.875,8.0,0
29.0,0.0,0.0,3.0,129.0,3.0,3.0,6.0,1.0,64.5,15.0,0
9.0,0.0,0.0,8.0,189.0,4.0,2.0,6.0,1.0,23.625,18.0,0
28.0,0.0,0.0,2.0,268.0,4.0,5.0,6.0,1.0,38.285714285714285,8.0,0
16.0,0.0,0.0,0.0,234.0,4.0,2.0,7.0,3.0,78.0,31.0,0
0.0,1.0,0.5,2.0,123.0,3.0,2.0,5.0,3.0,61.5,14.0,1
9.0,0.0,0.0,0.0,114.0,4.0,5.0,6.0,1.0,57.0,16.0,1
19.0,1.0,0.5,7.0,146.0,4.0,5.0,7.0,1.0,73.0,14.0,0
14.0,1.0,0.3333333333333333,7.0,125.0,3.0,3.0,5.0,1.0,41.666666666666664,14.0,1
0.0,0.0,0.0,9.0,187.0,4.0,5.0,7.0,1.0,93.5,30.0,1
0.0,0.0,0.0,3.0,140.0,4.0,5.0,6.0,1.0,70.0,6.0,0
3.0,0.0,0.0,2.0,200.0,3.0,5.0,5.0,1.0,100.0,26.0,0
14.0,0.0,0.0,8.0,134.0,1.0,3.0,3.0,1.0,67.0,13.0,0
11.0,0.0,0.0,9.0,188.0,4.0,3.0,7.0,1.0,94.0,23.0,0
13.0,0.0,0.0,1.0,203.0,3.0,2.0,6.0,1.0,16.916666666666668,26.0,0
0.0,0.0,0.0,2.0,146.0,5.0,3.0,7.0,1.0,73.0,14.0,0
28.0,0.0,0.0,3.0,210.0,3.0,4.0,6.0,1.0,105.0,8.0,0
1.0,0.0,0.0,7.0,137.0,3.0,3.0,5.0,1.0,68.5,16.0,0
7.0,0.0,0.0,6.0,205.0,4.0,5.0,7.0,2.0,51.25,6.0,1
6.0,0.0,0.0,2.0,171.0,4.0,2.0,6.0,1.0,85.5,11.0,0
0.0,1.0,0.2,7.0,196.0,3.0,5.0,5.0,3.0,39.2,10.0,1
0.0,0.0,0.0,8.0,145.0,4.0,3.0,6.0,1.0,36.25,35.0,1
9.0,0.0,0.0,2.0,122.0,3.0,3.0,5.0,1.0,40.666666666666664,21.0,0
7.0,0.0,0.0,4.0,178.0,3.0,2.0,5.0,1.0,89.0,9.0,0
10.0,1.0,0.5,0.0,167.0,4.0,2.0,6.0,3.0,83.5,16.0,0
0.0,1.0,0.16666666666666666,6.0,137.0,3.0,2.0,5.0,1.0,22.833333333333332,10.0,1
0.0,0.0,0.0,0.0,124.0,3.0,3.0,5.0,1.0,62.0,14.0,1
9.0,1.0,0.3333333333333333,2.0,123.0,4.0,4.0,6.0,1.0,41.0,31.0,1
15.0,0.0,0.0,7.0,277.0,3.0,5.0,5.0,1.0,19.785714285714285,8.0,0
0.0,0.0,0.0,0.0,126.0,4.0,4.0,6.0,1.0,63.0,14.0,1
13.0,1.0,0.5,0.0,147.0,3.0,3.0,5.0,3.0,73.5,6.0,1
6.0,0.0,0.0,2.0,143.0,3.0,4.0,4.0,3.0,71.5,13.0,0
7.0,0.0,0.0,0.0,130.0,4.0,2.0,7.0,1.0,65.0,9.0,0
21.0,0.0,0.0,1.0,269.0,1.0,2.0,3.0,1.0,89.66666666666667,6.0,0
18.0,0.0,0.0,12.0,156.0,4.0,3.0,7.0,3.0,31.2,15.0,0
25.0,0.0,0.0,0.0,204.0,3.0,4.0,5.0,1.0,40.8,13.0,0
11.0,1.0,0.3333333333333333,7.0,187.0,4.0,3.0,7.0,3.0,62.333333333333336,16.0,0
2.0,0.0,0.0,7.0,125.0,3.0,2.0,6.0,1.0,62.5,14.0,0
1.0,0.0,0.0,7.0,177.0,3.0,4.0,6.0,1.0,88.5,9.0,0
19.0,0.0,0.0,9.0,275.0,3.0,3.0,5.0,3.0,55.0,9.0,0
11.0,0.0,0.0,0.0,174.0,3.0,4.0,5.0,3.0,87.0,8.0,0
16.0,0.0,0.0,1.0,208.0,3.0,5.0,5.0,1.0,104.0,33.0,0
2.0,0.0,0.0,3.0,222.0,3.0,2.0,5.0,1.0,18.5,8.0,1
13.0,0.0,0.0,9.0,296.0,4.0,3.0,6.0,1.0,59.2,20.0,0
9.0,1.0,0.3333333333333333,2.0,121.0,4.0,4.0,7.0,1.0,40.333333333333336,6.0,0
12.0,0.0,0.0,3.0,168.0,3.0,4.0,6.0,1.0,84.0,15.0,0
9.0,0.0,0.0,9.0,178.0,3.0,2.0,6.0,1.0,89.0,24.0,0
4.0,0.0,0.0,2.0,128.0,1.0,2.0,4.0,3.0,42.666666666666664,26.0,0
1.0,0.0,0.0,4.0,132.0,4.0,4.0,7.0,1.0,66.0,8.0,0
8.0,0.0,0.0,2.0,150.0,3.0,2.0,5.0,3.0,75.0,17.0,0
22.0,0.0,0.0,3.0,231.0,4.0,4.0,6.0,3.0,77.0,14.0,0
7.0,0.0,0.0,2.0,140.0,3.0,3.0,6.0,1.0,70.0,8.0,0
2.0,0.0,0.0,1.0,133.0,3.0,4.0,6.0,1.0,66.5,16.0,0
15.0,0.0,0.0,0.0,143.0,5.0,2.0,7.0,1.0,71.5,35.0,0
2.0,1.0,0.5,2.0,151.0,4.0,2.0,7.0,1.0,75.5,14.0,0
11.0,0.0,0.0,0.0,128.0,1.0,3.0,4.0,2.0,21.333333333333332,6.0,0
4.0,1.0,0.5,2.0,127.0,4.0,3.0,7.0,1.0,63.5,12.0,0
9.0,0.0,0.0,0.0,119.0,3.0,3.0,6.0,1.0,59.5,14.0,1
0.0,1.0,0.5,3.0,182.0,3.0,5.0,6.0,3.0,91.0,15.0,1
14.0,1.0,0.5,0.0,148.0,3.0,2.0,5.0,1.0,74.0,18.0,0
0.0,0.0,0.0,2.0,126.0,3.0,3.0,6.0,1.0,42.0,14.0,1
10.0,0.0,0.0,3.0,157.0,4.0,2.0,6.0,1.0,78.5,31.0,0
0.0,0.0,0.0,2.0,125.0,4.0,3.0,6.0,1.0,41.666666666666664,14.0,0
7.0,0.0,0.0,3.0,157.0,3.0,3.0,6.0,3.0,78.5,15.0,0
8.0,0.0,0.0,4.0,143.0,3.0,3.0,6.0,2.0,71.5,14.0,0
0.0,0.0,0.0,10.0,173.0,4.0,5.0,6.0,3.0,43.25,29.0,1
13.0,0.0,0.0,13.0,235.0,3.0,3.0,5.0,1.0,78.33333333333333,15.0,0
5.0,1.0,0.3333333333333333,14.0,238.0,3.0,5.0,5.0,3.0,79.33333333333333,18.0,1
15.0,0.0,0.0,5.0,152.0,3.0,5.0,5.0,3.0,76.0,10.0,0
9.0,0.0,0.0,7.0,123.0,4.0,3.0,6.0,1.0,61.5,6.0,0
0.0,0.0,0.0,2.0,136.0,3.0,4.0,5.0,1.0,68.0,30.0,0
0.0,1.0,0.5,0.0,125.0,3.0,2.0,6.0,1.0,62.5,14.0,1
0.0,0.0,0.0,7.0,144.0,1.0,2.0,3.0,1.0,72.0,9.0,0
3.0,0.0,0.0,4.0,166.0,4.0,3.0,7.0,3.0,83.0,16.0,0
13.0,1.0,0.5,0.0,144.0,4.0,2.0,7.0,1.0,72.0,32.0,0
8.0,0.0,0.0,4.0,203.0,4.0,4.0,6.0,1.0,29.0,8.0,0
7.0,0.0,0.0,9.0,153.0,4.0,5.0,7.0,1.0,30.6,6.0,0
8.0,0.0,0.0,2.0,124.0,4.0,2.0,6.0,1.0,41.333333333333336,14.0,0
6.0,0.0,0.0,3.0,153.0,5.0,3.0,7.0,3.0,76.5,15.0,1
5.0,0.0,0.0,0.0,128.0,3.0,5.0,6.0,3.0,64.0,8.0,0
29.0,0.0,0.0,2.0,299.0,3.0,5.0,6.0,1.0,59.8,10.0,0
2.0,0.0,0.0,8.0,131.0,3.0,2.0,6.0,1.0,65.5,12.0,0
0.0,0.0,0.0,0.0,126.0,3.0,5.0,5.0,1.0,63.0,14.0,0
18.0,1.0,0.5,2.0,145.0,3.0,3.0,5.0,1.0,72.5,13.0,0
10.0,0.0,0.0,11.0,165.0,4.0,2.0,6.0,1.0,41.25,6.0,0
0.0,0.0,0.0,2.0,130.0,4.0,3.0,7.0,1.0,65.0,9.0,0
7.0,1.0,0.5,2.0,129.0,3.0,3.0,6.0,1.0,64.5,16.0,1
26.0,0.0,0.0,7.0,286.0,3.0,3.0,5.0,1.0,57.2,13.0,0
9.0,1.0,0.5,3.0,122.0,5.0,2.0,8.0,1.0,61.0,21.0,0
0.0,1.0,0.5,0.0,129.0,4.0,2.0,7.0,1.0,64.5,9.0,1
19.0,0.0,0.0,9.0,270.0,3.0,5.0,6.0,3.0,16.875,8.0,0
9.0,0.0,0.0,0.0,123.0,5.0,3.0,8.0,1.0,61.5,23.0,0
6.0,0.0,0.0,4.0,136.0,3.0,3.0,5.0,2.0,68.0,8.0,0
9.0,0.0,0.0,0.0,121.0,4.0,5.0,7.0,1.0,60.5,11.0,1
3.0,0.0,0.0,3.0,141.0,3.0,5.0,6.0,3.0,70.5,35.0,0
13.0,0.0,0.0,0.0,143.0,3.0,4.0,6.0,3.0,71.5,8.0,0
23.0,0.0,0.0,2.0,279.0,3.0,5.0,4.0,1.0,93.0,8.0,0
1.0,0.0,0.0,3.0,132.0,4.0,5.0,7.0,1.0,33.0,25.0,0
19.0,0.0,0.0,3.0,291.0,3.0,4.0,5.0,1.0,145.5,21.0,0
8.0,1.0,0.5,7.0,190.0,3.0,5.0,6.0,3.0,95.0,23.0,0
9.0,0.0,0.0,0.0,122.0,3.0,4.0,6.0,1.0,61.0,23.0,1
6.0,0.0,0.0,1.0,145.0,3.0,3.0,5.0,3.0,72.5,31.0,0
9.0,0.0,0.0,7.0,127.0,5.0,3.0,8.0,1.0,63.5,12.0,0
3.0,0.0,0.0,9.0,135.0,3.0,3.0,5.0,1.0,15.0,13.0,0
17.0,0.0,0.0,17.0,145.0,3.0,2.0,5.0,1.0,72.5,35.0,0
0.0,0.0,0.0,2.0,127.0,1.0,2.0,4.0,3.0,42.333333333333336,27.0,0
19.0,0.0,0.0,4.0,174.0,3.0,2.0,5.0,1.0,87.0,8.0,0
15.0,0.0,0.0,3.0,163.0,1.0,5.0,4.0,2.0,81.5,8.0,0
30.0,1.0,0.5,9.0,152.0,1.0,2.0,3.0,3.0,76.0,13.0,0
5.0,0.0,0.0,2.0,127.0,4.0,4.0,7.0,1.0,42.333333333333336,19.0,0
5.0,1.0,0.5,7.0,150.0,3.0,3.0,5.0,1.0,75.0,8.0,0
9.0,1.0,0.125,7.0,203.0,5.0,5.0,8.0,1.0,25.375,6.0,0
6.0,0.0,0.0,10.0,128.0,3.0,2.0,6.0,1.0,25.6,15.0,0
13.0,0.0,0.0,3.0,169.0,4.0,4.0,6.0,3.0,84.5,16.0,0
0.0,0.0,0.0,1.0,150.0,3.0,2.0,5.0,3.0,75.0,16.0,0
3.0,1.0,0.16666666666666666,7.0,136.0,3.0,4.0,6.0,1.0,22.666666666666668,6.0,0
15.0,1.0,0.3333333333333333,0.0,232.0,3.0,5.0,5.0,1.0,77.33333333333333,32.0,0
8.0,1.0,0.2,12.0,204.0,4.0,2.0,7.0,3.0,40.8,14.0,0
9.0,1.0,0.14285714285714285,8.0,122.0,3.0,5.0,5.0,1.0,17.428571428571427,20.0,0
27.0,0.0,0.0,4.0,205.0,3.0,3.0,5.0,1.0,102.5,6.0,0
9.0,0.0,0.0,7.0,120.0,1.0,2.0,4.0,1.0,15.0,8.0,0
9.0,1.0,0.5,0.0,119.0,4.0,4.0,7.0,1.0,59.5,16.0,1
2.0,0.0,0.0,2.0,138.0,3.0,2.0,6.0,1.0,69.0,6.0,0
27.0,0.0,0.0,9.0,278.0,3.0,2.0,5.0,1.0,139.0,9.0,0
4.0,1.0,0.5,1.0,168.0,3.0,5.0,6.0,1.0,84.0,17.0,0
4.0,0.0,0.0,8.0,168.0,4.0,5.0,7.0,1.0,84.0,30.0,0
30.0,0.0,0.0,5.0,152.0,4.0,2.0,6.0,3.0,76.0,9.0,0
16.0,0.0,0.0,7.0,297.0,5.0,2.0,8.0,1.0,148.5,9.0,0
22.0,0.0,0.0,0.0,287.0,4.0,3.0,6.0,1.0,143.5,10.0,0
9.0,0.0,0.0,7.0,137.0,3.0,4.0,5.0,1.0,68.5,9.0,0
21.0,0.0,0.0,0.0,126.0,1.0,4.0,4.0,1.0,63.0,14.0,0
0.0,0.0,0.0,3.0,125.0,3.0,3.0,6.0,1.0,62.5,14.0,0
2.0,1.0,0.5,0.0,166.0,3.0,2.0,5.0,1.0,83.0,13.0,0
21.0,0.0,0.0,0.0,283.0,4.0,2.0,7.0,1.0,141.5,6.0,0
2.0,0.0,0.0,7.0,261.0,4.0,2.0,6.0,1.0,130.5,6.0,0
7.0,0.0,0.0,0.0,126.0,1.0,3.0,3.0,1.0,63.0,14.0,0
17.0,0.0,0.0,10.0,282.0,3.0,4.0,5.0,3.0,70.5,11.0,0
6.0,1.0,0.5,8.0,184.0,1.0,3.0,3.0,3.0,92.0,16.0,0
0.0,1.0,0.5,1.0,130.0,1.0,2.0,4.0,1.0,65.0,31.0,0
9.0,0.0,0.0,1.0,112.0,3.0,3.0,5.0,1.0,56.0,6.0,0
0.0,1.0,0.5,0.0,111.0,5.0,2.0,8.0,3.0,55.5,30.0,1
0.0,1.0,0.3333333333333333,2.0,129.0,3.0,2.0,6.0,1.0,43.0,10.0,0
8.0,1.0,0.5,11.0,288.0,5.0,4.0,8.0,3.0,144.0,8.0,1
28.0,1.0,0.3333333333333333,0.0,236.0,4.0,4.0,6.0,1.0,78.66666666666667,14.0,0
0.0,0.0,0.0,2.0,126.0,4.0,3.0,6.0,1.0,42.0,14.0,1
19.0,0.0,0.0,8.0,288.0,4.0,4.0,6.0,3.0,144.0,10.0,0
7.0,1.0,0.5,2.0,145.0,3.0,5.0,5.0,3.0,72.5,8.0,0
24.0,1.0,0.08333333333333333,10.0,298.0,3.0,4.0,5.0,3.0,24.833333333333332,15.0,0
30.0,0.0,0.0,4.0,205.0,3.0,2.0,6.0,1.0,34.166666666666664,24.0,0
7.0,0.0,0.0,10.0,144.0,3.0,4.0,5.0,1.0,24.0,25.0,0
9.0,1.0,0.5,2.0,122.0,3.0,3.0,5.0,1.0,61.0,6.0,0
17.0,0.0,0.0,13.0,292.0,1.0,5.0,4.0,1.0,19.466666666666665,10.0,0
7.0,0.0,0.0,8.0,145.0,4.0,4.0,6.0,2.0,72.5,17.0,0
8.0,1.0,0.3333333333333333,2.0,135.0,3.0,3.0,6.0,1.0,45.0,12.0,0
15.0,1.0,0.5,0.0,124.0,1.0,4.0,4.0,1.0,62.0,14.0,0
16.0,0.0,0.0,17.0,202.0,4.0,2.0,6.0,3.0,12.625,10.0,0
9.0,1.0,0.16666666666666666,12.0,154.0,3.0,4.0,5.0,1.0,25.666666666666668,8.0,0
7.0,0.0,0.0,5.0,180.0,3.0,2.0,6.0,1.0,90.0,21.0,1
1.0,1.0,0.3333333333333333,2.0,139.0,4.0,2.0,6.0,1.0,46.333333333333336,8.0,0
24.0,0.0,0.0,7.0,128.0,4.0,3.0,7.0,1.0,16.0,12.0,0
3.0,1.0,0.5,7.0,147.0,3.0,3.0,6.0,1.0,73.5,15.0,0
0.0,1.0,0.125,7.0,133.0,3.0,3.0,5.0,1.0,16.625,13.0,1
9.0,0.0,0.0,2.0,121.0,3.0,5.0,5.0,1.0,60.5,6.0,0
9.0,0.0,0.0,1.0,121.0,3.0,4.0,5.0,1.0,40.333333333333336,6.0,0
5.0,0.0,0.0,8.0,162.0,1.0,2.0,3.0,3.0,81.0,14.0,0
18.0,0.0,0.0,0.0,281.0,3.0,4.0,5.0,1.0,140.5,31.0,0
12.0,1.0,0.0625,2.0,271.0,4.0,4.0,7.0,1.0,16.9375,19.0,0
30.0,0.0,0.0,2.0,124.0,3.0,3.0,5.0,1.0,41.333333333333336,14.0,0
0.0,0.0,0.0,1.0,149.0,3.0,3.0,6.0,1.0,74.5,13.0,1
2.0,0.0,0.0,3.0,139.0,3.0,5.0,6.0,1.0,69.5,29.0,1
3.0,0.0,0.0,7.0,146.0,4.0,2.0,6.0,1.0,20.857142857142858,12.0,0
9.0,0.0,0.0,7.0,171.0,3.0,3.0,6.0,1.0,85.5,16.0,0
19.0,0.0,0.0,7.0,134.0,3.0,5.0,5.0,2.0,22.333333333333332,6.0,0
1.0,0.0,0.0,5.0,167.0,5.0,2.0,7.0,1.0,20.875,6.0,0
23.0,1.0,0.5,2.0,269.0,3.0,5.0,5.0,1.0,134.5,34.0,0
3.0,1.0,0.5,0.0,191.0,4.0,4.0,6.0,3.0,95.5,31.0,1
15.0,1.0,0.125,7.0,184.0,3.0,4.0,6.0,3.0,23.0,11.0,1
3.0,1.0,0.5,3.0,219.0,3.0,5.0,6.0,1.0,109.5,23.0,0
12.0,0.0,0.0,7.0,145.0,3.0,3.0,5.0,1.0,72.5,24.0,0
4.0,1.0,0.1,6.0,199.0,3.0,3.0,5.0,3.0,19.9,8.0,0
14.0,0.0,0.0,9.0,162.0,5.0,4.0,7.0,3.0,13.5,16.0,0
9.0,1.0,0.3333333333333333,2.0,123.0,3.0,4.0,5.0,3.0,41.0,6.0,1
7.0,0.0,0.0,2.0,124.0,3.0,5.0,5.0,1.0,62.0,14.0,1
15.0,1.0,0.3333333333333333,10.0,279.0,3.0,3.0,5.0,1.0,93.0,8.0,0
28.0,0.0,0.0,11.0,292.0,5.0,3.0,7.0,1.0,29.2,8.0,0
29.0,0.0,0.0,7.0,297.0,3.0,4.0,5.0,2.0,37.125,14.0,0
13.0,0.0,0.0,0.0,135.0,3.0,3.0,6.0,1.0,67.5,22.0,0
7.0,0.0,0.0,6.0,185.0,3.0,2.0,5.0,1.0,92.5,15.0,0
13.0,0.0,0.0,8.0,147.0,3.0,2.0,6.0,1.0,16.333333333333332,8.0,0
14.0,0.0,0.0,7.0,141.0,3.0,5.0,6.0,3.0,70.5,6.0,0
8.0,1.0,0.5,1.0,142.0,3.0,3.0,5.0,1.0,71.0,10.0,0
24.0,1.0,0.3333333333333333,10.0,240.0,3.0,4.0,5.0,2.0,80.0,11.0,0
11.0,0.0,0.0,7.0,169.0,3.0,5.0,5.0,3.0,84.5,8.0,0
7.0,0.0,0.0,6.0,161.0,3.0,5.0,6.0,3.0,16.1,21.0,0
0.0,0.0,0.0,2.0,137.0,3.0,2.0,6.0,1.0,68.5,25.0,0
20.0,1.0,0.16666666666666666,9.0,200.0,4.0,5.0,6.0,1.0,33.333333333333336,13.0,1
13.0,0.0,0.0,3.0,124.0,3.0,4.0,5.0,1.0,62.0,14.0,0
9.0,0.0,0.0,13.0,146.0,1.0,5.0,3.0,3.0,20.857142857142858,13.0,0
21.0,0.0,0.0,8.0,179.0,3.0,2.0,5.0,1.0,89.5,10.0,0
0.0,0.0,0.0,0.0,125.0,1.0,2.0,4.0,3.0,62.5,14.0,0
24.0,0.0,0.0,3.0,231.0,4.0,4.0,6.0,1.0,115.5,17.0,0
9.0,0.0,0.0,0.0,116.0,3.0,2.0,6.0,1.0,58.0,6.0,0
8.0,0.0,0.0,0.0,154.0,4.0,2.0,6.0,1.0,77.0,6.0,0
0.0,0.0,0.0,0.0,151.0,5.0,2.0,7.0,3.0,75.5,8.0,0
18.0,1.0,0.3333333333333333,8.0,237.0,1.0,3.0,3.0,3.0,79.0,19.0,1
29.0,1.0,0.3333333333333333,9.0,234.0,3.0,4.0,6.0,1.0,78.0,29.0,0
9.0,0.0,0.0,0.0,120.0,4.0,3.0,7.0,1.0,60.0,32.0,0
13.0,0.0,0.0,8.0,164.0,1.0,3.0,3.0,1.0,13.666666666666666,8.0,0
7.0,0.0,0.0,7.0,154.0,3.0,3.0,5.0,1.0,19.25,35.0,0
0.0,0.0,0.0,0.0,128.0,4.0,2.0,7.0,3.0,64.0,8.0,1
0.0,1.0,0.25,2.0,146.0,3.0,3.0,6.0,3.0,36.5,24.0,1
11.0,0.0,0.0,3.0,126.0,1.0,3.0,3.0,1.0,63.0,14.0,0
7.0,0.0,0.0,11.0,167.0,3.0,2.0,6.0,1.0,33.4,8.0,0
1.0,0.0,0.0,4.0,147.0,4.0,5.0,6.0,3.0,73.5,32.0,0
0.0,1.0,0.14285714285714285,7.0,162.0,3.0,3.0,6.0,1.0,23.142857142857142,28.0,1
12.0,1.0,0.5,4.0,161.0,4.0,2.0,6.0,3.0,80.5,27.0,0
24.0,0.0,0.0,2.0,206.0,3.0,4.0,5.0,3.0,51.5,8.0,0
14.0,1.0,0.25,3.0,155.0,3.0,2.0,6.0,1.0,38.75,28.0,0
10.0,1.0,0.5,3.0,130.0,3.0,3.0,6.0,1.0,65.0,10.0,0
6.0,0.0,0.0,2.0,200.0,3.0,2.0,6.0,3.0,100.0,11.0,0
5.0,1.0,0.5,2.0,141.0,3.0,4.0,5.0,3.0,70.5,8.0,0
12.0,0.0,0.0,5.0,209.0,3.0,3.0,6.0,1.0,104.5,31.0,0
0.0,0.0,0.0,2.0,162.0,1.0,3.0,4.0,3.0,81.0,24.0,0
25.0,1.0,0.3333333333333333,2.0,232.0,1.0,3.0,3.0,1.0,77.33333333333333,34.0,0
16.0,1.0,0.5,8.0,141.0,4.0,3.0,7.0,1.0,70.5,12.0,0
0.0,1.0,0.2,4.0,158.0,4.0,2.0,7.0,3.0,31.6,16.0,0
0.0,1.0,0.125,7.0,124.0,3.0,3.0,5.0,1.0,15.5,14.0,1
0.0,0.0,0.0,1.0,139.0,4.0,2.0,6.0,1.0,69.5,8.0,0
15.0,0.0,0.0,9.0,268.0,3.0,5.0,5.0,2.0,134.0,16.0,0
25.0,0.0,0.0,4.0,130.0,3.0,5.0,6.0,1.0,65.0,14.0,0
10.0,0.0,0.0,2.0,136.0,3.0,3.0,6.0,1.0,68.0,17.0,0
8.0,0.0,0.0,2.0,194.0,3.0,2.0,5.0,1.0,64.66666666666667,24.0,0
0.0,0.0,0.0,2.0,132.0,3.0,2.0,5.0,1.0,66.0,6.0,0
0.0,0.0,0.0,7.0,136.0,1.0,5.0,4.0,1.0,68.0,13.0,0
2.0,0.0,0.0,9.0,180.0,4.0,5.0,6.0,2.0,90.0,23.0,0
0.0,0.0,0.0,3.0,143.0,4.0,5.0,7.0,1.0,71.5,34.0,1
0.0,1.0,0.125,7.0,176.0,3.0,2.0,5.0,1.0,22.0,20.0,1
27.0,0.0,0.0,7.0,273.0,3.0,2.0,5.0,1.0,21.0,6.0,0
30.0,1.0,0.5,5.0,297.0,3.0,5.0,6.0,1.0,148.5,6.0,0
28.0,0.0,0.0,0.0,247.0,1.0,2.0,3.0,1.0,82.33333333333333,6.0,0
9.0,1.0,0.5,1.0,193.0,3.0,4.0,5.0,3.0,96.5,9.0,0
9.0,0.0,0.0,0.0,114.0,5.0,3.0,7.0,3.0,57.0,6.0,1
3.0,0.0,0.0,2.0,148.0,3.0,5.0,6.0,3.0,74.0,13.0,0
4.0,0.0,0.0,0.0,264.0,3.0,4.0,6.0,1.0,132.0,14.0,0
7.0,0.0,0.0,3.0,130.0,3.0,5.0,6.0,1.0,65.0,6.0,0
9.0,0.0,0.0,0.0,113.0,4.0,4.0,6.0,1.0,56.5,14.0,1
9.0,0.0,0.0,4.0,121.0,3.0,5.0,6.0,1.0,60.5,17.0,0
9.0,0.0,0.0,8.0,158.0,4.0,2.0,6.0,1.0,79.0,10.0,0
9.0,0.0,0.0,2.0,156.0,4.0,5.0,7.0,3.0,78.0,22.0,0
20.0,0.0,0.0,2.0,134.0,3.0,2.0,6.0,1.0,67.0,6.0,0
0.0,0.0,0.0,2.0,144.0,4.0,5.0,7.0,3.0,48.0,15.0,1
10.0,0.0,0.0,3.0,135.0,1.0,3.0,3.0,1.0,67.5,11.0,0
9.0,0.0,0.0,0.0,121.0,3.0,5.0,5.0,1.0,60.5,6.0,0
20.0,0.0,0.0,6.0,272.0,3.0,3.0,5.0,1.0,45.333333333333336,8.0,0
0.0,1.0,0.5,3.0,142.0,3.0,3.0,5.0,3.0,71.0,10.0,0
5.0,0.0,0.0,3.0,192.0,3.0,2.0,6.0,3.0,96.0,13.0,0
7.0,0.0,0.0,2.0,133.0,4.0,4.0,6.0,1.0,66.5,6.0,0
9.0,1.0,0.5,3.0,121.0,1.0,3.0,3.0,1.0,60.5,11.0,0
13.0,0.0,0.0,7.0,140.0,3.0,3.0,5.0,1.0,70.0,15.0,0
4.0,0.0,0.0,9.0,208.0,3.0,2.0,5.0,3.0,20.8,14.0,0
9.0,0.0,0.0,3.0,201.0,3.0,1.0,5.0,3.0,40.2,15.0,1
2.0,1.0,0.5,0.0,136.0,4.0,5.0,6.0,1.0,68.0,8.0,1
0.0,0.0,0.0,7.0,174.0,1.0,4.0,4.0,1.0,34.8,6.0,1
18.0,1.0,0.5,7.0,209.0,5.0,5.0,8.0,1.0,104.5,26.0,0
9.0,0.0,0.0,2.0,121.0,1.0,4.0,4.0,2.0,60.5,14.0,0
0.0,1.0,0.3333333333333333,2.0,137.0,3.0,1.0,6.0,1.0,45.666666666666664,8.0,1
18.0,1.0,0.5,2.0,194.0,3.0,1.0,5.0,1.0,97.0,35.0,0
21.0,0.0,0.0,2.0,155.0,3.0,5.0,6.0,3.0,51.666666666666664,13.0,0
0.0,0.0,0.0,2.0,127.0,3.0,3.0,6.0,2.0,42.333333333333336,15.0,1
13.0,0.0,0.0,8.0,238.0,4.0,4.0,6.0,1.0,79.33333333333333,14.0,0
1.0,0.0,0.0,3.0,185.0,3.0,5.0,5.0,3.0,92.5,11.0,0
17.0,0.0,0.0,3.0,132.0,4.0,3.0,7.0,1.0,66.0,11.0,0
26.0,0.0,0.0,8.0,266.0,1.0,4.0,3.0,1.0,29.555555555555557,8.0,0
22.0,0.0,0.0,2.0,167.0,3.0,3.0,6.0,1.0,83.5,11.0,0
13.0,0.0,0.0,2.0,123.0,3.0,3.0,6.0,1.0,61.5,14.0,0
17.0,0.0,0.0,3.0,134.0,3.0,4.0,5.0,1.0,67.0,26.0,0
6.0,0.0,0.0,3.0,144.0,3.0,5.0,5.0,3.0,72.0,13.0,0
7.0,0.0,0.0,12.0,148.0,5.0,5.0,7.0,3.0,37.0,9.0,0
3.0,0.0,0.0,2.0,153.0,3.0,3.0,6.0,3.0,51.0,22.0,0
15.0,0.0,0.0,8.0,137.0,3.0,1.0,6.0,1.0,22.833333333333332,15.0,0
17.0,0.0,0.0,0.0,148.0,3.0,3.0,6.0,3.0,74.0,6.0,0
9.0,0.0,0.0,0.0,113.0,3.0,3.0,6.0,1.0,56.5,13.0,0
50.0,0.0,0.0,8.0,149.0,1.0,3.0,4.0,1.0,49.666666666666664,6.0,0
22.0,0.0,0.0,7.0,205.0,3.0,4.0,5.0,1.0,102.5,13.0,0
7.0,0.0,0.0,9.0,270.0,3.0,5.0,6.0,1.0,38.57142857142857,21.0,0
0.0,0.0,0.0,2.0,129.0,3.0,3.0,6.0,3.0,64.5,6.0,1
0.0,0.0,0.0,0.0,158.0,3.0,4.0,5.0,3.0,79.0,19.0,1
0.0,1.0,0.09090909090909091,10.0,146.0,4.0,4.0,6.0,3.0,13.272727272727273,30.0,1
8.0,0.0,0.0,0.0,124.0,3.0,3.0,6.0,3.0,62.0,14.0,0
0.0,1.0,0.5,0.0,132.0,3.0,5.0,5.0,1.0,66.0,15.0,1
9.0,0.0,0.0,0.0,120.0,3.0,4.0,6.0,3.0,60.0,19.0,0
17.0,1.0,0.3333333333333333,2.0,202.0,3.0,3.0,5.0,1.0,67.33333333333333,8.0,0
2.0,0.0,0.0,4.0,186.0,4.0,3.0,7.0,3.0,93.0,25.0,0
9.0,0.0,0.0,3.0,121.0,3.0,3.0,5.0,2.0,60.5,6.0,0
28.0,1.0,0.5,2.0,140.0,3.0,3.0,4.0,1.0,70.0,10.0,0
6.0,0.0,0.0,2.0,138.0,4.0,4.0,6.0,1.0,69.0,10.0,0
20.0,1.0,0.5,2.0,146.0,3.0,3.0,6.0,3.0,73.0,20.0,0
0.0,0.0,0.0,0.0,126.0,4.0,5.0,6.0,1.0,63.0,14.0,1
9.0,0.0,0.0,0.0,116.0,4.0,3.0,7.0,1.0,58.0,6.0,0
1.0,0.0,0.0,3.0,149.0,3.0,5.0,5.0,3.0,74.5,13.0,0
22.0,0.0,0.0,2.0,148.0,4.0,5.0,6.0,1.0,74.0,9.0,0
2.0,0.0,0.0,2.0,132.0,3.0,4.0,6.0,1.0,66.0,8.0,0
1.0,0.0,0.0,7.0,165.0,5.0,4.0,8.0,1.0,82.5,35.0,0
6.0,1.0,0.5,0.0,164.0,3.0,3.0,6.0,1.0,82.0,14.0,0
5.0,0.0,0.0,3.0,212.0,3.0,1.0,3.0,1.0,106.0,16.0,0
27.0,0.0,0.0,12.0,260.0,3.0,1.0,5.0,1.0,86.66666666666667,17.0,0
0.0,0.0,0.0,7.0,124.0,4.0,5.0,7.0,1.0,62.0,14.0,1
17.0,0.0,0.0,17.0,263.0,3.0,5.0,5.0,1.0,17.533333333333335,34.0,0
12.0,0.0,0.0,2.0,184.0,3.0,4.0,5.0,1.0,61.333333333333336,12.0,0
19.0,0.0,0.0,1.0,266.0,3.0,4.0,5.0,3.0,44.333333333333336,9.0,0
8.0,0.0,0.0,3.0,186.0,4.0,4.0,7.0,1.0,46.5,22.0,0
9.0,0.0,0.0,2.0,123.0,3.0,3.0,6.0,1.0,61.5,26.0,0
9.0,0.0,0.0,0.0,120.0,3.0,5.0,5.0,1.0,60.0,15.0,1
7.0,1.0,0.1111111111111111,6.0,171.0,4.0,3.0,7.0,3.0,19.0,6.0,0
0.0,0.0,0.0,7.0,141.0,3.0,3.0,5.0,1.0,17.625,9.0,1
23.0,1.0,0.3333333333333333,9.0,244.0,5.0,1.0,7.0,1.0,81.33333333333333,28.0,0
9.0,1.0,0.16666666666666666,7.0,123.0,3.0,3.0,5.0,3.0,20.5,13.0,0
15.0,0.0,0.0,0.0,148.0,4.0,4.0,7.0,1.0,74.0,8.0,0
10.0,0.0,0.0,7.0,143.0,3.0,1.0,5.0,1.0,35.75,19.0,0
2.0,0.0,0.0,7.0,197.0,5.0,5.0,7.0,1.0,98.5,14.0,0
6.0,0.0,0.0,2.0,143.0,4.0,4.0,6.0,1.0,71.5,31.0,0
9.0,0.0,0.0,3.0,121.0,3.0,1.0,6.0,1.0,60.5,34.0,0
15.0,1.0,0.07142857142857142,9.0,201.0,3.0,1.0,5.0,1.0,14.357142857142858,8.0,0
13.0,0.0,0.0,1.0,155.0,3.0,5.0,5.0,3.0,19.375,15.0,0
6.0,1.0,0.16666666666666666,7.0,152.0,3.0,3.0,6.0,1.0,25.333333333333332,34.0,0
13.0,1.0,0.125,7.0,264.0,3.0,1.0,5.0,2.0,33.0,12.0,0
9.0,0.0,0.0,0.0,123.0,4.0,5.0,6.0,1.0,61.5,27.0,0
13.0,1.0,0.3333333333333333,2.0,141.0,3.0,1.0,6.0,1.0,47.0,14.0,0
18.0,0.0,0.0,7.0,174.0,3.0,4.0,6.0,1.0,21.75,6.0,0
8.0,0.0,0.0,2.0,124.0,4.0,3.0,7.0,3.0,24.8,14.0,0
5.0,0.0,0.0,5.0,159.0,4.0,4.0,7.0,1.0,53.0,11.0,0
9.0,1.0,0.5,2.0,126.0,3.0,1.0,6.0,3.0,63.0,14.0,0
21.0,0.0,0.0,7.0,164.0,3.0,3.0,6.0,3.0,20.5,22.0,0
2.0,0.0,0.0,0.0,125.0,1.0,3.0,4.0,1.0,62.5,14.0,0
6.0,0.0,0.0,2.0,164.0,3.0,5.0,5.0,3.0,54.666666666666664,14.0,0
0.0,0.0,0.0,7.0,197.0,4.0,5.0,7.0,3.0,28.142857142857142,6.0,1
11.0,0.0,0.0,2.0,161.0,3.0,3.0,6.0,2.0,80.5,16.0,0
8.0,0.0,0.0,2.0,125.0,4.0,5.0,7.0,1.0,62.5,14.0,0
3.0,0.0,0.0,3.0,193.0,3.0,4.0,5.0,3.0,96.5,35.0,0
9.0,1.0,0.5,0.0,121.0,3.0,5.0,6.0,1.0,60.5,8.0,1
16.0,0.0,0.0,9.0,202.0,4.0,1.0,7.0,1.0,101.0,8.0,1
1.0,0.0,0.0,4.0,149.0,3.0,4.0,5.0,1.0,74.5,8.0,1
5.0,0.0,0.0,2.0,141.0,3.0,5.0,6.0,1.0,70.5,6.0,0
21.0,0.0,0.0,6.0,124.0,3.0,5.0,6.0,1.0,15.5,14.0,0
7.0,0.0,0.0,0.0,130.0,3.0,1.0,6.0,1.0,65.0,13.0,0
28.0,0.0,0.0,13.0,296.0,4.0,1.0,6.0,3.0,98.66666666666667,32.0,0
7.0,0.0,0.0,1.0,155.0,3.0,1.0,5.0,1.0,51.666666666666664,6.0,0
9.0,0.0,0.0,0.0,121.0,3.0,1.0,5.0,1.0,60.5,9.0,0
11.0,0.0,0.0,7.0,199.0,3.0,4.0,6.0,3.0,24.875,20.0,0
11.0,0.0,0.0,2.0,142.0,3.0,4.0,5.0,3.0,71.0,22.0,0
9.0,0.0,0.0,0.0,168.0,3.0,3.0,6.0,3.0,84.0,6.0,0
2.0,1.0,0.5,5.0,147.0,3.0,5.0,5.0,1.0,73.5,9.0,0
8.0,1.0,0.5,4.0,161.0,3.0,3.0,5.0,1.0,80.5,16.0,0
12.0,0.0,0.0,6.0,182.0,1.0,3.0,3.0,3.0,22.75,12.0,0
2.0,0.0,0.0,3.0,189.0,3.0,1.0,5.0,1.0,94.5,8.0,0
23.0,1.0,0.5,0.0,293.0,3.0,3.0,5.0,3.0,146.5,5.0,0
9.0,0.0,0.0,2.0,121.0,1.0,3.0,3.0,1.0,40.333333333333336,16.0,0
9.0,1.0,0.5,2.0,156.0,1.0,5.0,4.0,1.0,78.0,12.0,0
15.0,0.0,0.0,1.0,296.0,4.0,1.0,7.0,1.0,148.0,15.0,0
8.0,0.0,0.0,8.0,134.0,1.0,3.0,3.0,1.0,19.142857142857142,34.0,0
7.0,0.0,0.0,7.0,151.0,4.0,3.0,7.0,1.0,18.875,16.0,0
13.0,0.0,0.0,2.0,146.0,3.0,5.0,5.0,3.0,73.0,20.0,0
16.0,0.0,0.0,2.0,149.0,1.0,4.0,3.0,1.0,74.5,33.0,0
8.0,0.0,0.0,1.0,127.0,4.0,1.0,7.0,1.0,63.5,13.0,0
19.0,0.0,0.0,12.0,276.0,1.0,5.0,3.0,3.0,138.0,6.0,0
0.0,1.0,0.5,0.0,124.0,3.0,4.0,5.0,1.0,62.0,14.0,1
0.0,1.0,0.5,3.0,128.0,4.0,3.0,7.0,1.0,64.0,32.0,0
23.0,1.0,0.07692307692307693,3.0,212.0,3.0,3.0,5.0,1.0,16.307692307692307,26.0,0
5.0,0.0,0.0,2.0,133.0,1.0,1.0,3.0,1.0,66.5,11.0,0
17.0,1.0,0.5,10.0,290.0,3.0,1.0,5.0,1.0,145.0,13.0,0
9.0,0.0,0.0,1.0,121.0,4.0,4.0,6.0,1.0,60.5,13.0,0
18.0,1.0,0.5,4.0,158.0,5.0,5.0,7.0,1.0,79.0,11.0,0
18.0,0.0,0.0,5.0,144.0,4.0,5.0,6.0,3.0,28.8,32.0,0
4.0,0.0,0.0,3.0,153.0,3.0,5.0,5.0,3.0,76.5,8.0,0
9.0,1.0,0.5,1.0,147.0,3.0,3.0,6.0,1.0,73.5,18.0,0
7.0,0.0,0.0,2.0,147.0,1.0,1.0,3.0,1.0,18.375,16.0,0
22.0,0.0,0.0,4.0,132.0,3.0,5.0,5.0,1.0,66.0,31.0,0
12.0,0.0,0.0,7.0,154.0,3.0,5.0,6.0,1.0,19.25,16.0,0
0.0,0.0,0.0,7.0,141.0,4.0,5.0,7.0,1.0,70.5,25.0,0
8.0,0.0,0.0,10.0,152.0,1.0,5.0,3.0,1.0,76.0,24.0,0
1.0,0.0,0.0,0.0,0.0,5.0,5.0,7.0,1.0,0.0,33.0,0
0.0,0.0,0.0,2.0,131.0,3.0,1.0,6.0,1.0,43.666666666666664,11.0,0
9.0,1.0,0.5,0.0,116.0,3.0,1.0,6.0,3.0,58.0,9.0,1
20.0,0.0,0.0,0.0,297.0,3.0,3.0,6.0,2.0,148.5,32.0,0
12.0,0.0,0.0,7.0,131.0,4.0,3.0,7.0,1.0,65.5,9.0,0
13.0,0.0,0.0,12.0,204.0,4.0,3.0,7.0,1.0,13.6,21.0,0
8.0,0.0,0.0,9.0,141.0,3.0,3.0,5.0,1.0,47.0,14.0,0
10.0,0.0,0.0,2.0,158.0,3.0,3.0,5.0,1.0,79.0,25.0,0
12.0,0.0,0.0,8.0,150.0,3.0,3.0,5.0,1.0,37.5,10.0,0
18.0,0.0,0.0,9.0,158.0,4.0,1.0,6.0,1.0,39.5,8.0,0
11.0,1.0,0.5,2.0,178.0,4.0,3.0,6.0,1.0,89.0,8.0,0
0.0,0.0,0.0,0.0,203.0,4.0,5.0,6.0,3.0,29.0,16.0,1
10.0,0.0,0.0,7.0,139.0,3.0,4.0,6.0,1.0,17.375,16.0,0
13.0,1.0,0.25,3.0,179.0,3.0,1.0,5.0,1.0,44.75,22.0,0
17.0,1.0,0.5,2.0,157.0,3.0,1.0,5.0,2.0,78.5,6.0,0
21.0,0.0,0.0,2.0,252.0,4.0,1.0,6.0,1.0,84.0,10.0,0
0.0,1.0,0.3333333333333333,2.0,154.0,5.0,1.0,7.0,3.0,51.333333333333336,21.0,1
0.0,1.0,0.5,3.0,138.0,3.0,1.0,5.0,1.0,69.0,8.0,0
0.0,0.0,0.0,2.0,135.0,1.0,3.0,3.0,1.0,67.5,14.0,0
0.0,0.0,0.0,2.0,126.0,3.0,1.0,5.0,1.0,63.0,14.0,0
9.0,1.0,0.5,3.0,122.0,3.0,5.0,6.0,1.0,61.0,13.0,1
2.0,0.0,0.0,4.0,159.0,4.0,3.0,6.0,3.0,79.5,16.0,0
9.0,0.0,0.0,2.0,180.0,3.0,5.0,5.0,1.0,90.0,11.0,0
0.0,0.0,0.0,7.0,152.0,1.0,3.0,4.0,1.0,76.0,8.0,0
12.0,0.0,0.0,0.0,153.0,3.0,4.0,6.0,1.0,76.5,18.0,0
22.0,0.0,0.0,2.0,264.0,3.0,4.0,6.0,1.0,132.0,28.0,0
23.0,0.0,0.0,11.0,233.0,4.0,5.0,6.0,1.0,77.66666666666667,23.0,0
0.0,0.0,0.0,2.0,128.0,3.0,3.0,6.0,3.0,42.666666666666664,8.0,0
7.0,0.0,0.0,9.0,154.0,3.0,4.0,6.0,1.0,19.25,9.0,0
9.0,0.0,0.0,3.0,120.0,3.0,4.0,6.0,1.0,60.0,13.0,0
22.0,1.0,0.3333333333333333,12.0,240.0,4.0,3.0,6.0,1.0,80.0,12.0,0
9.0,0.0,0.0,2.0,144.0,4.0,3.0,6.0,1.0,72.0,6.0,0
9.0,0.0,0.0,4.0,168.0,1.0,5.0,4.0,1.0,84.0,9.0,0
27.0,0.0,0.0,7.0,274.0,3.0,3.0,6.0,1.0,54.8,28.0,0
16.0,0.0,0.0,11.0,276.0,4.0,3.0,7.0,1.0,39.42857142857143,21.0,0
0.0,1.0,0.14285714285714285,7.0,146.0,3.0,1.0,5.0,3.0,20.857142857142858,18.0,1
11.0,0.0,0.0,9.0,147.0,3.0,1.0,5.0,1.0,49.0,6.0,0
2.0,1.0,0.5,9.0,142.0,4.0,4.0,6.0,3.0,71.0,11.0,0
6.0,0.0,0.0,4.0,155.0,3.0,1.0,6.0,3.0,77.5,8.0,0
5.0,0.0,0.0,6.0,155.0,3.0,4.0,5.0,1.0,77.5,8.0,0
4.0,0.0,0.0,2.0,155.0,3.0,1.0,6.0,3.0,77.5,11.0,0
22.0,1.0,0.3333333333333333,2.0,126.0,3.0,5.0,6.0,1.0,42.0,14.0,0
11.0,0.0,0.0,3.0,124.0,4.0,4.0,6.0,1.0,31.0,14.0,0
20.0,0.0,0.0,2.0,260.0,1.0,4.0,3.0,3.0,86.66666666666667,8.0,0
22.0,0.0,0.0,0.0,254.0,3.0,3.0,5.0,1.0,84.66666666666667,6.0,0
14.0,1.0,0.5,2.0,171.0,3.0,3.0,6.0,3.0,85.5,29.0,0
0.0,0.0,0.0,2.0,127.0,3.0,5.0,6.0,3.0,63.5,15.0,0
6.0,1.0,0.5,2.0,154.0,3.0,1.0,5.0,3.0,77.0,22.0,0
9.0,0.0,0.0,2.0,153.0,3.0,3.0,6.0,1.0,76.5,32.0,0
17.0,1.0,0.3333333333333333,2.0,132.0,3.0,1.0,5.0,2.0,44.0,6.0,0
0.0,1.0,0.5,2.0,140.0,4.0,3.0,7.0,1.0,70.0,14.0,1
11.0,0.0,0.0,0.0,133.0,3.0,3.0,5.0,1.0,66.5,10.0,0
26.0,0.0,0.0,2.0,170.0,1.0,1.0,3.0,1.0,85.0,30.0,0
11.0,1.0,0.125,7.0,127.0,3.0,3.0,6.0,3.0,15.875,14.0,1
9.0,0.0,0.0,0.0,114.0,3.0,4.0,6.0,1.0,57.0,8.0,1
0.0,0.0,0.0,7.0,126.0,3.0,1.0,6.0,1.0,21.0,14.0,0
28.0,0.0,0.0,2.0,135.0,4.0,4.0,7.0,1.0,67.5,28.0,0
7.0,0.0,0.0,13.0,140.0,4.0,1.0,6.0,1.0,28.0,11.0,0
30.0,0.0,0.0,0.0,209.0,5.0,1.0,8.0,1.0,104.5,6.0,0
9.0,0.0,0.0,13.0,120.0,1.0,4.0,4.0,1.0,40.0,27.0,0
10.0,0.0,0.0,3.0,195.0,5.0,1.0,7.0,3.0,97.5,6.0,0
7.0,0.0,0.0,7.0,129.0,4.0,1.0,7.0,1.0,14.333333333333334,25.0,0
9.0,1.0,0.5,2.0,123.0,3.0,1.0,5.0,3.0,61.5,13.0,1
17.0,1.0,0.14285714285714285,7.0,179.0,1.0,1.0,4.0,1.0,25.571428571428573,8.0,0
8.0,1.0,0.5,4.0,149.0,4.0,1.0,7.0,1.0,74.5,8.0,0
16.0,1.0,0.1111111111111111,8.0,178.0,3.0,1.0,6.0,3.0,19.77777777777778,8.0,0
0.0,0.0,0.0,4.0,144.0,1.0,3.0,4.0,1.0,72.0,15.0,0
14.0,0.0,0.0,7.0,192.0,3.0,3.0,5.0,3.0,21.333333333333332,12.0,0
2.0,0.0,0.0,2.0,130.0,3.0,3.0,6.0,1.0,65.0,15.0,0
9.0,0.0,0.0,7.0,145.0,3.0,1.0,5.0,3.0,20.714285714285715,8.0,0
18.0,0.0,0.0,4.0,207.0,4.0,3.0,7.0,1.0,13.8,6.0,0
9.0,0.0,0.0,0.0,116.0,5.0,3.0,7.0,2.0,58.0,28.0,1
10.0,0.0,0.0,3.0,229.0,5.0,3.0,7.0,3.0,15.266666666666667,15.0,1
9.0,0.0,0.0,2.0,123.0,5.0,3.0,8.0,1.0,61.5,23.0,0
18.0,0.0,0.0,6.0,267.0,4.0,4.0,6.0,1.0,29.666666666666668,34.0,0
5.0,0.0,0.0,3.0,134.0,3.0,3.0,5.0,1.0,67.0,16.0,0
4.0,0.0,0.0,3.0,135.0,3.0,3.0,6.0,1.0,67.5,8.0,0
14.0,0.0,0.0,2.0,164.0,5.0,4.0,7.0,2.0,82.0,10.0,0
13.0,1.0,0.5,0.0,165.0,3.0,5.0,6.0,1.0,82.5,14.0,0
0.0,0.0,0.0,2.0,139.0,3.0,5.0,6.0,1.0,69.5,35.0,0
19.0,0.0,0.0,9.0,156.0,3.0,4.0,5.0,1.0,78.0,19.0,0
8.0,0.0,0.0,7.0,169.0,3.0,3.0,5.0,1.0,84.5,33.0,0
3.0,0.0,0.0,8.0,129.0,3.0,1.0,6.0,1.0,64.5,22.0,0
20.0,0.0,0.0,0.0,150.0,3.0,4.0,5.0,3.0,75.0,8.0,0
19.0,1.0,0.5,3.0,204.0,3.0,1.0,6.0,3.0,102.0,8.0,0
0.0,1.0,0.3333333333333333,2.0,161.0,4.0,5.0,7.0,3.0,53.666666666666664,19.0,1
0.0,0.0,0.0,0.0,167.0,5.0,4.0,7.0,3.0,83.5,6.0,1
0.0,0.0,0.0,2.0,133.0,3.0,4.0,5.0,1.0,66.5,10.0,0
4.0,0.0,0.0,4.0,152.0,3.0,1.0,4.0,1.0,76.0,30.0,0
12.0,1.0,0.16666666666666666,8.0,165.0,3.0,1.0,6.0,1.0,27.5,6.0,0
5.0,0.0,0.0,2.0,196.0,5.0,3.0,8.0,3.0,98.0,25.0,0
13.0,0.0,0.0,8.0,298.0,3.0,4.0,5.0,3.0,22.923076923076923,13.0,0
18.0,0.0,0.0,3.0,198.0,5.0,3.0,7.0,2.0,99.0,10.0,0
3.0,0.0,0.0,7.0,150.0,4.0,5.0,7.0,1.0,75.0,8.0,0
9.0,0.0,0.0,1.0,121.0,3.0,1.0,5.0,2.0,40.333333333333336,16.0,0
9.0,0.0,0.0,2.0,122.0,4.0,1.0,7.0,2.0,61.0,14.0,1
4.0,0.0,0.0,2.0,183.0,3.0,3.0,5.0,3.0,91.5,11.0,0
0.0,0.0,0.0,4.0,134.0,3.0,1.0,6.0,1.0,67.0,14.0,0
0.0,0.0,0.0,2.0,128.0,5.0,4.0,8.0,3.0,42.666666666666664,15.0,1
2.0,1.0,0.5,2.0,163.0,1.0,3.0,4.0,1.0,81.5,6.0,0
3.0,0.0,0.0,7.0,171.0,4.0,5.0,7.0,3.0,85.5,21.0,0
7.0,1.0,0.5,2.0,129.0,1.0,1.0,4.0,1.0,64.5,8.0,0
6.0,0.0,0.0,7.0,151.0,3.0,4.0,6.0,3.0,75.5,8.0,0
22.0,0.0,0.0,4.0,145.0,3.0,1.0,6.0,3.0,72.5,17.0,0
0.0,1.0,0.5,0.0,186.0,3.0,5.0,6.0,3.0,93.0,22.0,1
11.0,0.0,0.0,5.0,125.0,4.0,4.0,7.0,1.0,62.5,14.0,0
0.0,0.0,0.0,0.0,182.0,3.0,3.0,6.0,3.0,91.0,22.0,1
9.0,0.0,0.0,0.0,121.0,4.0,5.0,7.0,1.0,60.5,10.0,0
0.0,0.0,0.0,7.0,153.0,1.0,3.0,3.0,1.0,76.5,22.0,0
5.0,0.0,0.0,7.0,127.0,3.0,4.0,6.0,1.0,63.5,11.0,0
11.0,1.0,0.5,0.0,158.0,5.0,1.0,7.0,1.0,79.0,24.0,0
6.0,1.0,0.5,0.0,124.0,4.0,3.0,6.0,1.0,62.0,14.0,1
15.0,0.0,0.0,4.0,128.0,3.0,4.0,6.0,1.0,64.0,18.0,0
28.0,0.0,0.0,0.0,290.0,4.0,5.0,6.0,1.0,145.0,8.0,0
6.0,0.0,0.0,7.0,131.0,3.0,4.0,6.0,1.0,65.5,10.0,0
9.0,0.0,0.0,4.0,123.0,3.0,5.0,6.0,1.0,61.5,15.0,0
7.0,1.0,0.5,7.0,140.0,3.0,3.0,5.0,3.0,70.0,16.0,0
26.0,1.0,0.5,3.0,230.0,4.0,3.0,6.0,1.0,115.0,6.0,0
16.0,0.0,0.0,8.0,135.0,3.0,1.0,6.0,2.0,67.5,8.0,0
7.0,0.0,0.0,2.0,160.0,5.0,1.0,7.0,3.0,53.333333333333336,9.0,0
0.0,0.0,0.0,0.0,127.0,3.0,4.0,6.0,3.0,63.5,13.0,1
11.0,0.0,0.0,4.0,137.0,4.0,3.0,6.0,1.0,68.5,12.0,0
0.0,1.0,0.5,0.0,124.0,3.0,5.0,6.0,1.0,62.0,14.0,1
4.0,0.0,0.0,7.0,155.0,4.0,1.0,7.0,3.0,25.833333333333332,35.0,0
24.0,0.0,0.0,3.0,231.0,3.0,3.0,5.0,1.0,77.0,9.0,0
10.0,0.0,0.0,3.0,142.0,4.0,4.0,6.0,3.0,71.0,15.0,0
19.0,1.0,0.3333333333333333,2.0,293.0,3.0,1.0,5.0,1.0,97.66666666666667,8.0,0
9.0,1.0,0.16666666666666666,7.0,183.0,3.0,5.0,5.0,1.0,30.5,16.0,0
7.0,1.0,0.3333333333333333,3.0,123.0,3.0,4.0,5.0,1.0,41.0,14.0,1
10.0,0.0,0.0,7.0,141.0,3.0,4.0,5.0,2.0,28.2,14.0,0
0.0,1.0,0.125,7.0,158.0,3.0,1.0,5.0,3.0,19.75,33.0,1
6.0,0.0,0.0,6.0,131.0,1.0,5.0,4.0,1.0,16.375,14.0,0
9.0,0.0,0.0,3.0,120.0,3.0,1.0,5.0,1.0,60.0,6.0,0
12.0,0.0,0.0,2.0,235.0,3.0,3.0,6.0,1.0,78.33333333333333,16.0,0
19.0,0.0,0.0,2.0,180.0,4.0,4.0,7.0,3.0,60.0,32.0,0
13.0,0.0,0.0,2.0,134.0,3.0,5.0,5.0,1.0,67.0,8.0,0
15.0,0.0,0.0,0.0,155.0,1.0,5.0,4.0,1.0,77.5,19.0,0
8.0,0.0,0.0,7.0,158.0,3.0,1.0,5.0,1.0,79.0,8.0,0
11.0,0.0,0.0,8.0,126.0,3.0,4.0,6.0,2.0,31.5,14.0,0
0.0,0.0,0.0,7.0,153.0,3.0,5.0,6.0,1.0,76.5,15.0,1
0.0,0.0,0.0,8.0,142.0,3.0,5.0,5.0,1.0,71.0,16.0,1
12.0,0.0,0.0,2.0,141.0,3.0,1.0,5.0,3.0,47.0,26.0,0
16.0,0.0,0.0,2.0,124.0,3.0,3.0,5.0,1.0,62.0,14.0,0
14.0,0.0,0.0,2.0,169.0,1.0,4.0,3.0,1.0,84.5,11.0,0
14.0,1.0,0.07142857142857142,5.0,204.0,3.0,3.0,5.0,3.0,14.571428571428571,10.0,0
3.0,0.0,0.0,2.0,197.0,3.0,3.0,6.0,1.0,98.5,16.0,0
9.0,1.0,0.5,4.0,121.0,3.0,4.0,6.0,2.0,60.5,26.0,1
9.0,0.0,0.0,7.0,189.0,3.0,4.0,6.0,1.0,47.25,27.0,1
13.0,0.0,0.0,3.0,165.0,3.0,1.0,5.0,1.0,82.5,6.0,0
7.0,0.0,0.0,8.0,168.0,1.0,3.0,4.0,3.0,33.6,14.0,0
30.0,0.0,0.0,14.0,0.0,3.0,4.0,5.0,3.0,0.0,8.0,0
8.0,0.0,0.0,3.0,127.0,5.0,3.0,8.0,1.0,63.5,29.0,0
20.0,1.0,0.06666666666666667,10.0,203.0,4.0,4.0,7.0,1.0,13.533333333333333,10.0,0
13.0,0.0,0.0,7.0,144.0,3.0,5.0,5.0,1.0,18.0,18.0,0
27.0,0.0,0.0,7.0,169.0,3.0,1.0,6.0,1.0,84.5,13.0,0
4.0,0.0,0.0,2.0,196.0,3.0,5.0,6.0,3.0,65.33333333333333,13.0,0
1.0,0.0,0.0,2.0,136.0,3.0,5.0,6.0,1.0,68.0,6.0,0
11.0,1.0,0.5,3.0,154.0,5.0,1.0,8.0,3.0,77.0,8.0,0
0.0,0.0,0.0,2.0,147.0,3.0,1.0,5.0,3.0,73.5,16.0,0
30.0,1.0,0.3333333333333333,2.0,258.0,3.0,3.0,5.0,1.0,86.0,21.0,0
9.0,0.0,0.0,0.0,115.0,3.0,3.0,5.0,1.0,57.5,20.0,0
0.0,0.0,0.0,0.0,130.0,1.0,5.0,4.0,2.0,65.0,24.0,1
0.0,1.0,0.3333333333333333,0.0,123.0,4.0,5.0,6.0,2.0,41.0,14.0,1
18.0,0.0,0.0,7.0,152.0,3.0,3.0,6.0,3.0,25.333333333333332,8.0,0
9.0,1.0,0.5,0.0,170.0,3.0,4.0,6.0,1.0,85.0,8.0,0
16.0,0.0,0.0,7.0,157.0,3.0,1.0,6.0,3.0,19.625,8.0,0
0.0,1.0,0.5,2.0,124.0,3.0,1.0,5.0,1.0,62.0,14.0,0
2.0,0.0,0.0,10.0,138.0,3.0,1.0,5.0,1.0,34.5,26.0,0
5.0,0.0,0.0,0.0,146.0,3.0,1.0,6.0,3.0,73.0,16.0,0
15.0,0.0,0.0,3.0,129.0,3.0,3.0,6.0,1.0,32.25,16.0,0
9.0,0.0,0.0,0.0,121.0,3.0,3.0,6.0,1.0,40.333333333333336,15.0,0
19.0,0.0,0.0,7.0,186.0,3.0,1.0,5.0,1.0,37.2,8.0,0
1.0,0.0,0.0,2.0,127.0,3.0,1.0,6.0,2.0,42.333333333333336,6.0,0
2.0,0.0,0.0,6.0,164.0,5.0,3.0,8.0,1.0,82.0,35.0,0
15.0,0.0,0.0,0.0,140.0,3.0,3.0,5.0,1.0,70.0,14.0,0
0.0,1.0,0.3333333333333333,2.0,199.0,4.0,4.0,6.0,3.0,66.33333333333333,8.0,1
19.0,0.0,0.0,8.0,232.0,1.0,5.0,3.0,3.0,77.33333333333333,9.0,0
0.0,0.0,0.0,8.0,135.0,4.0,3.0,6.0,3.0,22.5,29.0,0
2.0,0.0,0.0,0.0,128.0,4.0,4.0,7.0,2.0,64.0,12.0,0
16.0,0.0,0.0,14.0,294.0,4.0,3.0,6.0,1.0,42.0,12.0,0
21.0,0.0,0.0,9.0,297.0,4.0,4.0,7.0,1.0,22.846153846153847,16.0,0
0.0,1.0,0.5,0.0,124.0,4.0,1.0,7.0,1.0,62.0,14.0,1
9.0,0.0,0.0,7.0,173.0,3.0,4.0,6.0,3.0,86.5,16.0,1
0.0,0.0,0.0,3.0,148.0,4.0,5.0,7.0,1.0,18.5,21.0,0
12.0,0.0,0.0,2.0,139.0,3.0,1.0,5.0,1.0,46.333333333333336,25.0,0
28.0,0.0,0.0,4.0,127.0,4.0,1.0,7.0,1.0,63.5,8.0,0
1.0,0.0,0.0,0.0,129.0,3.0,4.0,6.0,3.0,64.5,9.0,0
0.0,0.0,0.0,0.0,111.0,3.0,1.0,5.0,3.0,55.5,15.0,1
0.0,1.0,0.5,0.0,125.0,3.0,4.0,6.0,1.0,62.5,14.0,1
9.0,1.0,0.5,7.0,157.0,4.0,3.0,7.0,3.0,78.5,16.0,0
4.0,0.0,0.0,2.0,142.0,3.0,3.0,5.0,1.0,71.0,26.0,0
7.0,1.0,0.5,0.0,197.0,3.0,1.0,6.0,3.0,98.5,10.0,0
9.0,0.0,0.0,2.0,121.0,3.0,5.0,5.0,1.0,60.5,13.0,0
10.0,1.0,0.5,4.0,143.0,3.0,5.0,6.0,1.0,71.5,13.0,0
8.0,1.0,0.5,2.0,148.0,4.0,4.0,6.0,1.0,74.0,22.0,0
18.0,0.0,0.0,8.0,159.0,4.0,1.0,7.0,1.0,39.75,31.0,0
9.0,0.0,0.0,8.0,139.0,4.0,1.0,7.0,2.0,69.5,8.0,0
13.0,0.0,0.0,16.0,268.0,3.0,5.0,6.0,1.0,22.333333333333332,6.0,0
0.0,1.0,0.5,0.0,129.0,4.0,3.0,7.0,1.0,64.5,6.0,0
0.0,0.0,0.0,7.0,165.0,1.0,3.0,3.0,3.0,82.5,8.0,0
21.0,0.0,0.0,7.0,272.0,3.0,1.0,5.0,1.0,54.4,28.0,0
17.0,0.0,0.0,2.0,150.0,1.0,5.0,4.0,1.0,50.0,6.0,0
9.0,1.0,0.25,0.0,123.0,5.0,5.0,7.0,1.0,30.75,22.0,1
19.0,0.0,0.0,0.0,126.0,3.0,1.0,6.0,1.0,63.0,14.0,1
9.0,0.0,0.0,3.0,155.0,4.0,4.0,6.0,3.0,77.5,23.0,0
14.0,0.0,0.0,4.0,144.0,3.0,4.0,5.0,3.0,72.0,14.0,0
15.0,0.0,0.0,7.0,233.0,3.0,5.0,5.0,1.0,77.66666666666667,12.0,0
4.0,1.0,0.5,4.0,166.0,3.0,1.0,5.0,3.0,83.0,16.0,0
7.0,1.0,0.5,1.0,181.0,4.0,1.0,7.0,3.0,90.5,9.0,0
4.0,0.0,0.0,2.0,140.0,1.0,3.0,4.0,1.0,46.666666666666664,10.0,0
0.0,0.0,0.0,7.0,125.0,1.0,1.0,4.0,1.0,15.625,14.0,0
18.0,0.0,0.0,3.0,154.0,3.0,3.0,5.0,1.0,77.0,6.0,0
6.0,0.0,0.0,9.0,155.0,3.0,3.0,5.0,3.0,77.5,16.0,0
1.0,1.0,0.5,7.0,168.0,4.0,1.0,6.0,3.0,84.0,6.0,0
0.0,0.0,0.0,0.0,111.0,1.0,5.0,3.0,3.0,55.5,30.0,1
12.0,0.0,0.0,2.0,157.0,5.0,3.0,7.0,3.0,78.5,27.0,0
9.0,0.0,0.0,2.0,122.0,3.0,4.0,5.0,1.0,61.0,8.0,0
7.0,1.0,0.14285714285714285,11.0,157.0,4.0,1.0,6.0,1.0,22.428571428571427,28.0,0
0.0,1.0,0.3333333333333333,2.0,199.0,3.0,3.0,5.0,3.0,66.33333333333333,19.0,1
20.0,0.0,0.0,7.0,155.0,3.0,4.0,6.0,1.0,77.5,20.0,0
29.0,0.0,0.0,0.0,154.0,4.0,5.0,6.0,3.0,77.0,17.0,0
12.0,0.0,0.0,9.0,152.0,3.0,5.0,5.0,1.0,19.0,15.0,0
9.0,1.0,0.5,7.0,121.0,4.0,4.0,6.0,1.0,60.5,14.0,0
30.0,1.0,0.5,0.0,279.0,3.0,1.0,6.0,3.0,139.5,27.0,0
0.0,1.0,0.5,3.0,124.0,1.0,3.0,3.0,1.0,62.0,14.0,1
11.0,0.0,0.0,3.0,148.0,3.0,1.0,6.0,1.0,74.0,15.0,0
22.0,0.0,0.0,3.0,292.0,3.0,1.0,5.0,1.0,58.4,8.0,0
15.0,1.0,0.5,0.0,151.0,3.0,1.0,6.0,3.0,75.5,18.0,0
0.0,0.0,0.0,0.0,129.0,4.0,4.0,7.0,2.0,64.5,28.0,1
8.0,0.0,0.0,4.0,0.0,3.0,5.0,6.0,3.0,0.0,24.0,0
9.0,0.0,0.0,4.0,121.0,3.0,3.0,5.0,1.0,60.5,22.0,0
4.0,1.0,0.3333333333333333,3.0,131.0,3.0,5.0,6.0,1.0,43.666666666666664,9.0,0
9.0,0.0,0.0,2.0,128.0,1.0,4.0,4.0,1.0,64.0,15.0,0
7.0,0.0,0.0,1.0,199.0,3.0,1.0,5.0,3.0,66.33333333333333,6.0,0
7.0,0.0,0.0,1.0,186.0,3.0,3.0,5.0,3.0,93.0,19.0,0
0.0,0.0,0.0,6.0,129.0,3.0,5.0,6.0,1.0,16.125,6.0,0
2.0,0.0,0.0,2.0,154.0,3.0,5.0,5.0,1.0,77.0,6.0,0
5.0,0.0,0.0,2.0,167.0,3.0,1.0,5.0,1.0,83.5,21.0,0
4.0,0.0,0.0,7.0,150.0,5.0,5.0,7.0,1.0,16.666666666666668,6.0,0
0.0,0.0,0.0,3.0,124.0,4.0,1.0,6.0,1.0,62.0,14.0,1
11.0,0.0,0.0,0.0,129.0,4.0,5.0,7.0,3.0,64.5,6.0,0
8.0,1.0,0.5,9.0,152.0,3.0,1.0,5.0,3.0,76.0,13.0,0
0.0,0.0,0.0,7.0,141.0,3.0,1.0,5.0,3.0,70.5,15.0,0
5.0,0.0,0.0,0.0,197.0,4.0,1.0,6.0,1.0,98.5,11.0,0
0.0,1.0,0.5,8.0,156.0,3.0,1.0,6.0,3.0,78.0,32.0,1
16.0,1.0,0.3333333333333333,2.0,204.0,3.0,5.0,6.0,3.0,68.0,30.0,1
27.0,0.0,0.0,3.0,129.0,3.0,3.0,6.0,1.0,43.0,15.0,0
6.0,0.0,0.0,8.0,160.0,3.0,3.0,5.0,1.0,53.333333333333336,13.0,0
16.0,0.0,0.0,9.0,175.0,3.0,3.0,4.0,1.0,87.5,17.0,0
11.0,1.0,0.5,2.0,130.0,3.0,4.0,6.0,2.0,65.0,6.0,0
28.0,1.0,0.5,4.0,296.0,1.0,4.0,4.0,2.0,148.0,32.0,0
4.0,1.0,0.5,0.0,111.0,5.0,1.0,7.0,1.0,55.5,8.0,0
12.0,0.0,0.0,10.0,233.0,3.0,5.0,6.0,3.0,77.66666666666667,21.0,0
15.0,0.0,0.0,7.0,143.0,4.0,3.0,6.0,1.0,35.75,29.0,0
4.0,0.0,0.0,3.0,210.0,3.0,3.0,5.0,1.0,42.0,16.0,0
27.0,1.0,0.5,4.0,144.0,3.0,5.0,6.0,1.0,72.0,16.0,0
0.0,0.0,0.0,2.0,146.0,4.0,3.0,6.0,1.0,73.0,6.0,0
0.0,0.0,0.0,4.0,126.0,3.0,1.0,6.0,1.0,63.0,14.0,0
13.0,0.0,0.0,4.0,163.0,3.0,3.0,6.0,1.0,16.3,17.0,0
13.0,0.0,0.0,10.0,157.0,3.0,4.0,6.0,3.0,26.166666666666668,8.0,0
9.0,0.0,0.0,2.0,122.0,3.0,4.0,5.0,2.0,61.0,8.0,0
3.0,0.0,0.0,7.0,137.0,3.0,4.0,6.0,1.0,68.5,6.0,0
0.0,1.0,0.5,2.0,140.0,3.0,3.0,5.0,1.0,70.0,8.0,0
20.0,0.0,0.0,11.0,186.0,3.0,3.0,5.0,1.0,14.307692307692308,31.0,0
9.0,0.0,0.0,0.0,120.0,4.0,3.0,6.0,1.0,60.0,6.0,0
11.0,0.0,0.0,8.0,144.0,3.0,4.0,5.0,3.0,24.0,6.0,0
4.0,0.0,0.0,2.0,131.0,3.0,3.0,6.0,3.0,65.5,8.0,0
11.0,0.0,0.0,7.0,153.0,4.0,3.0,7.0,1.0,19.125,12.0,0
15.0,1.0,0.5,2.0,154.0,3.0,5.0,5.0,1.0,77.0,24.0,0
14.0,0.0,0.0,0.0,128.0,3.0,1.0,6.0,1.0,64.0,6.0,0
20.0,0.0,0.0,3.0,220.0,3.0,4.0,6.0,1.0,36.666666666666664,6.0,0
8.0,1.0,0.3333333333333333,2.0,127.0,3.0,3.0,5.0,1.0,42.333333333333336,17.0,0
0.0,0.0,0.0,2.0,134.0,3.0,3.0,6.0,1.0,67.0,6.0,0
8.0,0.0,0.0,8.0,151.0,3.0,3.0,5.0,1.0,75.5,15.0,0
6.0,1.0,0.1111111111111111,1.0,12.0,3.0,1.0,6.0,1.0,1.3333333333333333,21.0,0
5.0,0.0,0.0,1.0,128.0,4.0,4.0,7.0,1.0,25.6,35.0,0
13.0,0.0,0.0,0.0,124.0,3.0,1.0,5.0,1.0,62.0,14.0,0
9.0,0.0,0.0,2.0,123.0,4.0,4.0,7.0,3.0,41.0,6.0,0
12.0,0.0,0.0,7.0,141.0,3.0,1.0,5.0,1.0,70.5,30.0,0
11.0,0.0,0.0,11.0,232.0,5.0,3.0,7.0,1.0,77.33333333333333,16.0,0
5.0,0.0,0.0,7.0,204.0,3.0,1.0,5.0,3.0,34.0,6.0,0
10.0,1.0,0.3333333333333333,8.0,237.0,1.0,1.0,3.0,1.0,79.0,16.0,0
0.0,1.0,0.5,4.0,149.0,3.0,3.0,5.0,3.0,74.5,14.0,0
25.0,0.0,0.0,0.0,135.0,3.0,1.0,5.0,3.0,67.5,126.0,0
17.0,1.0,0.5,2.0,124.0,3.0,1.0,5.0,1.0,62.0,14.0,0
0.0,1.0,0.5,2.0,124.0,3.0,5.0,5.0,3.0,62.0,14.0,0
12.0,0.0,0.0,3.0,294.0,3.0,1.0,5.0,1.0,147.0,15.0,0
9.0,0.0,0.0,0.0,118.0,3.0,5.0,5.0,3.0,59.0,15.0,1
9.0,0.0,0.0,4.0,176.0,4.0,1.0,7.0,3.0,44.0,9.0,0
9.0,0.0,0.0,2.0,151.0,3.0,4.0,6.0,1.0,75.5,10.0,0
29.0,0.0,0.0,9.0,163.0,3.0,3.0,5.0,1.0,81.5,6.0,0
0.0,1.0,0.3333333333333333,2.0,148.0,3.0,1.0,5.0,1.0,49.333333333333336,6.0,1
15.0,0.0,0.0,14.0,289.0,3.0,3.0,5.0,1.0,57.8,8.0,0
19.0,0.0,0.0,8.0,123.0,3.0,3.0,6.0,1.0,12.3,14.0,1
14.0,0.0,0.0,10.0,236.0,4.0,4.0,6.0,1.0,78.66666666666667,34.0,0
7.0,0.0,0.0,7.0,167.0,4.0,3.0,7.0,3.0,83.5,34.0,0
9.0,0.0,0.0,11.0,154.0,5.0,1.0,7.0,3.0,12.833333333333334,21.0,0
14.0,0.0,0.0,4.0,189.0,4.0,4.0,6.0,3.0,94.5,9.0,0
5.0,0.0,0.0,2.0,124.0,3.0,5.0,6.0,1.0,62.0,14.0,0
8.0,1.0,0.5,7.0,188.0,3.0,1.0,5.0,2.0,94.0,32.0,0
11.0,0.0,0.0,9.0,153.0,3.0,1.0,6.0,3.0,76.5,16.0,0
13.0,0.0,0.0,1.0,167.0,3.0,3.0,6.0,3.0,83.5,6.0,1
9.0,0.0,0.0,0.0,167.0,4.0,1.0,7.0,3.0,83.5,17.0,0
18.0,0.0,0.0,1.0,149.0,3.0,3.0,5.0,3.0,74.5,26.0,0
13.0,0.0,0.0,2.0,128.0,4.0,3.0,7.0,1.0,42.666666666666664,8.0,0
8.0,1.0,0.5,2.0,157.0,3.0,3.0,6.0,1.0,78.5,24.0,0
9.0,0.0,0.0,2.0,120.0,3.0,3.0,6.0,1.0,60.0,8.0,0
8.0,0.0,0.0,1.0,130.0,5.0,1.0,8.0,1.0,65.0,6.0,0
2.0,1.0,0.5,3.0,140.0,4.0,4.0,6.0,1.0,70.0,19.0,0
2.0,0.0,0.0,4.0,138.0,4.0,5.0,7.0,1.0,69.0,34.0,0
13.0,1.0,0.3333333333333333,0.0,209.0,4.0,5.0,6.0,3.0,69.66666666666667,34.0,1
12.0,0.0,0.0,3.0,220.0,4.0,1.0,6.0,3.0,22.0,30.0,0
4.0,0.0,0.0,7.0,199.0,3.0,5.0,6.0,1.0,99.5,11.0,0
0.0,0.0,0.0,0.0,130.0,4.0,3.0,7.0,3.0,65.0,11.0,0
9.0,0.0,0.0,3.0,126.0,1.0,1.0,3.0,1.0,63.0,14.0,0
12.0,0.0,0.0,7.0,200.0,4.0,5.0,6.0,1.0,100.0,12.0,0
0.0,1.0,0.5,3.0,161.0,1.0,4.0,3.0,1.0,80.5,10.0,0
22.0,0.0,0.0,8.0,154.0,4.0,4.0,7.0,3.0,77.0,8.0,0
7.0,0.0,0.0,2.0,144.0,1.0,3.0,3.0,1.0,72.0,14.0,0
4.0,1.0,0.5,5.0,160.0,3.0,1.0,6.0,3.0,80.0,6.0,1
22.0,0.0,0.0,7.0,151.0,4.0,4.0,7.0,1.0,75.5,14.0,0
9.0,1.0,0.5,0.0,121.0,4.0,3.0,7.0,1.0,60.5,8.0,1
6.0,1.0,0.25,0.0,129.0,3.0,3.0,6.0,1.0,32.25,9.0,0
0.0,0.0,0.0,2.0,135.0,3.0,4.0,5.0,1.0,45.0,8.0,0
5.0,0.0,0.0,6.0,131.0,3.0,1.0,6.0,1.0,32.75,8.0,0
30.0,1.0,0.5,0.0,127.0,1.0,5.0,4.0,1.0,63.5,9.0,0
3.0,0.0,0.0,0.0,127.0,3.0,3.0,6.0,1.0,63.5,30.0,0
11.0,0.0,0.0,8.0,195.0,4.0,3.0,6.0,1.0,97.5,29.0,0
9.0,0.0,0.0,7.0,152.0,3.0,3.0,6.0,1.0,19.0,33.0,0
8.0,0.0,0.0,3.0,124.0,1.0,4.0,3.0,1.0,62.0,14.0,0
2.0,1.0,0.5,8.0,142.0,4.0,3.0,6.0,1.0,71.0,21.0,0
4.0,0.0,0.0,3.0,129.0,3.0,3.0,6.0,1.0,25.8,32.0,0
7.0,0.0,0.0,2.0,127.0,3.0,1.0,6.0,1.0,63.5,25.0,0
9.0,1.0,0.5,3.0,120.0,4.0,3.0,6.0,1.0,60.0,30.0,1
2.0,0.0,0.0,8.0,200.0,1.0,5.0,3.0,1.0,22.22222222222222,27.0,0
5.0,1.0,0.5,5.0,133.0,1.0,4.0,4.0,1.0,66.5,11.0,0
0.0,1.0,0.5,0.0,129.0,1.0,1.0,4.0,1.0,64.5,22.0,0
26.0,0.0,0.0,7.0,254.0,4.0,1.0,7.0,3.0,84.66666666666667,8.0,0
11.0,1.0,0.5,2.0,139.0,3.0,1.0,5.0,1.0,69.5,8.0,0
0.0,0.0,0.0,3.0,140.0,1.0,3.0,4.0,1.0,70.0,17.0,0
0.0,0.0,0.0,3.0,134.0,4.0,5.0,6.0,3.0,67.0,15.0,1
7.0,0.0,0.0,3.0,220.0,3.0,4.0,5.0,1.0,73.33333333333333,13.0,0
9.0,0.0,0.0,0.0,112.0,3.0,1.0,6.0,1.0,56.0,21.0,0
0.0,0.0,0.0,3.0,130.0,3.0,5.0,6.0,1.0,65.0,12.0,1
26.0,0.0,0.0,8.0,291.0,3.0,3.0,5.0,1.0,58.2,11.0,0
0.0,1.0,0.14285714285714285,7.0,139.0,5.0,5.0,8.0,1.0,19.857142857142858,22.0,1
15.0,0.0,0.0,2.0,168.0,3.0,4.0,5.0,3.0,33.6,14.0,0
17.0,0.0,0.0,17.0,202.0,4.0,1.0,6.0,1.0,33.666666666666664,13.0,0
19.0,0.0,0.0,1.0,289.0,3.0,5.0,5.0,3.0,96.33333333333333,8.0,0
6.0,0.0,0.0,0.0,125.0,3.0,1.0,6.0,1.0,62.5,14.0,0
17.0,1.0,0.5,3.0,165.0,3.0,1.0,5.0,1.0,82.5,16.0,0
9.0,0.0,0.0,8.0,122.0,4.0,3.0,6.0,1.0,61.0,15.0,0
9.0,0.0,0.0,0.0,121.0,3.0,1.0,5.0,3.0,60.5,11.0,1
9.0,1.0,0.3333333333333333,0.0,123.0,3.0,1.0,6.0,1.0,41.0,6.0,1
16.0,0.0,0.0,4.0,126.0,1.0,3.0,4.0,1.0,63.0,14.0,0
13.0,1.0,0.5,2.0,127.0,4.0,3.0,7.0,3.0,63.5,9.0,1
9.0,0.0,0.0,2.0,120.0,3.0,1.0,6.0,3.0,40.0,8.0,0
9.0,1.0,0.5,0.0,134.0,4.0,5.0,6.0,1.0,67.0,11.0,0
6.0,0.0,0.0,3.0,154.0,1.0,5.0,3.0,3.0,77.0,6.0,0
9.0,0.0,0.0,0.0,120.0,3.0,1.0,6.0,1.0,60.0,10.0,0
0.0,0.0,0.0,0.0,123.0,3.0,5.0,5.0,1.0,61.5,14.0,0
9.0,0.0,0.0,1.0,123.0,5.0,3.0,7.0,1.0,61.5,31.0,1
0.0,0.0,0.0,7.0,187.0,3.0,3.0,5.0,3.0,93.5,14.0,0
3.0,0.0,0.0,7.0,140.0,3.0,1.0,5.0,1.0,35.0,6.0,0
4.0,0.0,0.0,8.0,295.0,3.0,3.0,5.0,1.0,18.4375,18.0,1
7.0,0.0,0.0,7.0,146.0,3.0,3.0,6.0,3.0,16.22222222222222,29.0,0
10.0,0.0,0.0,0.0,130.0,3.0,4.0,6.0,1.0,65.0,25.0,0
19.0,1.0,0.5,8.0,158.0,3.0,1.0,6.0,3.0,79.0,11.0,0
9.0,0.0,0.0,1.0,123.0,1.0,1.0,3.0,1.0,61.5,14.0,0
11.0,1.0,0.5,0.0,154.0,4.0,3.0,7.0,1.0,77.0,6.0,1
0.0,1.0,0.3333333333333333,2.0,134.0,3.0,3.0,5.0,1.0,44.666666666666664,11.0,1
17.0,1.0,0.5,3.0,155.0,3.0,5.0,6.0,3.0,77.5,6.0,0
8.0,1.0,0.3333333333333333,3.0,199.0,4.0,5.0,7.0,1.0,66.33333333333333,17.0,0
0.0,1.0,0.5,0.0,142.0,4.0,1.0,6.0,3.0,71.0,29.0,0
6.0,1.0,0.3333333333333333,12.0,235.0,3.0,1.0,6.0,1.0,78.33333333333333,29.0,0
8.0,0.0,0.0,8.0,191.0,3.0,5.0,6.0,3.0,95.5,5.0,0
8.0,1.0,0.3333333333333333,2.0,140.0,3.0,5.0,4.0,1.0,46.666666666666664,29.0,0
4.0,0.0,0.0,7.0,159.0,3.0,1.0,5.0,1.0,79.5,13.0,0
10.0,0.0,0.0,7.0,160.0,4.0,3.0,6.0,1.0,80.0,6.0,0
5.0,1.0,0.125,8.0,162.0,3.0,1.0,5.0,1.0,20.25,6.0,0
11.0,0.0,0.0,9.0,124.0,3.0,1.0,5.0,1.0,12.4,14.0,0
23.0,1.0,0.07142857142857142,8.0,287.0,4.0,3.0,6.0,1.0,20.5,13.0,0
30.0,0.0,0.0,9.0,176.0,3.0,5.0,7.0,3.0,22.0,31.0,0
9.0,0.0,0.0,8.0,201.0,3.0,3.0,5.0,1.0,15.461538461538462,14.0,0
28.0,1.0,0.3333333333333333,2.0,248.0,3.0,3.0,5.0,1.0,82.66666666666667,14.0,0
9.0,0.0,0.0,3.0,165.0,4.0,4.0,7.0,1.0,82.5,17.0,0
18.0,0.0,0.0,0.0,197.0,3.0,5.0,5.0,1.0,98.5,13.0,0
9.0,0.0,0.0,2.0,122.0,3.0,5.0,6.0,1.0,61.0,6.0,0
0.0,1.0,0.5,0.0,134.0,4.0,3.0,7.0,1.0,67.0,15.0,1
30.0,0.0,0.0,3.0,155.0,4.0,3.0,6.0,3.0,77.5,6.0,0
2.0,0.0,0.0,4.0,127.0,3.0,4.0,6.0,1.0,63.5,8.0,0
4.0,0.0,0.0,0.0,125.0,3.0,4.0,5.0,1.0,62.5,14.0,0
5.0,0.0,0.0,9.0,162.0,3.0,4.0,6.0,1.0,81.0,6.0,0
9.0,0.0,0.0,0.0,130.0,1.0,1.0,4.0,1.0,65.0,12.0,0
4.0,0.0,0.0,8.0,144.0,3.0,1.0,6.0,1.0,72.0,14.0,0
8.0,0.0,0.0,8.0,143.0,4.0,5.0,6.0,3.0,47.666666666666664,6.0,0
18.0,1.0,0.3333333333333333,0.0,232.0,3.0,5.0,5.0,1.0,77.33333333333333,12.0,0
10.0,0.0,0.0,2.0,237.0,3.0,3.0,4.0,1.0,79.0,13.0,0
19.0,1.0,0.5,2.0,150.0,3.0,4.0,6.0,2.0,75.0,11.0,0
3.0,1.0,0.25,0.0,151.0,4.0,1.0,6.0,1.0,37.75,6.0,0
8.0,0.0,0.0,4.0,129.0,4.0,3.0,7.0,1.0,64.5,6.0,0
28.0,0.0,0.0,0.0,202.0,3.0,1.0,6.0,3.0,101.0,6.0,0
11.0,1.0,0.5,9.0,153.0,5.0,1.0,8.0,1.0,76.5,12.0,0
7.0,0.0,0.0,3.0,143.0,3.0,4.0,6.0,1.0,71.5,6.0,0
29.0,0.0,0.0,2.0,173.0,5.0,1.0,7.0,1.0,86.5,13.0,0
0.0,0.0,0.0,0.0,123.0,3.0,5.0,6.0,3.0,61.5,14.0,0
9.0,0.0,0.0,3.0,121.0,3.0,1.0,6.0,1.0,60.5,15.0,0
3.0,0.0,0.0,8.0,142.0,4.0,1.0,8.0,1.0,12.909090909090908,8.0,0
9.0,0.0,0.0,7.0,196.0,4.0,1.0,7.0,3.0,39.2,15.0,1
13.0,0.0,0.0,11.0,235.0,4.0,4.0,7.0,1.0,78.33333333333333,6.0,0
24.0,1.0,0.5,0.0,154.0,3.0,1.0,6.0,3.0,77.0,27.0,0
3.0,1.0,0.3333333333333333,7.0,152.0,4.0,4.0,7.0,3.0,50.666666666666664,10.0,0
19.0,1.0,0.1,5.0,207.0,4.0,5.0,6.0,1.0,20.7,6.0,0
5.0,0.0,0.0,7.0,150.0,3.0,3.0,5.0,3.0,25.0,12.0,0
27.0,0.0,0.0,3.0,235.0,3.0,3.0,5.0,1.0,78.33333333333333,8.0,0
0.0,0.0,0.0,2.0,150.0,3.0,3.0,5.0,3.0,75.0,9.0,0
1.0,0.0,0.0,4.0,142.0,3.0,3.0,5.0,3.0,71.0,10.0,0
30.0,0.0,0.0,8.0,239.0,3.0,3.0,5.0,3.0,79.66666666666667,16.0,0
9.0,0.0,0.0,2.0,120.0,3.0,4.0,6.0,1.0,60.0,29.0,0
9.0,1.0,0.5,2.0,121.0,3.0,5.0,6.0,2.0,60.5,12.0,1
5.0,0.0,0.0,0.0,130.0,3.0,5.0,6.0,1.0,65.0,6.0,0
0.0,1.0,0.5,0.0,129.0,4.0,1.0,7.0,1.0,64.5,12.0,1
7.0,0.0,0.0,10.0,148.0,3.0,3.0,5.0,1.0,49.333333333333336,12.0,0
10.0,0.0,0.0,0.0,152.0,4.0,1.0,7.0,1.0,76.0,8.0,0
30.0,0.0,0.0,2.0,288.0,4.0,1.0,6.0,2.0,96.0,8.0,0
23.0,1.0,0.5,7.0,282.0,3.0,4.0,6.0,1.0,141.0,6.0,0
0.0,1.0,0.5,3.0,157.0,4.0,3.0,6.0,3.0,78.5,11.0,1
0.0,0.0,0.0,1.0,129.0,4.0,1.0,7.0,1.0,43.0,13.0,0
0.0,0.0,0.0,0.0,129.0,3.0,1.0,6.0,1.0,64.5,21.0,0
24.0,0.0,0.0,8.0,175.0,4.0,5.0,5.0,1.0,13.461538461538462,6.0,0
0.0,1.0,0.5,6.0,161.0,5.0,3.0,8.0,1.0,80.5,13.0,1
27.0,1.0,0.2,4.0,273.0,1.0,1.0,2.0,2.0,54.6,32.0,0
0.0,0.0,0.0,2.0,128.0,3.0,3.0,6.0,1.0,64.0,24.0,0
7.0,0.0,0.0,0.0,145.0,4.0,4.0,6.0,1.0,72.5,12.0,0
10.0,0.0,0.0,3.0,174.0,3.0,1.0,5.0,3.0,87.0,9.0,0
7.0,0.0,0.0,3.0,216.0,4.0,5.0,6.0,1.0,36.0,11.0,0
9.0,0.0,0.0,8.0,197.0,3.0,1.0,6.0,3.0,65.66666666666667,17.0,0
9.0,0.0,0.0,0.0,128.0,3.0,1.0,6.0,1.0,64.0,9.0,0
16.0,1.0,0.2,12.0,270.0,3.0,1.0,6.0,3.0,54.0,32.0,0
3.0,0.0,0.0,9.0,126.0,5.0,3.0,8.0,1.0,63.0,14.0,0
6.0,0.0,0.0,7.0,161.0,3.0,4.0,6.0,3.0,80.5,28.0,0
19.0,1.0,0.2,3.0,150.0,3.0,4.0,6.0,1.0,30.0,20.0,1
24.0,0.0,0.0,15.0,295.0,3.0,3.0,5.0,1.0,18.4375,12.0,0
0.0,1.0,0.125,7.0,162.0,5.0,3.0,8.0,3.0,20.25,12.0,1
0.0,0.0,0.0,3.0,124.0,4.0,4.0,6.0,1.0,24.8,14.0,0
20.0,0.0,0.0,6.0,203.0,3.0,1.0,6.0,1.0,12.6875,29.0,1
9.0,1.0,0.5,0.0,117.0,3.0,3.0,5.0,3.0,58.5,28.0,1
0.0,0.0,0.0,1.0,125.0,3.0,1.0,6.0,1.0,41.666666666666664,14.0,0
22.0,0.0,0.0,11.0,166.0,3.0,5.0,6.0,1.0,27.666666666666668,26.0,0
16.0,0.0,0.0,2.0,147.0,1.0,3.0,4.0,1.0,73.5,34.0,0
23.0,0.0,0.0,1.0,192.0,3.0,1.0,6.0,3.0,64.0,18.0,0
0.0,1.0,0.3333333333333333,2.0,146.0,5.0,3.0,8.0,3.0,48.666666666666664,26.0,1
14.0,1.0,0.5,7.0,182.0,3.0,3.0,6.0,3.0,91.0,15.0,0
0.0,0.0,0.0,7.0,129.0,3.0,3.0,6.0,2.0,21.5,31.0,0
9.0,0.0,0.0,1.0,149.0,3.0,4.0,5.0,1.0,74.5,12.0,0
14.0,0.0,0.0,3.0,207.0,5.0,1.0,7.0,1.0,103.5,14.0,1
12.0,0.0,0.0,9.0,159.0,4.0,3.0,6.0,3.0,26.5,10.0,0
0.0,0.0,0.0,2.0,186.0,4.0,3.0,6.0,3.0,62.0,34.0,0
3.0,1.0,0.2,7.0,163.0,3.0,1.0,5.0,2.0,32.6,15.0,0
0.0,0.0,0.0,4.0,142.0,3.0,5.0,5.0,1.0,71.0,15.0,1
18.0,0.0,0.0,3.0,135.0,3.0,1.0,5.0,1.0,67.5,35.0,0
11.0,1.0,0.3333333333333333,2.0,143.0,3.0,3.0,5.0,1.0,47.666666666666664,9.0,0
3.0,0.0,0.0,4.0,126.0,3.0,3.0,6.0,1.0,63.0,14.0,0
5.0,0.0,0.0,7.0,147.0,5.0,1.0,7.0,3.0,73.5,15.0,0
3.0,0.0,0.0,30.0,132.0,3.0,5.0,5.0,1.0,44.0,11.0,0
3.0,0.0,0.0,2.0,127.0,4.0,1.0,7.0,1.0,63.5,8.0,0
14.0,0.0,0.0,7.0,272.0,4.0,5.0,7.0,1.0,34.0,16.0,0
9.0,0.0,0.0,4.0,122.0,3.0,5.0,6.0,1.0,61.0,15.0,0
9.0,0.0,0.0,0.0,115.0,3.0,4.0,6.0,1.0,57.5,9.0,0
13.0,0.0,0.0,13.0,156.0,3.0,4.0,5.0,1.0,52.0,32.0,0
8.0,0.0,0.0,6.0,173.0,3.0,4.0,6.0,3.0,86.5,6.0,0
9.0,1.0,0.2,5.0,123.0,3.0,3.0,5.0,3.0,24.6,12.0,0
18.0,0.0,0.0,15.0,123.0,3.0,4.0,5.0,1.0,61.5,14.0,0
5.0,0.0,0.0,7.0,190.0,3.0,1.0,5.0,3.0,47.5,14.0,0
2.0,0.0,0.0,9.0,143.0,3.0,3.0,5.0,1.0,71.5,6.0,0
24.0,0.0,0.0,0.0,161.0,4.0,3.0,6.0,1.0,80.5,13.0,0
30.0,1.0,0.5,0.0,133.0,4.0,4.0,7.0,1.0,66.5,15.0,0
13.0,0.0,0.0,11.0,209.0,4.0,1.0,7.0,3.0,69.66666666666667,10.0,0
9.0,0.0,0.0,2.0,122.0,3.0,3.0,6.0,3.0,61.0,8.0,0
0.0,0.0,0.0,2.0,123.0,3.0,1.0,6.0,1.0,41.0,14.0,0
9.0,0.0,0.0,2.0,120.0,3.0,4.0,5.0,1.0,40.0,15.0,0
1.0,0.0,0.0,2.0,127.0,3.0,1.0,6.0,1.0,63.5,27.0,0
30.0,1.0,0.5,4.0,194.0,1.0,1.0,3.0,1.0,97.0,30.0,0
0.0,1.0,0.5,1.0,126.0,4.0,3.0,7.0,1.0,63.0,14.0,0
23.0,0.0,0.0,4.0,299.0,3.0,4.0,5.0,1.0,59.8,17.0,0
14.0,0.0,0.0,8.0,125.0,3.0,3.0,5.0,1.0,62.5,14.0,0
3.0,0.0,0.0,4.0,194.0,3.0,1.0,5.0,3.0,24.25,11.0,0
11.0,0.0,0.0,7.0,187.0,4.0,1.0,6.0,3.0,93.5,6.0,0
5.0,0.0,0.0,4.0,130.0,3.0,3.0,6.0,1.0,65.0,12.0,0
0.0,1.0,0.5,1.0,131.0,3.0,4.0,6.0,1.0,65.5,23.0,0
0.0,0.0,0.0,0.0,123.0,5.0,5.0,8.0,3.0,61.5,14.0,1
9.0,0.0,0.0,2.0,121.0,3.0,4.0,4.0,1.0,15.125,9.0,0
3.0,0.0,0.0,10.0,131.0,3.0,5.0,6.0,1.0,18.714285714285715,15.0,0
18.0,1.0,0.5,3.0,150.0,3.0,5.0,4.0,3.0,75.0,10.0,0
29.0,1.0,0.3333333333333333,2.0,143.0,3.0,5.0,6.0,1.0,47.666666666666664,14.0,0
6.0,0.0,0.0,2.0,125.0,3.0,1.0,5.0,1.0,62.5,14.0,0
0.0,0.0,0.0,0.0,111.0,4.0,1.0,6.0,1.0,55.5,8.0,1
19.0,0.0,0.0,7.0,205.0,3.0,5.0,6.0,3.0,12.8125,6.0,0
9.0,0.0,0.0,1.0,123.0,3.0,1.0,6.0,1.0,41.0,15.0,0
4.0,1.0,0.5,2.0,139.0,3.0,1.0,6.0,1.0,69.5,18.0,0
9.0,0.0,0.0,2.0,123.0,3.0,4.0,6.0,1.0,61.5,33.0,0
4.0,1.0,0.5,2.0,131.0,3.0,4.0,6.0,3.0,65.5,26.0,1
23.0,0.0,0.0,2.0,137.0,4.0,3.0,6.0,1.0,68.5,6.0,0
26.0,0.0,0.0,3.0,145.0,1.0,5.0,3.0,1.0,72.5,19.0,0
6.0,0.0,0.0,6.0,128.0,3.0,4.0,6.0,1.0,64.0,20.0,0
13.0,0.0,0.0,9.0,290.0,3.0,3.0,5.0,1.0,29.0,10.0,0
28.0,0.0,0.0,15.0,287.0,1.0,4.0,4.0,1.0,95.66666666666667,20.0,0
7.0,0.0,0.0,9.0,195.0,4.0,3.0,6.0,1.0,97.5,8.0,0
24.0,0.0,0.0,0.0,237.0,3.0,4.0,6.0,1.0,79.0,9.0,0
25.0,0.0,0.0,9.0,300.0,4.0,3.0,7.0,1.0,25.0,6.0,0
9.0,0.0,0.0,3.0,123.0,3.0,4.0,7.0,1.0,61.5,15.0,0
0.0,1.0,0.5,1.0,159.0,4.0,3.0,6.0,1.0,79.5,29.0,1
9.0,0.0,0.0,2.0,121.0,1.0,1.0,3.0,1.0,40.333333333333336,13.0,0
18.0,0.0,0.0,8.0,268.0,4.0,1.0,7.0,1.0,22.333333333333332,8.0,0
10.0,1.0,0.5,7.0,136.0,1.0,5.0,4.0,1.0,68.0,27.0,0
8.0,0.0,0.0,2.0,144.0,3.0,4.0,5.0,1.0,72.0,8.0,0
15.0,0.0,0.0,2.0,153.0,3.0,3.0,5.0,1.0,76.5,27.0,0
11.0,0.0,0.0,0.0,166.0,3.0,3.0,5.0,1.0,83.0,8.0,0
11.0,0.0,0.0,7.0,163.0,3.0,1.0,5.0,1.0,81.5,35.0,0
0.0,0.0,0.0,0.0,143.0,4.0,5.0,6.0,1.0,47.666666666666664,6.0,0
22.0,1.0,0.5,7.0,168.0,3.0,1.0,6.0,1.0,84.0,24.0,0
7.0,1.0,0.3333333333333333,0.0,138.0,3.0,3.0,5.0,1.0,46.0,16.0,0
13.0,1.0,0.25,7.0,127.0,3.0,1.0,6.0,1.0,31.75,25.0,0
1.0,1.0,0.5,0.0,167.0,3.0,5.0,6.0,1.0,83.5,35.0,1
0.0,0.0,0.0,9.0,176.0,3.0,1.0,5.0,3.0,88.0,33.0,1
0.0,1.0,0.3333333333333333,2.0,123.0,1.0,4.0,3.0,1.0,41.0,14.0,0
9.0,0.0,0.0,7.0,122.0,3.0,1.0,6.0,1.0,61.0,24.0,0
13.0,0.0,0.0,2.0,149.0,4.0,1.0,7.0,1.0,74.5,15.0,0
19.0,0.0,0.0,3.0,194.0,3.0,5.0,6.0,1.0,97.0,6.0,0
0.0,0.0,0.0,8.0,204.0,5.0,1.0,7.0,3.0,20.4,10.0,1
3.0,0.0,0.0,8.0,185.0,4.0,3.0,6.0,1.0,30.833333333333332,6.0,0
0.0,0.0,0.0,7.0,200.0,3.0,3.0,5.0,3.0,100.0,26.0,0
24.0,0.0,0.0,3.0,225.0,4.0,4.0,6.0,1.0,45.0,14.0,0
0.0,1.0,0.5,4.0,127.0,3.0,5.0,5.0,1.0,63.5,14.0,1
14.0,1.0,0.3333333333333333,0.0,236.0,3.0,1.0,6.0,3.0,78.66666666666667,12.0,0
0.0,0.0,0.0,1.0,167.0,4.0,5.0,6.0,3.0,83.5,32.0,1
9.0,0.0,0.0,5.0,121.0,3.0,3.0,5.0,1.0,60.5,6.0,1
18.0,0.0,0.0,8.0,189.0,4.0,1.0,6.0,3.0,14.538461538461538,12.0,0
27.0,0.0,0.0,5.0,159.0,3.0,5.0,5.0,3.0,79.5,9.0,0
9.0,0.0,0.0,7.0,159.0,3.0,4.0,6.0,1.0,39.75,11.0,0
6.0,0.0,0.0,1.0,126.0,4.0,4.0,6.0,1.0,63.0,14.0,0
10.0,1.0,0.5,3.0,222.0,3.0,1.0,5.0,1.0,111.0,17.0,0
11.0,0.0,0.0,13.0,206.0,3.0,3.0,6.0,3.0,34.333333333333336,9.0,0
4.0,0.0,0.0,4.0,143.0,5.0,3.0,7.0,1.0,71.5,6.0,0
9.0,0.0,0.0,0.0,122.0,4.0,1.0,7.0,1.0,61.0,9.0,0
10.0,0.0,0.0,8.0,128.0,3.0,1.0,6.0,3.0,21.333333333333332,10.0,0
2.0,0.0,0.0,1.0,179.0,3.0,1.0,5.0,3.0,35.8,6.0,0
8.0,0.0,0.0,8.0,188.0,3.0,3.0,6.0,3.0,94.0,6.0,0
0.0,1.0,0.5,1.0,124.0,4.0,1.0,6.0,1.0,62.0,14.0,1
25.0,0.0,0.0,2.0,132.0,4.0,1.0,6.0,1.0,44.0,8.0,0
15.0,0.0,0.0,15.0,292.0,3.0,1.0,5.0,1.0,24.333333333333332,10.0,0
9.0,0.0,0.0,2.0,123.0,3.0,3.0,5.0,2.0,41.0,12.0,0
23.0,0.0,0.0,6.0,295.0,3.0,1.0,6.0,3.0,147.5,6.0,0
0.0,1.0,0.5,4.0,124.0,3.0,1.0,5.0,1.0,62.0,14.0,1
16.0,1.0,0.3333333333333333,9.0,261.0,3.0,1.0,6.0,3.0,87.0,22.0,0
0.0,0.0,0.0,7.0,127.0,3.0,5.0,6.0,1.0,63.5,8.0,1
25.0,1.0,0.0625,12.0,291.0,4.0,3.0,7.0,3.0,18.1875,8.0,0
5.0,0.0,0.0,2.0,139.0,3.0,4.0,5.0,3.0,69.5,10.0,0
0.0,1.0,0.5,2.0,137.0,4.0,3.0,7.0,1.0,68.5,6.0,1
9.0,0.0,0.0,2.0,122.0,3.0,3.0,6.0,1.0,61.0,6.0,0
5.0,0.0,0.0,2.0,145.0,3.0,1.0,6.0,3.0,48.333333333333336,32.0,0
14.0,0.0,0.0,0.0,131.0,3.0,5.0,6.0,1.0,65.5,25.0,0
13.0,0.0,0.0,7.0,133.0,3.0,1.0,6.0,1.0,26.6,30.0,0
18.0,0.0,0.0,7.0,292.0,1.0,1.0,4.0,1.0,146.0,6.0,0
4.0,0.0,0.0,2.0,237.0,3.0,3.0,6.0,1.0,79.0,9.0,0
6.0,0.0,0.0,2.0,129.0,4.0,1.0,7.0,1.0,64.5,11.0,0
7.0,0.0,0.0,9.0,160.0,4.0,5.0,6.0,1.0,26.666666666666668,8.0,0
10.0,0.0,0.0,2.0,139.0,4.0,5.0,6.0,1.0,69.5,6.0,0
18.0,0.0,0.0,2.0,164.0,1.0,3.0,4.0,1.0,82.0,13.0,0
0.0,0.0,0.0,0.0,200.0,3.0,3.0,6.0,1.0,100.0,16.0,1
12.0,0.0,0.0,3.0,209.0,3.0,3.0,6.0,1.0,17.416666666666668,8.0,0
2.0,0.0,0.0,5.0,123.0,3.0,1.0,5.0,1.0,61.5,14.0,0
15.0,1.0,0.5,2.0,165.0,1.0,5.0,3.0,1.0,82.5,23.0,0
2.0,0.0,0.0,2.0,169.0,3.0,1.0,5.0,3.0,84.5,26.0,0
0.0,0.0,0.0,2.0,149.0,3.0,3.0,6.0,1.0,74.5,6.0,0
15.0,1.0,0.125,8.0,126.0,4.0,5.0,6.0,1.0,15.75,14.0,0
13.0,0.0,0.0,9.0,294.0,3.0,3.0,5.0,1.0,73.5,8.0,0
24.0,0.0,0.0,0.0,127.0,3.0,1.0,6.0,1.0,63.5,6.0,0
0.0,0.0,0.0,4.0,135.0,4.0,4.0,7.0,1.0,67.5,35.0,1
5.0,0.0,0.0,3.0,128.0,1.0,4.0,4.0,1.0,64.0,13.0,0
11.0,0.0,0.0,5.0,152.0,4.0,1.0,6.0,3.0,19.0,8.0,0
9.0,0.0,0.0,4.0,122.0,4.0,5.0,6.0,1.0,61.0,8.0,0
19.0,1.0,0.125,7.0,269.0,5.0,4.0,8.0,3.0,33.625,8.0,0
0.0,0.0,0.0,0.0,135.0,3.0,3.0,6.0,1.0,67.5,8.0,1
2.0,0.0,0.0,0.0,166.0,4.0,4.0,7.0,3.0,83.0,8.0,0
4.0,0.0,0.0,8.0,156.0,4.0,1.0,7.0,1.0,19.5,29.0,0
0.0,0.0,0.0,5.0,140.0,1.0,5.0,3.0,1.0,70.0,11.0,0
18.0,1.0,0.3333333333333333,10.0,235.0,3.0,1.0,6.0,1.0,78.33333333333333,26.0,0
9.0,0.0,0.0,11.0,132.0,3.0,1.0,5.0,1.0,12.0,12.0,0
28.0,1.0,0.2,13.0,290.0,3.0,5.0,5.0,1.0,58.0,6.0,0
10.0,1.0,0.1,3.0,218.0,3.0,4.0,5.0,1.0,21.8,35.0,1
9.0,0.0,0.0,4.0,121.0,3.0,1.0,6.0,1.0,60.5,15.0,0
10.0,0.0,0.0,1.0,165.0,3.0,1.0,6.0,3.0,82.5,12.0,0
0.0,0.0,0.0,0.0,132.0,4.0,3.0,7.0,1.0,66.0,9.0,0
10.0,1.0,0.3333333333333333,2.0,236.0,3.0,1.0,6.0,1.0,78.66666666666667,6.0,0
8.0,0.0,0.0,3.0,220.0,1.0,4.0,4.0,1.0,31.428571428571427,28.0,0
11.0,1.0,0.125,7.0,156.0,1.0,5.0,3.0,3.0,19.5,13.0,0
0.0,0.0,0.0,4.0,164.0,3.0,4.0,5.0,1.0,82.0,6.0,0
23.0,0.0,0.0,6.0,291.0,3.0,4.0,6.0,1.0,145.5,10.0,0
26.0,1.0,0.5,3.0,276.0,3.0,3.0,5.0,1.0,138.0,9.0,0
15.0,0.0,0.0,6.0,149.0,3.0,3.0,4.0,3.0,12.416666666666666,6.0,0
2.0,0.0,0.0,9.0,146.0,3.0,1.0,5.0,3.0,73.0,8.0,0
28.0,1.0,0.5,8.0,154.0,3.0,1.0,5.0,1.0,77.0,26.0,0
0.0,1.0,0.25,3.0,147.0,3.0,5.0,5.0,1.0,36.75,17.0,0
9.0,0.0,0.0,7.0,121.0,3.0,1.0,5.0,1.0,20.166666666666668,6.0,0
7.0,1.0,0.5,0.0,132.0,3.0,3.0,6.0,1.0,66.0,30.0,1
11.0,0.0,0.0,2.0,157.0,3.0,1.0,5.0,1.0,78.5,29.0,0
0.0,1.0,0.5,2.0,124.0,3.0,4.0,5.0,1.0,62.0,14.0,1
1.0,0.0,0.0,2.0,133.0,3.0,1.0,6.0,1.0,66.5,14.0,0
22.0,1.0,0.5,2.0,287.0,3.0,5.0,5.0,1.0,143.5,16.0,0
9.0,0.0,0.0,7.0,145.0,3.0,4.0,4.0,1.0,18.125,9.0,0
4.0,0.0,0.0,2.0,128.0,3.0,4.0,6.0,3.0,42.666666666666664,11.0,0
0.0,1.0,0.125,4.0,158.0,4.0,1.0,6.0,3.0,19.75,10.0,1
10.0,1.0,0.5,2.0,123.0,3.0,1.0,5.0,1.0,61.5,14.0,0
15.0,0.0,0.0,8.0,235.0,3.0,4.0,6.0,3.0,78.33333333333333,32.0,0
9.0,0.0,0.0,0.0,114.0,3.0,3.0,5.0,1.0,57.0,9.0,1
8.0,0.0,0.0,9.0,180.0,3.0,4.0,6.0,3.0,25.714285714285715,22.0,0
9.0,0.0,0.0,0.0,137.0,1.0,1.0,3.0,1.0,68.5,24.0,0
24.0,0.0,0.0,2.0,155.0,5.0,4.0,7.0,1.0,77.5,8.0,0
14.0,0.0,0.0,4.0,260.0,3.0,4.0,5.0,3.0,86.66666666666667,8.0,0
9.0,0.0,0.0,0.0,112.0,4.0,3.0,7.0,3.0,56.0,16.0,0
1.0,0.0,0.0,7.0,157.0,1.0,5.0,4.0,1.0,78.5,22.0,0
4.0,0.0,0.0,7.0,169.0,1.0,1.0,4.0,3.0,21.125,13.0,0
12.0,0.0,0.0,7.0,196.0,1.0,1.0,3.0,1.0,49.0,6.0,0
9.0,0.0,0.0,8.0,157.0,3.0,4.0,5.0,1.0,78.5,30.0,0
5.0,0.0,0.0,8.0,155.0,4.0,3.0,7.0,3.0,31.0,13.0,0
11.0,0.0,0.0,3.0,221.0,4.0,4.0,6.0,1.0,110.5,31.0,0
30.0,1.0,0.5,2.0,157.0,5.0,3.0,7.0,1.0,78.5,6.0,0
4.0,1.0,0.5,3.0,148.0,3.0,1.0,5.0,1.0,74.0,11.0,0
4.0,0.0,0.0,0.0,164.0,4.0,5.0,7.0,2.0,82.0,8.0,0
18.0,0.0,0.0,11.0,152.0,3.0,5.0,6.0,1.0,15.2,13.0,0
4.0,1.0,0.3333333333333333,2.0,127.0,3.0,1.0,6.0,1.0,42.333333333333336,8.0,0
6.0,0.0,0.0,3.0,219.0,3.0,4.0,6.0,1.0,24.333333333333332,11.0,0
0.0,1.0,0.08333333333333333,10.0,271.0,3.0,5.0,6.0,1.0,22.583333333333332,16.0,0
16.0,0.0,0.0,7.0,125.0,3.0,1.0,5.0,1.0,62.5,14.0,0
22.0,1.0,0.3333333333333333,7.0,240.0,4.0,3.0,6.0,1.0,80.0,6.0,0
15.0,0.0,0.0,7.0,149.0,4.0,4.0,6.0,1.0,18.625,14.0,1
0.0,1.0,0.5,2.0,125.0,3.0,4.0,5.0,1.0,62.5,14.0,0
5.0,1.0,0.08333333333333333,9.0,152.0,4.0,4.0,7.0,3.0,12.666666666666666,14.0,0
0.0,1.0,0.5,4.0,145.0,3.0,3.0,6.0,3.0,72.5,8.0,0
4.0,0.0,0.0,7.0,175.0,3.0,1.0,6.0,3.0,87.5,13.0,0
5.0,0.0,0.0,7.0,151.0,1.0,1.0,4.0,1.0,75.5,8.0,0
0.0,1.0,0.3333333333333333,2.0,135.0,5.0,1.0,7.0,1.0,45.0,8.0,1
3.0,0.0,0.0,9.0,158.0,3.0,1.0,6.0,1.0,79.0,34.0,0
4.0,0.0,0.0,9.0,189.0,4.0,3.0,6.0,1.0,21.0,13.0,0
12.0,0.0,0.0,3.0,293.0,4.0,1.0,6.0,1.0,20.928571428571427,13.0,0
2.0,1.0,0.5,0.0,152.0,3.0,3.0,5.0,3.0,76.0,9.0,1
6.0,0.0,0.0,1.0,147.0,4.0,1.0,6.0,3.0,73.5,16.0,0
20.0,0.0,0.0,1.0,283.0,3.0,3.0,5.0,1.0,141.5,11.0,0
16.0,0.0,0.0,0.0,153.0,4.0,3.0,6.0,1.0,76.5,16.0,0
0.0,1.0,0.5,4.0,163.0,3.0,4.0,6.0,3.0,81.5,6.0,0
27.0,0.0,0.0,3.0,149.0,3.0,3.0,5.0,1.0,74.5,26.0,0
16.0,0.0,0.0,0.0,200.0,3.0,5.0,5.0,1.0,100.0,13.0,0
18.0,0.0,0.0,8.0,137.0,3.0,1.0,6.0,1.0,13.7,14.0,0
13.0,1.0,0.5,2.0,175.0,5.0,1.0,7.0,3.0,87.5,6.0,0
9.0,1.0,0.5,7.0,121.0,5.0,5.0,8.0,1.0,60.5,14.0,1
2.0,0.0,0.0,2.0,140.0,4.0,1.0,5.0,1.0,46.666666666666664,15.0,0
3.0,0.0,0.0,2.0,161.0,4.0,3.0,5.0,3.0,80.5,11.0,0
0.0,0.0,0.0,7.0,162.0,3.0,4.0,5.0,3.0,81.0,14.0,0
10.0,0.0,0.0,4.0,163.0,3.0,1.0,6.0,1.0,81.5,11.0,0
11.0,1.0,0.3333333333333333,3.0,215.0,4.0,1.0,7.0,1.0,71.66666666666667,21.0,0
4.0,1.0,0.2,10.0,171.0,3.0,1.0,5.0,1.0,34.2,13.0,0
2.0,1.0,0.5,7.0,183.0,4.0,4.0,6.0,3.0,91.5,16.0,0
8.0,0.0,0.0,13.0,181.0,3.0,4.0,6.0,1.0,90.5,11.0,0
0.0,0.0,0.0,2.0,129.0,3.0,1.0,6.0,1.0,64.5,32.0,0
14.0,1.0,0.5,2.0,160.0,4.0,4.0,7.0,1.0,80.0,12.0,0
20.0,0.0,0.0,0.0,130.0,3.0,3.0,6.0,3.0,65.0,10.0,0
15.0,0.0,0.0,0.0,260.0,3.0,1.0,5.0,1.0,86.66666666666667,29.0,0
2.0,0.0,0.0,2.0,146.0,3.0,3.0,6.0,3.0,73.0,8.0,0
15.0,1.0,0.5,0.0,127.0,3.0,3.0,6.0,2.0,63.5,8.0,0
5.0,0.0,0.0,7.0,124.0,3.0,4.0,6.0,1.0,62.0,14.0,0
21.0,0.0,0.0,3.0,225.0,3.0,3.0,6.0,3.0,112.5,35.0,0
10.0,1.0,0.14285714285714285,7.0,160.0,1.0,5.0,3.0,1.0,22.857142857142858,12.0,0
3.0,1.0,0.3333333333333333,2.0,147.0,3.0,3.0,5.0,3.0,49.0,31.0,0
0.0,0.0,0.0,7.0,153.0,3.0,3.0,5.0,3.0,19.125,6.0,0
15.0,0.0,0.0,0.0,168.0,4.0,1.0,7.0,1.0,84.0,8.0,0
9.0,1.0,0.5,2.0,122.0,4.0,4.0,7.0,3.0,61.0,6.0,1
9.0,0.0,0.0,0.0,167.0,3.0,1.0,5.0,3.0,83.5,6.0,0
9.0,0.0,0.0,12.0,197.0,4.0,1.0,6.0,3.0,98.5,9.0,0
30.0,0.0,0.0,2.0,168.0,3.0,3.0,5.0,1.0,84.0,6.0,0
9.0,1.0,0.5,7.0,122.0,1.0,3.0,3.0,1.0,61.0,16.0,0
0.0,0.0,0.0,2.0,126.0,3.0,1.0,5.0,3.0,42.0,14.0,0
0.0,1.0,0.5,0.0,129.0,3.0,3.0,6.0,3.0,64.5,11.0,1
10.0,0.0,0.0,3.0,135.0,3.0,5.0,6.0,1.0,67.5,16.0,0
19.0,0.0,0.0,0.0,153.0,3.0,3.0,4.0,1.0,76.5,13.0,0
4.0,0.0,0.0,7.0,194.0,3.0,4.0,5.0,3.0,24.25,10.0,1
23.0,0.0,0.0,3.0,205.0,4.0,1.0,7.0,1.0,102.5,16.0,0
3.0,1.0,0.5,0.0,164.0,4.0,3.0,7.0,3.0,82.0,28.0,1
4.0,1.0,0.3333333333333333,2.0,127.0,4.0,4.0,6.0,1.0,42.333333333333336,14.0,0
0.0,0.0,0.0,0.0,127.0,1.0,4.0,4.0,3.0,63.5,18.0,1
9.0,0.0,0.0,2.0,122.0,3.0,1.0,5.0,1.0,61.0,29.0,0
8.0,0.0,0.0,0.0,165.0,4.0,4.0,7.0,1.0,82.5,15.0,0
0.0,0.0,0.0,4.0,138.0,3.0,4.0,5.0,1.0,69.0,6.0,0
1.0,0.0,0.0,7.0,153.0,3.0,1.0,6.0,3.0,76.5,15.0,0
22.0,0.0,0.0,3.0,210.0,4.0,3.0,6.0,1.0,105.0,13.0,0
24.0,0.0,0.0,7.0,149.0,3.0,1.0,5.0,3.0,74.5,20.0,0
9.0,0.0,0.0,2.0,125.0,3.0,3.0,6.0,1.0,41.666666666666664,14.0,0
0.0,1.0,0.5,4.0,153.0,1.0,1.0,4.0,3.0,76.5,25.0,1
28.0,1.0,0.5,2.0,267.0,3.0,1.0,6.0,1.0,133.5,8.0,0
0.0,1.0,0.5,3.0,143.0,3.0,3.0,6.0,3.0,71.5,16.0,0
3.0,0.0,0.0,0.0,125.0,3.0,4.0,6.0,3.0,62.5,14.0,0
0.0,0.0,0.0,4.0,131.0,3.0,5.0,6.0,1.0,65.5,9.0,1
9.0,0.0,0.0,2.0,122.0,3.0,4.0,5.0,1.0,61.0,17.0,0
9.0,0.0,0.0,0.0,176.0,4.0,3.0,7.0,3.0,17.6,8.0,0
9.0,1.0,0.5,0.0,123.0,3.0,1.0,5.0,1.0,61.5,10.0,1
10.0,0.0,0.0,17.0,130.0,3.0,5.0,6.0,1.0,10.0,20.0,0
13.0,0.0,0.0,3.0,157.0,3.0,4.0,5.0,3.0,78.5,8.0,0
15.0,0.0,0.0,2.0,126.0,3.0,5.0,6.0,1.0,63.0,14.0,0
10.0,1.0,0.5,1.0,142.0,3.0,4.0,5.0,1.0,71.0,16.0,0
16.0,0.0,0.0,9.0,243.0,4.0,4.0,6.0,1.0,81.0,18.0,0
13.0,0.0,0.0,0.0,134.0,4.0,3.0,7.0,1.0,67.0,8.0,0
27.0,0.0,0.0,2.0,294.0,3.0,5.0,5.0,1.0,147.0,11.0,0
7.0,0.0,0.0,2.0,165.0,3.0,3.0,6.0,3.0,82.5,10.0,0
4.0,0.0,0.0,12.0,143.0,3.0,5.0,5.0,1.0,35.75,13.0,0
9.0,0.0,0.0,2.0,123.0,3.0,1.0,6.0,1.0,61.5,27.0,0
16.0,1.0,0.5,2.0,145.0,3.0,3.0,6.0,1.0,72.5,14.0,0
0.0,1.0,0.5,3.0,145.0,4.0,1.0,7.0,3.0,72.5,10.0,0
10.0,1.0,0.09090909090909091,7.0,144.0,3.0,3.0,6.0,1.0,13.090909090909092,31.0,0
9.0,0.0,0.0,2.0,122.0,4.0,5.0,7.0,1.0,30.5,6.0,0
12.0,1.0,0.5,6.0,292.0,3.0,3.0,5.0,1.0,146.0,6.0,0
29.0,0.0,0.0,7.0,232.0,1.0,5.0,3.0,3.0,77.33333333333333,12.0,0
3.0,0.0,0.0,4.0,166.0,3.0,3.0,5.0,3.0,33.2,18.0,0
14.0,0.0,0.0,7.0,184.0,1.0,5.0,3.0,3.0,92.0,6.0,0
1.0,0.0,0.0,8.0,146.0,3.0,5.0,6.0,1.0,73.0,23.0,0
0.0,0.0,0.0,2.0,140.0,3.0,5.0,6.0,1.0,70.0,9.0,1
25.0,1.0,0.5,4.0,180.0,4.0,3.0,6.0,1.0,90.0,9.0,0
18.0,0.0,0.0,2.0,127.0,3.0,1.0,6.0,1.0,63.5,14.0,0
25.0,0.0,0.0,4.0,266.0,3.0,1.0,4.0,1.0,133.0,10.0,0
15.0,0.0,0.0,2.0,146.0,3.0,3.0,6.0,1.0,73.0,35.0,0
3.0,0.0,0.0,2.0,161.0,5.0,1.0,7.0,1.0,80.5,8.0,0
30.0,0.0,0.0,10.0,296.0,3.0,5.0,5.0,1.0,24.666666666666668,13.0,0
19.0,0.0,0.0,8.0,148.0,3.0,3.0,5.0,1.0,74.0,24.0,0
15.0,0.0,0.0,4.0,145.0,4.0,1.0,6.0,1.0,72.5,34.0,0
0.0,1.0,0.5,4.0,132.0,3.0,4.0,6.0,3.0,66.0,6.0,1
0.0,0.0,0.0,0.0,124.0,5.0,3.0,7.0,3.0,62.0,14.0,1
9.0,1.0,0.5,0.0,117.0,3.0,1.0,5.0,1.0,58.5,8.0,0
13.0,0.0,0.0,12.0,280.0,3.0,3.0,6.0,3.0,140.0,8.0,0
0.0,0.0,0.0,2.0,129.0,3.0,1.0,6.0,1.0,64.5,29.0,0
9.0,0.0,0.0,4.0,121.0,3.0,1.0,5.0,1.0,60.5,9.0,0
2.0,0.0,0.0,3.0,219.0,4.0,3.0,7.0,1.0,109.5,9.0,0
0.0,0.0,0.0,1.0,125.0,4.0,4.0,7.0,1.0,62.5,14.0,1
0.0,0.0,0.0,0.0,126.0,4.0,1.0,6.0,2.0,63.0,14.0,1
3.0,0.0,0.0,8.0,184.0,3.0,5.0,6.0,3.0,23.0,28.0,0
30.0,0.0,0.0,0.0,241.0,4.0,1.0,6.0,3.0,80.33333333333333,35.0,0
23.0,0.0,0.0,7.0,270.0,4.0,3.0,6.0,1.0,16.875,35.0,0
3.0,0.0,0.0,7.0,126.0,3.0,1.0,5.0,1.0,18.0,14.0,0
30.0,0.0,0.0,11.0,203.0,4.0,5.0,7.0,3.0,14.5,34.0,0
20.0,0.0,0.0,4.0,151.0,3.0,1.0,6.0,1.0,75.5,8.0,0
19.0,0.0,0.0,1.0,279.0,3.0,3.0,5.0,1.0,139.5,8.0,0
8.0,0.0,0.0,3.0,142.0,5.0,3.0,7.0,1.0,28.4,28.0,0
27.0,0.0,0.0,0.0,138.0,3.0,3.0,5.0,1.0,69.0,5.0,0
7.0,0.0,0.0,7.0,128.0,4.0,3.0,7.0,1.0,21.333333333333332,8.0,0
5.0,1.0,0.5,2.0,191.0,4.0,1.0,7.0,3.0,95.5,16.0,0
4.0,0.0,0.0,8.0,206.0,3.0,4.0,5.0,1.0,103.0,15.0,0
0.0,1.0,0.3333333333333333,7.0,236.0,3.0,3.0,5.0,1.0,78.66666666666667,21.0,1
0.0,0.0,0.0,3.0,134.0,5.0,1.0,7.0,1.0,67.0,16.0,1
3.0,0.0,0.0,2.0,130.0,3.0,4.0,6.0,3.0,65.0,13.0,0
8.0,1.0,0.5,0.0,176.0,3.0,3.0,6.0,1.0,88.0,22.0,0
0.0,0.0,0.0,0.0,198.0,3.0,3.0,6.0,1.0,99.0,26.0,1
0.0,1.0,0.5,2.0,200.0,3.0,5.0,5.0,2.0,100.0,29.0,1
9.0,0.0,0.0,0.0,121.0,3.0,3.0,6.0,1.0,40.333333333333336,11.0,0
9.0,0.0,0.0,7.0,200.0,3.0,1.0,5.0,3.0,20.0,16.0,0
0.0,0.0,0.0,2.0,139.0,4.0,3.0,7.0,1.0,69.5,10.0,1
21.0,0.0,0.0,7.0,141.0,3.0,1.0,5.0,3.0,20.142857142857142,8.0,0
28.0,0.0,0.0,8.0,268.0,3.0,4.0,5.0,3.0,33.5,24.0,0
14.0,0.0,0.0,10.0,162.0,3.0,1.0,5.0,3.0,81.0,16.0,0
8.0,0.0,0.0,9.0,147.0,3.0,3.0,5.0,3.0,21.0,6.0,0
13.0,0.0,0.0,13.0,232.0,3.0,3.0,6.0,1.0,77.33333333333333,12.0,0
12.0,0.0,0.0,7.0,138.0,3.0,3.0,5.0,1.0,69.0,14.0,0
4.0,1.0,0.5,5.0,166.0,3.0,1.0,6.0,3.0,83.0,8.0,0
15.0,1.0,0.16666666666666666,8.0,174.0,3.0,5.0,5.0,1.0,29.0,30.0,0
18.0,0.0,0.0,7.0,148.0,3.0,4.0,6.0,3.0,37.0,8.0,0
0.0,1.0,0.5,0.0,127.0,3.0,3.0,6.0,2.0,63.5,23.0,1
2.0,0.0,0.0,2.0,143.0,3.0,1.0,5.0,1.0,71.5,25.0,0
6.0,0.0,0.0,5.0,262.0,1.0,3.0,4.0,1.0,131.0,6.0,0
4.0,0.0,0.0,3.0,216.0,4.0,1.0,6.0,3.0,108.0,13.0,0
9.0,1.0,0.5,0.0,119.0,3.0,4.0,6.0,3.0,59.5,11.0,1
13.0,0.0,0.0,3.0,209.0,5.0,5.0,7.0,3.0,104.5,34.0,0
14.0,1.0,0.5,7.0,168.0,4.0,3.0,7.0,1.0,84.0,8.0,0
0.0,0.0,0.0,0.0,143.0,3.0,3.0,5.0,3.0,71.5,35.0,0
8.0,0.0,0.0,3.0,149.0,3.0,3.0,6.0,3.0,74.5,6.0,0
7.0,0.0,0.0,7.0,153.0,1.0,1.0,4.0,3.0,25.5,27.0,0
0.0,1.0,0.5,0.0,123.0,5.0,1.0,8.0,1.0,61.5,14.0,1
10.0,0.0,0.0,2.0,175.0,3.0,1.0,5.0,1.0,87.5,6.0,0
19.0,0.0,0.0,2.0,205.0,3.0,3.0,5.0,1.0,102.5,24.0,0
14.0,0.0,0.0,8.0,266.0,3.0,5.0,6.0,3.0,22.166666666666668,8.0,0
10.0,0.0,0.0,7.0,188.0,3.0,4.0,6.0,3.0,23.5,15.0,0
25.0,1.0,0.14285714285714285,9.0,156.0,3.0,5.0,6.0,1.0,22.285714285714285,12.0,0
0.0,0.0,0.0,2.0,147.0,1.0,3.0,3.0,3.0,73.5,17.0,1
0.0,0.0,0.0,1.0,124.0,3.0,1.0,5.0,3.0,41.333333333333336,14.0,0
11.0,0.0,0.0,0.0,198.0,3.0,3.0,6.0,1.0,99.0,16.0,0
10.0,0.0,0.0,3.0,164.0,3.0,4.0,6.0,1.0,32.8,6.0,0
22.0,1.0,0.5,9.0,295.0,4.0,3.0,6.0,1.0,147.5,24.0,0
0.0,1.0,0.5,4.0,127.0,1.0,1.0,4.0,1.0,63.5,29.0,0
0.0,0.0,0.0,4.0,163.0,3.0,4.0,6.0,3.0,81.5,34.0,0
9.0,0.0,0.0,0.0,121.0,4.0,4.0,7.0,1.0,60.5,23.0,0
23.0,0.0,0.0,7.0,282.0,3.0,4.0,6.0,2.0,25.636363636363637,9.0,0
9.0,0.0,0.0,6.0,121.0,3.0,3.0,5.0,3.0,60.5,19.0,0
0.0,1.0,0.5,2.0,129.0,3.0,3.0,6.0,1.0,64.5,13.0,1
9.0,0.0,0.0,0.0,120.0,4.0,5.0,7.0,3.0,60.0,18.0,1
7.0,1.0,0.5,3.0,136.0,4.0,1.0,6.0,1.0,68.0,6.0,0
0.0,0.0,0.0,2.0,142.0,3.0,5.0,5.0,3.0,71.0,19.0,1
8.0,0.0,0.0,2.0,137.0,4.0,1.0,6.0,1.0,68.5,31.0,0
4.0,0.0,0.0,7.0,155.0,1.0,1.0,4.0,3.0,25.833333333333332,12.0,0
9.0,0.0,0.0,3.0,122.0,4.0,3.0,7.0,1.0,61.0,12.0,0
10.0,1.0,0.5,0.0,196.0,3.0,3.0,6.0,3.0,98.0,8.0,0
0.0,0.0,0.0,0.0,128.0,4.0,4.0,7.0,1.0,64.0,6.0,0
15.0,0.0,0.0,2.0,141.0,3.0,1.0,5.0,1.0,47.0,8.0,0
16.0,1.0,0.5,0.0,266.0,4.0,1.0,6.0,1.0,133.0,12.0,0
11.0,0.0,0.0,0.0,126.0,3.0,5.0,5.0,1.0,63.0,14.0,0
16.0,1.0,0.2,7.0,157.0,3.0,3.0,6.0,1.0,31.4,15.0,0
21.0,0.0,0.0,2.0,254.0,4.0,5.0,6.0,1.0,84.66666666666667,6.0,0
17.0,0.0,0.0,2.0,160.0,4.0,3.0,6.0,2.0,80.0,6.0,0
7.0,1.0,0.5,6.0,126.0,3.0,3.0,5.0,3.0,63.0,14.0,0
0.0,0.0,0.0,2.0,130.0,3.0,5.0,6.0,3.0,65.0,8.0,1
0.0,0.0,0.0,2.0,134.0,3.0,3.0,5.0,3.0,67.0,28.0,0
17.0,1.0,0.5,1.0,295.0,3.0,1.0,5.0,1.0,147.5,9.0,0
0.0,0.0,0.0,2.0,128.0,3.0,3.0,6.0,1.0,42.666666666666664,12.0,0
6.0,0.0,0.0,2.0,171.0,3.0,3.0,5.0,3.0,85.5,14.0,0
5.0,1.0,0.5,5.0,163.0,3.0,1.0,6.0,1.0,81.5,15.0,0
9.0,0.0,0.0,0.0,121.0,3.0,3.0,6.0,1.0,60.5,9.0,0
26.0,0.0,0.0,10.0,184.0,3.0,5.0,5.0,3.0,20.444444444444443,6.0,0
7.0,0.0,0.0,8.0,127.0,3.0,1.0,6.0,1.0,14.11111111111111,6.0,0
8.0,0.0,0.0,0.0,143.0,3.0,5.0,6.0,3.0,71.5,32.0,1
0.0,1.0,0.5,2.0,56.0,3.0,1.0,6.0,1.0,28.0,12.0,0
10.0,0.0,0.0,8.0,194.0,3.0,3.0,5.0,1.0,24.25,9.0,0
2.0,0.0,0.0,2.0,156.0,3.0,3.0,6.0,3.0,78.0,9.0,0
8.0,0.0,0.0,8.0,166.0,5.0,1.0,7.0,1.0,13.833333333333334,12.0,0
6.0,0.0,0.0,7.0,177.0,3.0,1.0,4.0,1.0,35.4,12.0,0
27.0,0.0,0.0,1.0,207.0,3.0,4.0,5.0,2.0,25.875,25.0,0
9.0,1.0,0.5,2.0,188.0,4.0,4.0,6.0,1.0,94.0,15.0,0
9.0,0.0,0.0,1.0,120.0,4.0,1.0,6.0,1.0,60.0,9.0,0
0.0,1.0,0.5,1.0,110.0,3.0,3.0,5.0,1.0,55.0,16.0,1
0.0,1.0,0.1,7.0,133.0,3.0,5.0,6.0,1.0,13.3,9.0,1
9.0,0.0,0.0,0.0,113.0,4.0,3.0,6.0,1.0,56.5,9.0,0
0.0,0.0,0.0,2.0,128.0,1.0,5.0,4.0,1.0,64.0,10.0,0
0.0,0.0,0.0,2.0,149.0,1.0,4.0,3.0,3.0,74.5,14.0,0
11.0,0.0,0.0,5.0,140.0,4.0,1.0,6.0,3.0,70.0,13.0,0
2.0,0.0,0.0,8.0,127.0,5.0,1.0,8.0,1.0,42.333333333333336,6.0,0
21.0,0.0,0.0,2.0,181.0,1.0,4.0,3.0,3.0,60.333333333333336,8.0,0
0.0,1.0,0.5,4.0,146.0,1.0,1.0,4.0,3.0,73.0,9.0,0
10.0,0.0,0.0,0.0,147.0,1.0,1.0,4.0,1.0,73.5,16.0,0
23.0,1.0,0.25,8.0,132.0,1.0,3.0,4.0,1.0,33.0,34.0,0
7.0,0.0,0.0,7.0,186.0,4.0,4.0,6.0,1.0,23.25,15.0,0
0.0,0.0,0.0,0.0,146.0,3.0,3.0,6.0,3.0,48.666666666666664,9.0,1
12.0,0.0,0.0,10.0,146.0,4.0,3.0,7.0,1.0,12.166666666666666,8.0,0
5.0,0.0,0.0,8.0,154.0,3.0,1.0,5.0,3.0,77.0,16.0,0
13.0,1.0,0.5,3.0,168.0,3.0,3.0,5.0,3.0,84.0,14.0,1
11.0,0.0,0.0,8.0,176.0,1.0,1.0,3.0,1.0,88.0,6.0,0
0.0,0.0,0.0,7.0,174.0,3.0,5.0,6.0,1.0,87.0,6.0,0
5.0,0.0,0.0,3.0,212.0,3.0,1.0,5.0,1.0,26.5,9.0,0
20.0,0.0,0.0,7.0,150.0,3.0,5.0,5.0,3.0,75.0,20.0,0
13.0,1.0,0.5,12.0,205.0,4.0,5.0,6.0,3.0,102.5,11.0,0
26.0,0.0,0.0,3.0,248.0,1.0,3.0,3.0,1.0,82.66666666666667,13.0,0
14.0,0.0,0.0,6.0,291.0,4.0,1.0,7.0,2.0,22.384615384615383,16.0,0
30.0,0.0,0.0,2.0,154.0,3.0,5.0,5.0,3.0,51.333333333333336,22.0,0
0.0,0.0,0.0,7.0,188.0,3.0,5.0,5.0,1.0,94.0,16.0,0
14.0,0.0,0.0,10.0,292.0,4.0,3.0,6.0,2.0,97.33333333333333,6.0,0
23.0,0.0,0.0,2.0,139.0,3.0,4.0,5.0,3.0,46.333333333333336,14.0,0
9.0,1.0,0.25,7.0,122.0,5.0,4.0,8.0,1.0,30.5,6.0,1
9.0,0.0,0.0,3.0,217.0,1.0,5.0,4.0,1.0,108.5,14.0,0
11.0,1.0,0.5,0.0,179.0,3.0,3.0,5.0,1.0,89.5,6.0,0
17.0,0.0,0.0,4.0,137.0,5.0,3.0,7.0,1.0,68.5,30.0,0
20.0,1.0,0.3333333333333333,13.0,238.0,3.0,3.0,5.0,3.0,79.33333333333333,9.0,0
3.0,0.0,0.0,7.0,153.0,3.0,1.0,6.0,3.0,19.125,33.0,0
2.0,0.0,0.0,0.0,126.0,3.0,3.0,6.0,3.0,63.0,14.0,0
5.0,1.0,0.3333333333333333,2.0,128.0,1.0,3.0,4.0,1.0,42.666666666666664,25.0,1
16.0,0.0,0.0,2.0,168.0,4.0,1.0,6.0,3.0,56.0,21.0,0
7.0,0.0,0.0,3.0,161.0,3.0,3.0,6.0,1.0,32.2,14.0,0
0.0,0.0,0.0,2.0,125.0,3.0,5.0,5.0,1.0,62.5,14.0,0
12.0,0.0,0.0,6.0,164.0,1.0,4.0,3.0,2.0,41.0,9.0,0
29.0,0.0,0.0,3.0,211.0,3.0,1.0,5.0,1.0,105.5,15.0,0
13.0,1.0,0.3333333333333333,3.0,123.0,4.0,1.0,6.0,1.0,41.0,14.0,0
0.0,0.0,0.0,7.0,168.0,4.0,5.0,6.0,1.0,84.0,13.0,0
9.0,0.0,0.0,2.0,123.0,3.0,4.0,5.0,3.0,41.0,16.0,0
26.0,0.0,0.0,2.0,125.0,3.0,1.0,5.0,1.0,41.666666666666664,14.0,0
8.0,0.0,0.0,0.0,151.0,3.0,5.0,6.0,1.0,75.5,8.0,0
5.0,0.0,0.0,7.0,153.0,3.0,1.0,6.0,1.0,30.6,30.0,0
11.0,1.0,0.5,1.0,131.0,3.0,3.0,6.0,1.0,65.5,8.0,0
7.0,0.0,0.0,0.0,151.0,3.0,5.0,5.0,1.0,75.5,14.0,0
25.0,0.0,0.0,16.0,269.0,4.0,5.0,6.0,3.0,134.5,9.0,0
0.0,1.0,0.125,8.0,127.0,3.0,1.0,6.0,1.0,15.875,6.0,1
0.0,0.0,0.0,4.0,162.0,3.0,1.0,5.0,3.0,81.0,32.0,0
18.0,0.0,0.0,1.0,166.0,5.0,3.0,7.0,3.0,41.5,8.0,0
0.0,0.0,0.0,2.0,135.0,1.0,3.0,4.0,1.0,67.5,16.0,0
10.0,1.0,0.5,3.0,164.0,1.0,3.0,4.0,3.0,82.0,33.0,1
7.0,0.0,0.0,4.0,163.0,3.0,1.0,5.0,3.0,81.5,8.0,0
18.0,1.0,0.5,4.0,299.0,3.0,5.0,6.0,1.0,149.5,8.0,1
9.0,0.0,0.0,9.0,176.0,4.0,5.0,7.0,3.0,88.0,14.0,0
25.0,0.0,0.0,2.0,143.0,3.0,1.0,5.0,1.0,71.5,25.0,0
0.0,0.0,0.0,0.0,144.0,5.0,1.0,8.0,1.0,48.0,6.0,0
2.0,0.0,0.0,1.0,143.0,3.0,3.0,6.0,1.0,71.5,33.0,0
0.0,0.0,0.0,2.0,153.0,4.0,5.0,6.0,3.0,76.5,14.0,1
7.0,0.0,0.0,3.0,133.0,1.0,1.0,4.0,1.0,66.5,6.0,0
27.0,1.0,0.5,4.0,155.0,3.0,5.0,6.0,1.0,77.5,25.0,0
0.0,0.0,0.0,1.0,143.0,3.0,1.0,5.0,3.0,71.5,14.0,0
10.0,1.0,0.2,3.0,128.0,3.0,5.0,6.0,1.0,25.6,16.0,0
11.0,1.0,0.2,12.0,160.0,1.0,5.0,4.0,1.0,32.0,8.0,0
7.0,0.0,0.0,3.0,144.0,4.0,5.0,6.0,1.0,72.0,8.0,0
8.0,0.0,0.0,2.0,126.0,3.0,1.0,6.0,3.0,63.0,14.0,0
3.0,0.0,0.0,2.0,138.0,5.0,3.0,7.0,1.0,69.0,6.0,0
13.0,0.0,0.0,7.0,142.0,1.0,4.0,3.0,1.0,35.5,8.0,0
7.0,0.0,0.0,2.0,165.0,3.0,5.0,6.0,3.0,82.5,14.0,0
15.0,0.0,0.0,9.0,284.0,3.0,1.0,6.0,1.0,18.933333333333334,14.0,0
9.0,1.0,0.5,0.0,116.0,1.0,5.0,4.0,1.0,58.0,12.0,1
0.0,0.0,0.0,0.0,127.0,4.0,4.0,7.0,1.0,63.5,15.0,0
25.0,0.0,0.0,4.0,131.0,3.0,3.0,6.0,1.0,65.5,17.0,0
23.0,0.0,0.0,3.0,276.0,3.0,3.0,6.0,1.0,138.0,8.0,0
0.0,1.0,0.5,0.0,123.0,4.0,5.0,6.0,1.0,61.5,14.0,1
6.0,0.0,0.0,3.0,217.0,3.0,3.0,5.0,1.0,54.25,13.0,0
0.0,0.0,0.0,2.0,153.0,3.0,5.0,6.0,3.0,76.5,22.0,1
20.0,1.0,0.25,0.0,268.0,3.0,1.0,5.0,1.0,67.0,8.0,0
9.0,0.0,0.0,5.0,152.0,3.0,4.0,5.0,1.0,76.0,6.0,0
2.0,0.0,0.0,7.0,127.0,1.0,3.0,4.0,1.0,63.5,29.0,0
20.0,1.0,0.07142857142857142,8.0,292.0,3.0,4.0,5.0,1.0,20.857142857142858,8.0,1
8.0,0.0,0.0,2.0,125.0,1.0,3.0,3.0,1.0,41.666666666666664,14.0,0
15.0,1.0,0.5,2.0,161.0,4.0,1.0,6.0,1.0,80.5,6.0,0
0.0,0.0,0.0,1.0,144.0,3.0,3.0,5.0,1.0,48.0,8.0,1
9.0,0.0,0.0,4.0,121.0,3.0,4.0,5.0,2.0,60.5,19.0,0
5.0,0.0,0.0,8.0,162.0,4.0,3.0,7.0,1.0,23.142857142857142,10.0,0
13.0,0.0,0.0,0.0,151.0,4.0,3.0,6.0,1.0,75.5,22.0,0
3.0,1.0,0.5,0.0,169.0,4.0,1.0,6.0,1.0,84.5,8.0,0
9.0,0.0,0.0,0.0,123.0,4.0,3.0,7.0,1.0,61.5,8.0,0
15.0,0.0,0.0,8.0,144.0,3.0,4.0,6.0,1.0,18.0,35.0,0
11.0,0.0,0.0,2.0,163.0,4.0,5.0,4.0,1.0,81.5,18.0,0
7.0,0.0,0.0,3.0,126.0,4.0,1.0,7.0,1.0,63.0,14.0,0
12.0,0.0,0.0,7.0,177.0,3.0,1.0,5.0,3.0,22.125,17.0,1
18.0,0.0,0.0,3.0,152.0,3.0,1.0,5.0,3.0,19.0,8.0,1
16.0,0.0,0.0,0.0,272.0,3.0,5.0,6.0,1.0,136.0,20.0,0
0.0,1.0,0.5,3.0,228.0,4.0,1.0,6.0,1.0,114.0,11.0,0
8.0,0.0,0.0,6.0,202.0,3.0,3.0,5.0,1.0,101.0,13.0,0
1.0,1.0,0.125,5.0,148.0,3.0,4.0,5.0,3.0,18.5,8.0,0
7.0,0.0,0.0,2.0,137.0,3.0,1.0,5.0,2.0,68.5,9.0,0
0.0,1.0,0.5,7.0,124.0,4.0,3.0,6.0,1.0,62.0,14.0,1
9.0,0.0,0.0,0.0,117.0,3.0,1.0,5.0,1.0,58.5,9.0,0
24.0,0.0,0.0,17.0,263.0,3.0,3.0,6.0,3.0,52.6,32.0,0
17.0,0.0,0.0,3.0,159.0,3.0,4.0,5.0,1.0,53.0,10.0,0
0.0,0.0,0.0,1.0,134.0,1.0,5.0,4.0,1.0,67.0,8.0,0
6.0,0.0,0.0,8.0,140.0,1.0,5.0,3.0,3.0,70.0,6.0,0
8.0,0.0,0.0,1.0,126.0,4.0,5.0,6.0,1.0,63.0,14.0,0
9.0,1.0,0.2,11.0,162.0,3.0,1.0,5.0,3.0,32.4,6.0,0
5.0,0.0,0.0,3.0,144.0,3.0,1.0,6.0,3.0,72.0,19.0,0
3.0,0.0,0.0,3.0,138.0,4.0,1.0,7.0,1.0,69.0,11.0,0
26.0,1.0,0.5,3.0,209.0,4.0,1.0,7.0,3.0,104.5,13.0,0
18.0,1.0,0.5,2.0,208.0,3.0,5.0,6.0,3.0,104.0,15.0,0
5.0,0.0,0.0,3.0,152.0,1.0,3.0,4.0,1.0,76.0,14.0,0
25.0,0.0,0.0,0.0,238.0,4.0,1.0,6.0,1.0,79.33333333333333,31.0,0
10.0,0.0,0.0,0.0,163.0,4.0,3.0,7.0,3.0,81.5,22.0,0
1.0,0.0,0.0,4.0,149.0,4.0,1.0,7.0,2.0,74.5,14.0,0
0.0,0.0,0.0,2.0,148.0,4.0,1.0,6.0,1.0,49.333333333333336,6.0,0
17.0,1.0,0.5,2.0,128.0,1.0,1.0,4.0,1.0,64.0,14.0,0
15.0,1.0,0.3333333333333333,2.0,125.0,3.0,1.0,5.0,1.0,41.666666666666664,14.0,0
9.0,0.0,0.0,3.0,123.0,4.0,5.0,7.0,2.0,61.5,14.0,0
0.0,1.0,0.5,3.0,142.0,3.0,5.0,6.0,3.0,71.0,9.0,0
8.0,1.0,0.16666666666666666,15.0,207.0,4.0,3.0,7.0,1.0,34.5,15.0,0
9.0,1.0,0.125,8.0,120.0,3.0,4.0,6.0,1.0,15.0,31.0,1
5.0,0.0,0.0,2.0,123.0,3.0,1.0,6.0,1.0,61.5,6.0,0
0.0,0.0,0.0,3.0,143.0,4.0,5.0,6.0,3.0,71.5,10.0,0
22.0,0.0,0.0,2.0,136.0,3.0,5.0,5.0,1.0,68.0,6.0,0
0.0,0.0,0.0,4.0,132.0,4.0,1.0,6.0,1.0,33.0,10.0,0
5.0,0.0,0.0,3.0,165.0,3.0,4.0,5.0,3.0,27.5,11.0,0
11.0,0.0,0.0,2.0,129.0,4.0,4.0,7.0,3.0,64.5,15.0,0
15.0,1.0,0.5,3.0,152.0,1.0,1.0,4.0,1.0,76.0,9.0,0
4.0,1.0,0.5,2.0,124.0,3.0,1.0,5.0,1.0,62.0,14.0,0
0.0,1.0,0.5,2.0,128.0,4.0,3.0,7.0,3.0,64.0,6.0,1
26.0,0.0,0.0,3.0,218.0,3.0,1.0,6.0,3.0,72.66666666666667,14.0,0
8.0,0.0,0.0,8.0,209.0,4.0,4.0,7.0,1.0,41.8,31.0,0
10.0,0.0,0.0,0.0,130.0,3.0,1.0,6.0,3.0,65.0,27.0,0
26.0,0.0,0.0,8.0,243.0,3.0,1.0,6.0,1.0,81.0,29.0,0
16.0,0.0,0.0,2.0,156.0,3.0,1.0,5.0,1.0,52.0,6.0,0
20.0,1.0,0.125,7.0,145.0,3.0,1.0,5.0,3.0,18.125,8.0,0
10.0,1.0,0.5,9.0,176.0,3.0,4.0,5.0,3.0,88.0,25.0,0
23.0,0.0,0.0,7.0,279.0,3.0,5.0,6.0,1.0,18.6,8.0,0
12.0,0.0,0.0,4.0,152.0,4.0,1.0,6.0,2.0,76.0,8.0,0
9.0,1.0,0.5,3.0,123.0,3.0,4.0,5.0,2.0,61.5,9.0,0
0.0,1.0,0.5,1.0,128.0,3.0,1.0,6.0,1.0,64.0,31.0,1
2.0,0.0,0.0,3.0,125.0,4.0,1.0,7.0,1.0,62.5,14.0,0
17.0,1.0,0.125,1.0,126.0,3.0,5.0,6.0,1.0,15.75,14.0,0
1.0,0.0,0.0,2.0,149.0,3.0,1.0,6.0,3.0,74.5,11.0,0
20.0,1.0,0.5,0.0,124.0,4.0,1.0,6.0,1.0,62.0,14.0,1
16.0,0.0,0.0,0.0,148.0,3.0,4.0,5.0,1.0,74.0,14.0,0
9.0,0.0,0.0,2.0,120.0,4.0,3.0,6.0,3.0,60.0,8.0,1
0.0,0.0,0.0,0.0,127.0,3.0,1.0,6.0,1.0,63.5,24.0,1
9.0,1.0,0.2,11.0,166.0,3.0,1.0,6.0,1.0,33.2,20.0,0
20.0,1.0,0.5,2.0,133.0,4.0,1.0,7.0,3.0,66.5,8.0,0
0.0,1.0,0.5,2.0,142.0,3.0,3.0,5.0,1.0,71.0,9.0,1
4.0,1.0,0.5,0.0,128.0,5.0,1.0,8.0,1.0,64.0,8.0,1
1.0,0.0,0.0,2.0,124.0,3.0,3.0,6.0,1.0,41.333333333333336,14.0,0
2.0,1.0,0.3333333333333333,2.0,124.0,3.0,5.0,6.0,1.0,41.333333333333336,14.0,1
0.0,0.0,0.0,0.0,123.0,3.0,3.0,6.0,1.0,61.5,14.0,0
9.0,0.0,0.0,0.0,120.0,3.0,4.0,5.0,1.0,60.0,16.0,0
15.0,0.0,0.0,3.0,162.0,4.0,3.0,7.0,3.0,81.0,20.0,0
6.0,1.0,0.5,2.0,128.0,4.0,5.0,7.0,1.0,64.0,6.0,0
30.0,1.0,0.5,4.0,206.0,4.0,4.0,6.0,1.0,103.0,11.0,0
4.0,0.0,0.0,2.0,123.0,4.0,3.0,6.0,3.0,20.5,14.0,0
8.0,1.0,0.5,7.0,140.0,3.0,1.0,5.0,1.0,70.0,27.0,0
22.0,0.0,0.0,7.0,174.0,3.0,4.0,5.0,1.0,87.0,14.0,0
9.0,0.0,0.0,0.0,123.0,3.0,3.0,5.0,1.0,61.5,26.0,0
4.0,0.0,0.0,0.0,169.0,3.0,3.0,5.0,3.0,84.5,26.0,0
9.0,0.0,0.0,1.0,147.0,3.0,1.0,6.0,1.0,73.5,13.0,0
11.0,0.0,0.0,11.0,236.0,3.0,5.0,6.0,1.0,78.66666666666667,6.0,0
5.0,0.0,0.0,2.0,123.0,4.0,4.0,7.0,1.0,61.5,14.0,0
0.0,1.0,0.5,0.0,124.0,4.0,4.0,6.0,3.0,62.0,14.0,1
13.0,0.0,0.0,0.0,197.0,4.0,4.0,7.0,3.0,98.5,16.0,0
0.0,0.0,0.0,7.0,143.0,4.0,5.0,6.0,3.0,71.5,6.0,0
14.0,1.0,0.3333333333333333,17.0,147.0,3.0,5.0,5.0,1.0,49.0,12.0,0
9.0,0.0,0.0,9.0,125.0,3.0,3.0,6.0,1.0,31.25,14.0,0
9.0,1.0,0.5,0.0,121.0,4.0,4.0,6.0,3.0,60.5,27.0,1
0.0,0.0,0.0,0.0,130.0,3.0,5.0,6.0,1.0,65.0,10.0,1
4.0,1.0,0.1111111111111111,5.0,159.0,3.0,1.0,5.0,1.0,17.666666666666668,18.0,0
13.0,1.0,0.5,0.0,136.0,3.0,4.0,5.0,1.0,68.0,15.0,0
5.0,0.0,0.0,3.0,167.0,3.0,5.0,6.0,1.0,23.857142857142858,9.0,0
0.0,1.0,0.25,7.0,203.0,4.0,1.0,6.0,3.0,50.75,9.0,1
6.0,0.0,0.0,4.0,169.0,4.0,1.0,6.0,1.0,84.5,6.0,0
0.0,0.0,0.0,46.0,206.0,4.0,3.0,6.0,3.0,17.166666666666668,6.0,1
18.0,0.0,0.0,8.0,144.0,3.0,4.0,5.0,1.0,72.0,10.0,0
9.0,0.0,0.0,2.0,122.0,3.0,1.0,5.0,3.0,61.0,26.0,0
8.0,0.0,0.0,0.0,146.0,3.0,3.0,5.0,3.0,73.0,24.0,0
25.0,0.0,0.0,8.0,271.0,3.0,1.0,6.0,1.0,33.875,6.0,0
20.0,0.0,0.0,0.0,125.0,3.0,3.0,5.0,1.0,62.5,14.0,1
26.0,0.0,0.0,2.0,249.0,3.0,3.0,5.0,3.0,83.0,8.0,0
3.0,0.0,0.0,7.0,173.0,3.0,3.0,6.0,3.0,21.625,14.0,0
11.0,1.0,0.5,3.0,157.0,3.0,1.0,5.0,3.0,78.5,16.0,0
8.0,0.0,0.0,8.0,178.0,3.0,1.0,6.0,3.0,89.0,9.0,0
12.0,0.0,0.0,7.0,179.0,1.0,3.0,3.0,3.0,89.5,8.0,0
3.0,1.0,0.3333333333333333,0.0,232.0,1.0,4.0,4.0,3.0,77.33333333333333,30.0,1
20.0,1.0,0.3333333333333333,7.0,151.0,1.0,3.0,4.0,1.0,50.333333333333336,22.0,0
9.0,0.0,0.0,7.0,151.0,3.0,1.0,5.0,3.0,75.5,14.0,0
0.0,1.0,0.5,2.0,123.0,4.0,5.0,6.0,1.0,61.5,14.0,1
6.0,0.0,0.0,0.0,274.0,3.0,3.0,5.0,3.0,39.142857142857146,23.0,0
0.0,1.0,0.5,0.0,124.0,4.0,5.0,7.0,1.0,62.0,14.0,1
6.0,0.0,0.0,2.0,135.0,3.0,1.0,5.0,1.0,67.5,19.0,0
9.0,0.0,0.0,2.0,123.0,3.0,1.0,6.0,1.0,61.5,6.0,0
23.0,0.0,0.0,3.0,274.0,3.0,1.0,6.0,1.0,137.0,6.0,0
6.0,1.0,0.5,2.0,155.0,1.0,4.0,3.0,1.0,77.5,6.0,0
14.0,0.0,0.0,11.0,294.0,3.0,3.0,6.0,1.0,147.0,15.0,0
0.0,0.0,0.0,2.0,128.0,3.0,4.0,6.0,1.0,42.666666666666664,22.0,0
18.0,1.0,0.5,8.0,136.0,3.0,5.0,5.0,1.0,68.0,29.0,0
20.0,1.0,0.5,7.0,142.0,3.0,1.0,5.0,3.0,71.0,10.0,0
9.0,1.0,0.5,1.0,121.0,3.0,3.0,5.0,1.0,60.5,28.0,1
23.0,1.0,0.3333333333333333,5.0,240.0,3.0,3.0,6.0,1.0,80.0,30.0,0
11.0,0.0,0.0,2.0,127.0,3.0,3.0,6.0,1.0,63.5,16.0,0
19.0,0.0,0.0,7.0,208.0,3.0,3.0,6.0,1.0,104.0,13.0,0
0.0,0.0,0.0,2.0,144.0,4.0,3.0,6.0,1.0,36.0,23.0,0
0.0,1.0,0.5,2.0,137.0,4.0,4.0,6.0,1.0,68.5,20.0,1
4.0,0.0,0.0,3.0,141.0,3.0,5.0,6.0,1.0,70.5,6.0,0
0.0,0.0,0.0,0.0,111.0,3.0,1.0,6.0,1.0,55.5,11.0,0
27.0,0.0,0.0,8.0,207.0,3.0,3.0,5.0,1.0,103.5,23.0,0
8.0,1.0,0.09090909090909091,1.0,204.0,3.0,3.0,5.0,1.0,18.545454545454547,31.0,0
3.0,1.0,0.5,3.0,214.0,1.0,5.0,4.0,1.0,107.0,14.0,0
0.0,1.0,0.5,0.0,126.0,4.0,5.0,7.0,1.0,63.0,14.0,1
0.0,0.0,0.0,2.0,124.0,3.0,4.0,5.0,1.0,62.0,14.0,1
0.0,0.0,0.0,3.0,155.0,1.0,1.0,3.0,1.0,77.5,8.0,0
0.0,0.0,0.0,1.0,125.0,5.0,5.0,8.0,1.0,62.5,14.0,0
21.0,0.0,0.0,2.0,142.0,4.0,3.0,7.0,1.0,47.333333333333336,12.0,0
21.0,0.0,0.0,3.0,210.0,4.0,3.0,7.0,1.0,42.0,10.0,0
14.0,0.0,0.0,1.0,150.0,3.0,3.0,5.0,1.0,50.0,13.0,0
12.0,0.0,0.0,3.0,227.0,4.0,1.0,7.0,1.0,18.916666666666668,6.0,0
0.0,0.0,0.0,2.0,142.0,3.0,1.0,5.0,1.0,47.333333333333336,8.0,0
8.0,0.0,0.0,2.0,139.0,3.0,1.0,5.0,1.0,69.5,16.0,0
0.0,0.0,0.0,0.0,283.0,3.0,3.0,5.0,3.0,141.5,11.0,0
23.0,0.0,0.0,0.0,124.0,3.0,1.0,6.0,1.0,62.0,14.0,0
30.0,1.0,0.3333333333333333,3.0,237.0,4.0,1.0,7.0,1.0,79.0,8.0,0
0.0,0.0,0.0,0.0,148.0,5.0,4.0,8.0,1.0,74.0,17.0,1
28.0,1.0,0.14285714285714285,7.0,164.0,3.0,4.0,6.0,1.0,23.428571428571427,24.0,0
14.0,0.0,0.0,10.0,300.0,5.0,3.0,7.0,1.0,50.0,13.0,0
11.0,1.0,0.5,0.0,169.0,3.0,1.0,5.0,3.0,84.5,9.0,0
0.0,0.0,0.0,2.0,150.0,5.0,5.0,8.0,3.0,50.0,35.0,1
15.0,0.0,0.0,9.0,298.0,5.0,1.0,7.0,3.0,42.57142857142857,8.0,1
17.0,1.0,0.3333333333333333,11.0,233.0,1.0,1.0,3.0,3.0,77.66666666666667,34.0,0
23.0,0.0,0.0,13.0,163.0,3.0,3.0,6.0,3.0,81.5,6.0,0
0.0,0.0,0.0,14.0,127.0,1.0,5.0,4.0,1.0,7.9375,22.0,1
12.0,1.0,0.3333333333333333,8.0,209.0,3.0,5.0,5.0,1.0,69.66666666666667,28.0,0
6.0,0.0,0.0,2.0,123.0,4.0,1.0,6.0,3.0,41.0,14.0,0
18.0,0.0,0.0,1.0,277.0,3.0,1.0,5.0,3.0,138.5,17.0,0
5.0,0.0,0.0,7.0,140.0,3.0,3.0,6.0,1.0,17.5,35.0,0
7.0,0.0,0.0,9.0,197.0,1.0,1.0,4.0,3.0,98.5,6.0,0
30.0,1.0,0.5,3.0,219.0,3.0,1.0,6.0,3.0,109.5,6.0,0
9.0,0.0,0.0,4.0,122.0,3.0,4.0,5.0,2.0,61.0,30.0,0
26.0,0.0,0.0,12.0,175.0,4.0,4.0,6.0,3.0,25.0,8.0,0
0.0,0.0,0.0,0.0,148.0,3.0,3.0,5.0,1.0,74.0,21.0,1
9.0,1.0,0.5,2.0,120.0,3.0,5.0,5.0,1.0,60.0,8.0,1
9.0,1.0,0.5,0.0,122.0,3.0,3.0,5.0,3.0,61.0,16.0,0
1.0,0.0,0.0,0.0,111.0,3.0,4.0,6.0,3.0,55.5,16.0,0
11.0,0.0,0.0,2.0,128.0,3.0,3.0,6.0,1.0,42.666666666666664,9.0,0
23.0,1.0,0.125,7.0,292.0,3.0,3.0,6.0,1.0,36.5,8.0,0
10.0,0.0,0.0,1.0,141.0,3.0,4.0,5.0,1.0,70.5,9.0,0
13.0,0.0,0.0,5.0,184.0,3.0,5.0,6.0,3.0,23.0,32.0,0
9.0,0.0,0.0,3.0,120.0,4.0,3.0,7.0,1.0,60.0,6.0,0
19.0,0.0,0.0,2.0,296.0,3.0,1.0,5.0,1.0,98.66666666666667,6.0,0
27.0,0.0,0.0,0.0,207.0,4.0,3.0,6.0,3.0,25.875,8.0,0
29.0,0.0,0.0,3.0,129.0,3.0,3.0,6.0,1.0,64.5,15.0,0
9.0,0.0,0.0,8.0,189.0,4.0,1.0,6.0,1.0,23.625,18.0,0
28.0,0.0,0.0,2.0,268.0,4.0,5.0,6.0,1.0,38.285714285714285,8.0,0
16.0,0.0,0.0,0.0,208.0,4.0,1.0,7.0,3.0,104.0,31.0,0
0.0,1.0,0.5,2.0,123.0,3.0,1.0,5.0,3.0,61.5,14.0,1
9.0,0.0,0.0,0.0,114.0,4.0,5.0,6.0,1.0,57.0,16.0,1
19.0,1.0,0.5,7.0,146.0,4.0,5.0,7.0,1.0,73.0,14.0,0
14.0,1.0,0.3333333333333333,7.0,125.0,3.0,3.0,5.0,1.0,41.666666666666664,14.0,1
0.0,0.0,0.0,9.0,187.0,4.0,5.0,7.0,1.0,93.5,30.0,1
0.0,0.0,0.0,3.0,140.0,4.0,5.0,6.0,1.0,70.0,6.0,0
3.0,0.0,0.0,2.0,200.0,3.0,5.0,5.0,1.0,100.0,26.0,0
14.0,0.0,0.0,8.0,134.0,1.0,3.0,3.0,1.0,67.0,13.0,0
11.0,0.0,0.0,9.0,188.0,4.0,3.0,7.0,1.0,94.0,23.0,0
13.0,0.0,0.0,1.0,203.0,3.0,1.0,6.0,1.0,16.916666666666668,26.0,0
0.0,0.0,0.0,2.0,146.0,5.0,3.0,7.0,1.0,73.0,14.0,0
28.0,0.0,0.0,3.0,210.0,3.0,4.0,6.0,1.0,105.0,8.0,0
1.0,0.0,0.0,7.0,137.0,3.0,3.0,5.0,1.0,68.5,16.0,0
7.0,0.0,0.0,6.0,205.0,4.0,5.0,7.0,2.0,51.25,6.0,1
6.0,0.0,0.0,2.0,171.0,4.0,1.0,6.0,1.0,85.5,11.0,0
0.0,1.0,0.2,7.0,196.0,3.0,5.0,5.0,3.0,39.2,10.0,1
0.0,0.0,0.0,8.0,145.0,4.0,3.0,6.0,1.0,36.25,35.0,1
9.0,0.0,0.0,2.0,122.0,3.0,3.0,5.0,1.0,40.666666666666664,21.0,0
7.0,0.0,0.0,4.0,178.0,3.0,1.0,5.0,1.0,89.0,9.0,0
10.0,1.0,0.5,0.0,167.0,4.0,1.0,6.0,3.0,83.5,16.0,0
0.0,1.0,0.16666666666666666,6.0,137.0,3.0,1.0,5.0,1.0,22.833333333333332,10.0,1
0.0,0.0,0.0,0.0,124.0,3.0,3.0,5.0,1.0,62.0,14.0,1
0.0,1.0,0.3333333333333333,2.0,123.0,4.0,4.0,6.0,1.0,41.0,31.0,1
15.0,0.0,0.0,7.0,277.0,3.0,5.0,5.0,1.0,19.785714285714285,8.0,0
0.0,0.0,0.0,0.0,126.0,4.0,4.0,6.0,1.0,63.0,14.0,1
13.0,1.0,0.5,0.0,147.0,3.0,3.0,5.0,3.0,73.5,6.0,1
6.0,0.0,0.0,2.0,143.0,3.0,4.0,4.0,3.0,71.5,13.0,0
7.0,0.0,0.0,0.0,130.0,4.0,1.0,7.0,1.0,65.0,9.0,0
21.0,0.0,0.0,1.0,269.0,1.0,1.0,3.0,1.0,89.66666666666667,6.0,0
18.0,0.0,0.0,12.0,156.0,4.0,3.0,7.0,3.0,31.2,15.0,0
25.0,0.0,0.0,0.0,204.0,3.0,4.0,5.0,1.0,40.8,5.0,0
11.0,1.0,0.3333333333333333,7.0,187.0,4.0,3.0,7.0,3.0,62.333333333333336,16.0,0
2.0,0.0,0.0,7.0,125.0,3.0,1.0,6.0,1.0,62.5,14.0,0
1.0,0.0,0.0,7.0,177.0,3.0,4.0,6.0,1.0,88.5,9.0,0
19.0,0.0,0.0,9.0,275.0,3.0,3.0,5.0,3.0,55.0,9.0,0
11.0,0.0,0.0,0.0,174.0,3.0,4.0,5.0,3.0,87.0,8.0,0
16.0,0.0,0.0,1.0,208.0,3.0,5.0,5.0,1.0,104.0,33.0,0
2.0,0.0,0.0,3.0,222.0,3.0,1.0,5.0,1.0,18.5,8.0,1
13.0,0.0,0.0,9.0,296.0,4.0,3.0,6.0,1.0,59.2,20.0,0
9.0,1.0,0.3333333333333333,2.0,121.0,4.0,4.0,7.0,1.0,40.333333333333336,6.0,0
12.0,0.0,0.0,3.0,168.0,3.0,4.0,6.0,1.0,84.0,15.0,0
9.0,0.0,0.0,9.0,178.0,3.0,1.0,6.0,1.0,89.0,24.0,0
4.0,0.0,0.0,2.0,128.0,1.0,1.0,4.0,3.0,42.666666666666664,26.0,0
1.0,0.0,0.0,4.0,132.0,4.0,4.0,7.0,1.0,66.0,8.0,0
8.0,0.0,0.0,2.0,150.0,3.0,1.0,5.0,3.0,75.0,17.0,0
22.0,0.0,0.0,3.0,231.0,4.0,4.0,6.0,3.0,77.0,14.0,0
7.0,0.0,0.0,2.0,140.0,3.0,3.0,6.0,1.0,70.0,8.0,0
2.0,0.0,0.0,1.0,133.0,3.0,4.0,6.0,1.0,66.5,16.0,0
15.0,0.0,0.0,0.0,143.0,5.0,1.0,7.0,1.0,71.5,35.0,0
2.0,1.0,0.5,2.0,151.0,4.0,1.0,7.0,1.0,75.5,14.0,0
11.0,0.0,0.0,0.0,128.0,1.0,3.0,4.0,2.0,21.333333333333332,6.0,0
1.0,1.0,0.5,2.0,127.0,4.0,3.0,7.0,1.0,63.5,12.0,0
9.0,0.0,0.0,0.0,119.0,3.0,3.0,6.0,1.0,59.5,14.0,1
0.0,1.0,0.5,3.0,182.0,3.0,5.0,6.0,3.0,91.0,15.0,1
14.0,1.0,0.5,0.0,148.0,3.0,1.0,5.0,1.0,74.0,18.0,0
0.0,0.0,0.0,2.0,126.0,3.0,3.0,6.0,1.0,42.0,14.0,1
10.0,0.0,0.0,3.0,157.0,4.0,1.0,6.0,1.0,78.5,31.0,0
0.0,0.0,0.0,2.0,125.0,4.0,3.0,6.0,1.0,41.666666666666664,14.0,0
7.0,0.0,0.0,3.0,157.0,3.0,3.0,6.0,3.0,78.5,15.0,0
8.0,0.0,0.0,4.0,143.0,3.0,3.0,6.0,2.0,71.5,14.0,0
0.0,0.0,0.0,10.0,173.0,4.0,5.0,6.0,3.0,43.25,29.0,1
13.0,0.0,0.0,13.0,235.0,3.0,3.0,5.0,1.0,78.33333333333333,15.0,0
5.0,1.0,0.3333333333333333,14.0,238.0,3.0,5.0,5.0,3.0,79.33333333333333,18.0,1
15.0,0.0,0.0,5.0,152.0,3.0,5.0,5.0,3.0,76.0,10.0,0
9.0,0.0,0.0,7.0,123.0,4.0,3.0,6.0,1.0,61.5,6.0,0
0.0,0.0,0.0,2.0,136.0,3.0,4.0,5.0,1.0,68.0,30.0,0
0.0,1.0,0.5,0.0,125.0,3.0,1.0,6.0,1.0,62.5,14.0,1
0.0,0.0,0.0,7.0,144.0,1.0,1.0,3.0,1.0,72.0,9.0,0
3.0,0.0,0.0,4.0,166.0,4.0,3.0,7.0,3.0,83.0,16.0,0
13.0,1.0,0.5,0.0,144.0,4.0,1.0,7.0,1.0,72.0,32.0,0
8.0,0.0,0.0,4.0,203.0,4.0,4.0,6.0,1.0,29.0,8.0,0
7.0,0.0,0.0,9.0,153.0,4.0,5.0,7.0,1.0,30.6,7.0,0
8.0,0.0,0.0,2.0,124.0,4.0,1.0,6.0,1.0,41.333333333333336,14.0,0
6.0,0.0,0.0,3.0,153.0,5.0,3.0,7.0,3.0,76.5,15.0,1
5.0,0.0,0.0,0.0,128.0,3.0,5.0,6.0,3.0,64.0,8.0,0
29.0,0.0,0.0,2.0,299.0,3.0,5.0,6.0,1.0,59.8,10.0,0
2.0,0.0,0.0,8.0,131.0,3.0,1.0,6.0,1.0,65.5,12.0,0
0.0,0.0,0.0,0.0,126.0,3.0,5.0,5.0,1.0,63.0,14.0,0
18.0,1.0,0.5,2.0,145.0,3.0,3.0,5.0,1.0,72.5,13.0,0
10.0,0.0,0.0,11.0,165.0,4.0,1.0,6.0,1.0,41.25,7.0,0
0.0,0.0,0.0,2.0,130.0,4.0,3.0,7.0,1.0,65.0,5.0,0
7.0,1.0,0.5,2.0,129.0,3.0,3.0,6.0,1.0,64.5,16.0,1
26.0,0.0,0.0,7.0,286.0,3.0,3.0,5.0,1.0,57.2,13.0,0
9.0,1.0,0.5,3.0,122.0,5.0,1.0,8.0,1.0,61.0,21.0,0
0.0,1.0,0.5,0.0,129.0,4.0,1.0,7.0,1.0,64.5,9.0,1
19.0,0.0,0.0,9.0,270.0,3.0,5.0,6.0,3.0,16.875,8.0,0
9.0,0.0,0.0,0.0,123.0,5.0,3.0,8.0,1.0,61.5,23.0,0
6.0,0.0,0.0,4.0,136.0,3.0,3.0,6.0,2.0,68.0,8.0,0
9.0,0.0,0.0,0.0,121.0,4.0,5.0,7.0,1.0,60.5,11.0,1
3.0,0.0,0.0,3.0,141.0,3.0,5.0,6.0,3.0,70.5,35.0,0
13.0,0.0,0.0,0.0,143.0,3.0,4.0,6.0,3.0,71.5,8.0,0
23.0,0.0,0.0,2.0,279.0,3.0,5.0,4.0,1.0,93.0,8.0,0
1.0,0.0,0.0,3.0,132.0,4.0,5.0,7.0,1.0,33.0,25.0,0
19.0,0.0,0.0,3.0,291.0,3.0,4.0,5.0,1.0,145.5,21.0,0
8.0,1.0,0.5,7.0,190.0,3.0,5.0,6.0,3.0,95.0,23.0,0
9.0,0.0,0.0,0.0,122.0,3.0,4.0,6.0,1.0,61.0,23.0,1
6.0,0.0,0.0,1.0,145.0,3.0,3.0,5.0,3.0,72.5,31.0,0
9.0,0.0,0.0,7.0,127.0,5.0,3.0,8.0,1.0,63.5,12.0,0
3.0,0.0,0.0,9.0,135.0,3.0,3.0,5.0,1.0,15.0,13.0,0
17.0,0.0,0.0,17.0,145.0,3.0,1.0,5.0,1.0,10.357142857142858,35.0,0
0.0,0.0,0.0,2.0,127.0,1.0,1.0,4.0,3.0,42.333333333333336,27.0,0
19.0,0.0,0.0,4.0,174.0,3.0,1.0,5.0,1.0,87.0,8.0,0
15.0,0.0,0.0,3.0,163.0,1.0,5.0,4.0,2.0,81.5,8.0,0
30.0,1.0,0.5,9.0,152.0,1.0,1.0,3.0,3.0,76.0,13.0,0
5.0,0.0,0.0,2.0,134.0,4.0,4.0,7.0,1.0,44.666666666666664,19.0,0
5.0,1.0,0.5,7.0,150.0,3.0,3.0,5.0,1.0,75.0,8.0,0
9.0,1.0,0.125,7.0,203.0,5.0,5.0,8.0,1.0,25.375,7.0,0
6.0,0.0,0.0,10.0,128.0,3.0,1.0,6.0,1.0,25.6,15.0,0
13.0,0.0,0.0,3.0,169.0,4.0,4.0,6.0,3.0,84.5,16.0,0
0.0,0.0,0.0,1.0,150.0,3.0,1.0,5.0,3.0,75.0,16.0,0
3.0,1.0,0.16666666666666666,7.0,136.0,3.0,4.0,6.0,1.0,22.666666666666668,7.0,0
15.0,1.0,0.3333333333333333,0.0,232.0,3.0,5.0,5.0,1.0,77.33333333333333,32.0,0
8.0,1.0,0.2,12.0,204.0,4.0,1.0,7.0,3.0,40.8,14.0,0
9.0,1.0,0.14285714285714285,8.0,122.0,3.0,5.0,5.0,1.0,17.428571428571427,20.0,0
27.0,0.0,0.0,4.0,205.0,3.0,3.0,5.0,1.0,102.5,7.0,0
9.0,0.0,0.0,7.0,120.0,1.0,1.0,4.0,1.0,15.0,8.0,0
9.0,1.0,0.5,0.0,119.0,4.0,4.0,7.0,1.0,59.5,16.0,1
2.0,0.0,0.0,2.0,138.0,3.0,1.0,6.0,1.0,69.0,7.0,0
27.0,0.0,0.0,9.0,278.0,3.0,1.0,5.0,1.0,139.0,9.0,0
4.0,1.0,0.5,1.0,168.0,3.0,5.0,6.0,1.0,84.0,17.0,0
4.0,0.0,0.0,8.0,168.0,4.0,5.0,7.0,1.0,84.0,30.0,0
30.0,0.0,0.0,5.0,152.0,4.0,1.0,6.0,3.0,76.0,9.0,0
16.0,0.0,0.0,7.0,297.0,5.0,1.0,8.0,1.0,148.5,9.0,0
22.0,0.0,0.0,0.0,287.0,4.0,3.0,6.0,1.0,143.5,10.0,0
9.0,0.0,0.0,7.0,137.0,3.0,4.0,5.0,1.0,68.5,9.0,0
21.0,0.0,0.0,0.0,126.0,1.0,4.0,4.0,1.0,63.0,14.0,0
0.0,0.0,0.0,3.0,125.0,3.0,3.0,6.0,1.0,62.5,14.0,0
2.0,1.0,0.5,0.0,166.0,3.0,1.0,5.0,1.0,83.0,13.0,0
21.0,0.0,0.0,0.0,283.0,4.0,1.0,7.0,1.0,141.5,7.0,0
2.0,0.0,0.0,7.0,261.0,4.0,1.0,6.0,1.0,130.5,7.0,0
7.0,0.0,0.0,0.0,126.0,1.0,3.0,3.0,1.0,63.0,14.0,0
17.0,0.0,0.0,10.0,282.0,3.0,4.0,5.0,3.0,70.5,11.0,0
6.0,1.0,0.5,8.0,184.0,1.0,3.0,3.0,3.0,92.0,16.0,0
0.0,1.0,0.5,1.0,130.0,1.0,1.0,4.0,1.0,65.0,31.0,0
9.0,0.0,0.0,1.0,112.0,3.0,3.0,5.0,1.0,56.0,7.0,0
0.0,1.0,0.5,0.0,111.0,5.0,1.0,8.0,3.0,55.5,30.0,1
0.0,1.0,0.3333333333333333,2.0,129.0,3.0,1.0,6.0,1.0,43.0,10.0,0
8.0,1.0,0.5,11.0,288.0,5.0,4.0,8.0,3.0,144.0,8.0,1
28.0,1.0,0.3333333333333333,0.0,236.0,4.0,4.0,6.0,1.0,78.66666666666667,14.0,0
0.0,0.0,0.0,2.0,126.0,4.0,3.0,6.0,1.0,42.0,14.0,1
19.0,0.0,0.0,8.0,288.0,4.0,4.0,6.0,3.0,144.0,10.0,0
7.0,1.0,0.5,2.0,145.0,3.0,5.0,5.0,3.0,72.5,8.0,0
24.0,1.0,0.08333333333333333,10.0,298.0,3.0,4.0,5.0,3.0,24.833333333333332,15.0,0
30.0,0.0,0.0,4.0,205.0,3.0,1.0,6.0,1.0,34.166666666666664,24.0,0
7.0,0.0,0.0,10.0,144.0,3.0,4.0,5.0,1.0,24.0,25.0,0
9.0,1.0,0.5,2.0,122.0,3.0,3.0,5.0,1.0,61.0,7.0,0
17.0,0.0,0.0,13.0,292.0,1.0,5.0,4.0,1.0,19.466666666666665,10.0,0
7.0,0.0,0.0,8.0,145.0,4.0,4.0,6.0,2.0,72.5,17.0,0
8.0,1.0,0.3333333333333333,2.0,135.0,3.0,3.0,6.0,1.0,45.0,12.0,0
15.0,1.0,0.5,0.0,124.0,1.0,4.0,4.0,1.0,62.0,14.0,0
16.0,0.0,0.0,17.0,202.0,4.0,1.0,6.0,3.0,12.625,10.0,0
9.0,1.0,0.16666666666666666,12.0,154.0,3.0,4.0,5.0,1.0,25.666666666666668,8.0,0
7.0,0.0,0.0,5.0,180.0,3.0,1.0,6.0,1.0,90.0,21.0,1
1.0,1.0,0.3333333333333333,2.0,139.0,4.0,1.0,6.0,1.0,46.333333333333336,8.0,0
24.0,0.0,0.0,7.0,128.0,4.0,3.0,7.0,1.0,16.0,12.0,0
3.0,1.0,0.5,7.0,147.0,3.0,3.0,6.0,1.0,73.5,15.0,0
0.0,1.0,0.125,7.0,133.0,3.0,3.0,5.0,1.0,16.625,13.0,1
9.0,0.0,0.0,2.0,121.0,3.0,5.0,5.0,1.0,60.5,7.0,0
9.0,0.0,0.0,1.0,121.0,3.0,4.0,5.0,1.0,40.333333333333336,7.0,0
5.0,0.0,0.0,8.0,162.0,1.0,1.0,3.0,3.0,81.0,14.0,0
18.0,0.0,0.0,0.0,281.0,3.0,4.0,5.0,1.0,140.5,31.0,0
12.0,1.0,0.0625,2.0,271.0,4.0,4.0,7.0,1.0,16.9375,19.0,0
30.0,0.0,0.0,2.0,124.0,3.0,3.0,5.0,1.0,41.333333333333336,14.0,0
0.0,0.0,0.0,1.0,149.0,3.0,3.0,6.0,1.0,74.5,13.0,1
2.0,0.0,0.0,3.0,139.0,3.0,5.0,6.0,1.0,69.5,29.0,1
3.0,0.0,0.0,7.0,146.0,4.0,1.0,6.0,1.0,20.857142857142858,12.0,0
9.0,0.0,0.0,7.0,171.0,3.0,3.0,6.0,1.0,85.5,16.0,0
19.0,0.0,0.0,7.0,134.0,3.0,5.0,5.0,2.0,22.333333333333332,7.0,0
1.0,0.0,0.0,5.0,167.0,5.0,1.0,7.0,1.0,20.875,7.0,0
23.0,1.0,0.5,2.0,269.0,3.0,5.0,5.0,1.0,134.5,34.0,0
3.0,1.0,0.5,0.0,191.0,4.0,4.0,6.0,3.0,95.5,31.0,1
15.0,1.0,0.125,7.0,184.0,3.0,4.0,6.0,3.0,23.0,11.0,1
3.0,1.0,0.5,3.0,219.0,3.0,5.0,6.0,1.0,109.5,23.0,0
12.0,0.0,0.0,7.0,145.0,3.0,3.0,5.0,1.0,72.5,24.0,0
4.0,1.0,0.1,6.0,199.0,3.0,3.0,5.0,3.0,19.9,8.0,0
14.0,0.0,0.0,9.0,162.0,5.0,4.0,7.0,3.0,13.5,16.0,0
9.0,1.0,0.3333333333333333,2.0,123.0,3.0,4.0,5.0,3.0,41.0,7.0,1
7.0,0.0,0.0,2.0,124.0,3.0,5.0,5.0,1.0,62.0,14.0,1
15.0,1.0,0.3333333333333333,10.0,279.0,3.0,3.0,5.0,1.0,93.0,8.0,0
28.0,0.0,0.0,11.0,292.0,5.0,3.0,7.0,1.0,29.2,8.0,0
29.0,0.0,0.0,7.0,297.0,3.0,4.0,6.0,2.0,37.125,14.0,0
13.0,0.0,0.0,0.0,135.0,3.0,3.0,6.0,1.0,67.5,22.0,0
7.0,0.0,0.0,6.0,185.0,3.0,1.0,5.0,1.0,92.5,15.0,0
13.0,0.0,0.0,8.0,147.0,3.0,1.0,6.0,1.0,16.333333333333332,8.0,0
14.0,0.0,0.0,7.0,141.0,3.0,5.0,6.0,3.0,70.5,7.0,0
8.0,1.0,0.5,1.0,142.0,3.0,3.0,5.0,1.0,71.0,10.0,0
24.0,1.0,0.3333333333333333,10.0,240.0,3.0,4.0,5.0,2.0,80.0,11.0,0
11.0,0.0,0.0,7.0,169.0,3.0,5.0,5.0,3.0,84.5,8.0,0
7.0,0.0,0.0,6.0,161.0,3.0,5.0,6.0,3.0,16.1,21.0,0
0.0,0.0,0.0,2.0,137.0,3.0,1.0,6.0,1.0,68.5,25.0,0
20.0,1.0,0.16666666666666666,9.0,200.0,4.0,5.0,6.0,1.0,33.333333333333336,13.0,1
13.0,0.0,0.0,3.0,124.0,3.0,4.0,5.0,1.0,62.0,14.0,0
9.0,0.0,0.0,13.0,146.0,1.0,5.0,3.0,3.0,20.857142857142858,13.0,0
21.0,0.0,0.0,8.0,179.0,3.0,1.0,5.0,1.0,89.5,10.0,0
0.0,0.0,0.0,0.0,125.0,1.0,1.0,4.0,3.0,62.5,14.0,0
24.0,0.0,0.0,3.0,231.0,4.0,4.0,6.0,1.0,115.5,17.0,0
9.0,0.0,0.0,0.0,116.0,3.0,1.0,6.0,1.0,58.0,7.0,0
8.0,0.0,0.0,0.0,154.0,4.0,1.0,6.0,1.0,77.0,7.0,0
0.0,0.0,0.0,0.0,151.0,5.0,1.0,7.0,3.0,75.5,8.0,0
18.0,1.0,0.3333333333333333,8.0,237.0,1.0,3.0,3.0,3.0,79.0,19.0,1
29.0,1.0,0.3333333333333333,9.0,234.0,3.0,4.0,6.0,1.0,78.0,29.0,0
9.0,0.0,0.0,0.0,120.0,4.0,3.0,7.0,1.0,60.0,32.0,0
13.0,0.0,0.0,8.0,164.0,1.0,3.0,3.0,1.0,13.666666666666666,8.0,0
7.0,0.0,0.0,7.0,154.0,3.0,3.0,5.0,1.0,19.25,35.0,0
0.0,0.0,0.0,0.0,128.0,4.0,1.0,7.0,3.0,64.0,8.0,1
0.0,1.0,0.25,2.0,146.0,3.0,3.0,6.0,3.0,36.5,24.0,1
11.0,0.0,0.0,3.0,126.0,1.0,3.0,3.0,1.0,63.0,14.0,0
7.0,0.0,0.0,11.0,167.0,3.0,1.0,6.0,1.0,33.4,8.0,0
1.0,0.0,0.0,4.0,147.0,4.0,5.0,6.0,3.0,73.5,32.0,0
0.0,1.0,0.14285714285714285,7.0,162.0,3.0,3.0,6.0,1.0,23.142857142857142,28.0,1
12.0,1.0,0.5,4.0,161.0,4.0,1.0,6.0,3.0,80.5,27.0,0
24.0,0.0,0.0,2.0,206.0,3.0,4.0,5.0,3.0,51.5,8.0,0
14.0,1.0,0.25,3.0,155.0,3.0,1.0,6.0,1.0,38.75,28.0,0
10.0,1.0,0.5,3.0,130.0,3.0,3.0,6.0,1.0,65.0,10.0,0
6.0,0.0,0.0,2.0,200.0,3.0,1.0,6.0,3.0,100.0,11.0,0
5.0,1.0,0.5,2.0,141.0,3.0,4.0,5.0,3.0,70.5,8.0,0
12.0,0.0,0.0,3.0,209.0,3.0,3.0,6.0,1.0,104.5,31.0,0
0.0,0.0,0.0,2.0,162.0,1.0,3.0,4.0,3.0,81.0,24.0,0
25.0,1.0,0.3333333333333333,2.0,232.0,1.0,3.0,3.0,1.0,77.33333333333333,34.0,0
16.0,1.0,0.5,8.0,141.0,4.0,3.0,7.0,1.0,70.5,12.0,0
0.0,1.0,0.2,4.0,158.0,4.0,1.0,7.0,3.0,31.6,16.0,0
0.0,1.0,0.125,7.0,124.0,3.0,3.0,5.0,1.0,15.5,14.0,1
0.0,0.0,0.0,1.0,139.0,4.0,1.0,6.0,1.0,69.5,8.0,0
15.0,0.0,0.0,9.0,268.0,3.0,5.0,5.0,2.0,134.0,16.0,0
25.0,0.0,0.0,4.0,130.0,3.0,5.0,6.0,1.0,65.0,14.0,0
10.0,0.0,0.0,2.0,136.0,3.0,3.0,6.0,1.0,68.0,17.0,0
8.0,0.0,0.0,2.0,194.0,3.0,1.0,5.0,1.0,64.66666666666667,24.0,0
0.0,0.0,0.0,2.0,132.0,3.0,1.0,5.0,1.0,66.0,7.0,0
0.0,0.0,0.0,7.0,136.0,1.0,5.0,4.0,1.0,68.0,13.0,0
2.0,0.0,0.0,9.0,180.0,4.0,5.0,6.0,2.0,90.0,23.0,0
12.0,0.0,0.0,3.0,143.0,4.0,5.0,7.0,1.0,71.5,34.0,1
0.0,1.0,0.125,7.0,176.0,3.0,1.0,5.0,1.0,22.0,20.0,1
27.0,0.0,0.0,7.0,273.0,3.0,1.0,5.0,1.0,21.0,7.0,0
30.0,1.0,0.5,5.0,297.0,3.0,5.0,6.0,1.0,148.5,7.0,0
28.0,0.0,0.0,0.0,247.0,1.0,1.0,3.0,1.0,82.33333333333333,7.0,0
9.0,1.0,0.5,1.0,193.0,3.0,4.0,6.0,3.0,96.5,9.0,0
9.0,0.0,0.0,0.0,114.0,5.0,3.0,7.0,3.0,57.0,7.0,1
3.0,0.0,0.0,2.0,148.0,3.0,5.0,6.0,3.0,74.0,13.0,0
4.0,0.0,0.0,0.0,264.0,3.0,4.0,6.0,1.0,132.0,14.0,0
7.0,0.0,0.0,3.0,130.0,3.0,5.0,6.0,1.0,65.0,7.0,0
9.0,0.0,0.0,0.0,113.0,4.0,4.0,6.0,1.0,56.5,14.0,1
9.0,0.0,0.0,4.0,121.0,3.0,5.0,6.0,1.0,60.5,17.0,0
9.0,0.0,0.0,8.0,158.0,4.0,1.0,6.0,1.0,79.0,10.0,0
9.0,0.0,0.0,2.0,156.0,4.0,5.0,7.0,3.0,78.0,22.0,0
20.0,0.0,0.0,2.0,134.0,3.0,1.0,6.0,1.0,67.0,7.0,0
0.0,0.0,0.0,2.0,144.0,4.0,5.0,7.0,3.0,48.0,15.0,1
10.0,0.0,0.0,3.0,135.0,1.0,3.0,3.0,1.0,67.5,11.0,0
9.0,0.0,0.0,0.0,121.0,3.0,5.0,5.0,1.0,60.5,7.0,0
20.0,0.0,0.0,6.0,272.0,3.0,3.0,5.0,1.0,45.333333333333336,8.0,0
0.0,1.0,0.5,3.0,142.0,3.0,3.0,5.0,3.0,71.0,10.0,0
5.0,0.0,0.0,3.0,192.0,3.0,1.0,6.0,3.0,96.0,13.0,0
7.0,0.0,0.0,2.0,133.0,4.0,4.0,6.0,1.0,66.5,7.0,0
9.0,1.0,0.5,3.0,121.0,1.0,3.0,3.0,1.0,60.5,11.0,0
13.0,0.0,0.0,7.0,140.0,3.0,3.0,5.0,1.0,70.0,15.0,0
4.0,0.0,0.0,9.0,208.0,3.0,1.0,5.0,3.0,20.8,14.0,0
9.0,0.0,0.0,3.0,201.0,3.0,1.0,5.0,3.0,40.2,15.0,1
2.0,1.0,0.5,0.0,136.0,4.0,5.0,6.0,1.0,68.0,8.0,1
0.0,0.0,0.0,7.0,174.0,1.0,4.0,4.0,1.0,34.8,7.0,1
18.0,1.0,0.5,7.0,209.0,5.0,5.0,8.0,1.0,104.5,26.0,0
9.0,0.0,0.0,2.0,121.0,1.0,4.0,4.0,2.0,60.5,14.0,0
0.0,1.0,0.3333333333333333,2.0,137.0,3.0,1.0,6.0,1.0,45.666666666666664,8.0,1
18.0,1.0,0.5,2.0,194.0,3.0,1.0,5.0,1.0,97.0,35.0,0
21.0,0.0,0.0,2.0,155.0,3.0,5.0,6.0,3.0,51.666666666666664,13.0,0
0.0,0.0,0.0,2.0,127.0,3.0,3.0,6.0,2.0,42.333333333333336,15.0,1
13.0,0.0,0.0,8.0,238.0,4.0,4.0,6.0,1.0,79.33333333333333,14.0,0
1.0,0.0,0.0,3.0,185.0,3.0,5.0,5.0,3.0,92.5,11.0,0
17.0,0.0,0.0,3.0,132.0,4.0,3.0,6.0,1.0,66.0,11.0,0
26.0,0.0,0.0,8.0,266.0,1.0,4.0,3.0,1.0,29.555555555555557,8.0,0
22.0,0.0,0.0,2.0,167.0,3.0,3.0,6.0,1.0,83.5,11.0,0
13.0,0.0,0.0,2.0,123.0,3.0,3.0,6.0,1.0,61.5,14.0,0
17.0,0.0,0.0,3.0,134.0,3.0,4.0,5.0,1.0,67.0,26.0,0
6.0,0.0,0.0,3.0,144.0,3.0,5.0,5.0,3.0,72.0,13.0,0
7.0,0.0,0.0,12.0,148.0,5.0,5.0,7.0,3.0,37.0,9.0,0
3.0,0.0,0.0,2.0,153.0,3.0,3.0,6.0,3.0,51.0,22.0,0
15.0,0.0,0.0,8.0,137.0,3.0,1.0,6.0,1.0,22.833333333333332,15.0,0
17.0,0.0,0.0,0.0,148.0,3.0,3.0,6.0,3.0,74.0,7.0,0
9.0,0.0,0.0,0.0,113.0,3.0,3.0,6.0,1.0,56.5,13.0,0
30.0,0.0,0.0,8.0,149.0,1.0,3.0,4.0,1.0,49.666666666666664,7.0,0
22.0,0.0,0.0,7.0,205.0,3.0,4.0,5.0,1.0,102.5,13.0,0
7.0,0.0,0.0,9.0,270.0,3.0,5.0,6.0,1.0,38.57142857142857,21.0,0
0.0,0.0,0.0,2.0,129.0,3.0,3.0,6.0,3.0,64.5,7.0,1
0.0,0.0,0.0,0.0,158.0,3.0,4.0,5.0,3.0,79.0,19.0,1
0.0,1.0,0.09090909090909091,10.0,146.0,4.0,4.0,6.0,3.0,13.272727272727273,30.0,1
8.0,0.0,0.0,0.0,124.0,3.0,3.0,6.0,3.0,62.0,14.0,0
0.0,1.0,0.5,0.0,132.0,3.0,5.0,5.0,1.0,66.0,15.0,1
9.0,0.0,0.0,0.0,120.0,3.0,4.0,6.0,3.0,60.0,19.0,0
17.0,1.0,0.3333333333333333,2.0,202.0,3.0,3.0,5.0,1.0,67.33333333333333,8.0,0
2.0,0.0,0.0,4.0,186.0,4.0,3.0,7.0,3.0,93.0,25.0,0
9.0,0.0,0.0,3.0,121.0,3.0,3.0,5.0,2.0,60.5,7.0,0
28.0,1.0,0.5,2.0,140.0,3.0,3.0,4.0,1.0,70.0,10.0,0
6.0,0.0,0.0,2.0,138.0,4.0,4.0,6.0,1.0,69.0,10.0,0
20.0,1.0,0.5,2.0,146.0,3.0,3.0,6.0,3.0,73.0,20.0,0
0.0,0.0,0.0,0.0,126.0,4.0,5.0,6.0,1.0,63.0,14.0,1
9.0,0.0,0.0,0.0,116.0,4.0,3.0,7.0,1.0,58.0,7.0,0
1.0,0.0,0.0,3.0,149.0,3.0,5.0,5.0,3.0,74.5,13.0,0
22.0,0.0,0.0,2.0,148.0,4.0,5.0,6.0,1.0,74.0,9.0,0
2.0,0.0,0.0,2.0,132.0,3.0,4.0,6.0,1.0,66.0,8.0,0
1.0,0.0,0.0,7.0,165.0,5.0,4.0,8.0,1.0,82.5,35.0,0
6.0,1.0,0.5,0.0,164.0,3.0,3.0,6.0,1.0,82.0,14.0,0
5.0,0.0,0.0,3.0,212.0,3.0,1.0,6.0,1.0,106.0,16.0,0
27.0,0.0,0.0,12.0,260.0,3.0,1.0,5.0,1.0,86.66666666666667,17.0,0
0.0,0.0,0.0,7.0,124.0,4.0,5.0,7.0,1.0,62.0,14.0,1
17.0,0.0,0.0,17.0,263.0,3.0,5.0,5.0,1.0,17.533333333333335,34.0,0
12.0,0.0,0.0,2.0,184.0,3.0,4.0,5.0,1.0,61.333333333333336,12.0,0
19.0,0.0,0.0,1.0,266.0,3.0,4.0,5.0,3.0,44.333333333333336,9.0,0
8.0,0.0,0.0,3.0,186.0,4.0,4.0,7.0,1.0,46.5,22.0,0
9.0,0.0,0.0,2.0,123.0,3.0,3.0,6.0,1.0,61.5,26.0,0
9.0,0.0,0.0,0.0,120.0,3.0,5.0,5.0,1.0,60.0,15.0,1
7.0,1.0,0.1111111111111111,6.0,171.0,4.0,3.0,7.0,3.0,19.0,7.0,0
0.0,0.0,0.0,7.0,141.0,3.0,3.0,5.0,1.0,17.625,9.0,1
23.0,1.0,0.3333333333333333,9.0,244.0,5.0,1.0,7.0,1.0,81.33333333333333,28.0,0
9.0,1.0,0.16666666666666666,7.0,123.0,3.0,3.0,5.0,3.0,20.5,13.0,0
15.0,0.0,0.0,0.0,148.0,4.0,4.0,7.0,1.0,74.0,8.0,0
10.0,0.0,0.0,7.0,143.0,3.0,1.0,5.0,1.0,35.75,19.0,0
2.0,0.0,0.0,7.0,197.0,5.0,5.0,7.0,1.0,98.5,14.0,0
6.0,0.0,0.0,2.0,143.0,4.0,4.0,6.0,1.0,71.5,31.0,0
9.0,0.0,0.0,3.0,121.0,3.0,1.0,6.0,1.0,60.5,34.0,0
15.0,1.0,0.07142857142857142,9.0,201.0,3.0,1.0,5.0,1.0,14.357142857142858,8.0,0
13.0,0.0,0.0,1.0,155.0,3.0,5.0,5.0,3.0,19.375,15.0,0
6.0,1.0,0.16666666666666666,7.0,152.0,3.0,3.0,6.0,1.0,25.333333333333332,34.0,0
13.0,1.0,0.125,7.0,264.0,3.0,1.0,5.0,2.0,33.0,12.0,0
9.0,0.0,0.0,0.0,123.0,4.0,5.0,6.0,1.0,61.5,27.0,0
13.0,1.0,0.3333333333333333,2.0,141.0,3.0,1.0,6.0,1.0,47.0,14.0,0
18.0,0.0,0.0,7.0,174.0,3.0,4.0,6.0,1.0,21.75,7.0,0
8.0,0.0,0.0,2.0,124.0,4.0,3.0,7.0,3.0,24.8,14.0,0
5.0,0.0,0.0,5.0,159.0,4.0,4.0,7.0,1.0,53.0,11.0,0
9.0,1.0,0.5,2.0,126.0,3.0,1.0,6.0,3.0,63.0,14.0,0
21.0,0.0,0.0,7.0,164.0,3.0,3.0,6.0,3.0,20.5,22.0,0
2.0,0.0,0.0,0.0,125.0,1.0,3.0,4.0,1.0,62.5,14.0,0
6.0,0.0,0.0,2.0,164.0,3.0,5.0,5.0,3.0,54.666666666666664,14.0,0
0.0,0.0,0.0,7.0,197.0,4.0,5.0,7.0,3.0,28.142857142857142,7.0,1
11.0,0.0,0.0,2.0,161.0,3.0,3.0,6.0,2.0,80.5,16.0,0
8.0,0.0,0.0,2.0,125.0,4.0,5.0,7.0,1.0,62.5,14.0,0
7.0,0.0,0.0,3.0,193.0,3.0,4.0,5.0,3.0,96.5,35.0,0
9.0,1.0,0.5,0.0,121.0,3.0,5.0,6.0,1.0,60.5,8.0,1
16.0,0.0,0.0,9.0,202.0,4.0,1.0,7.0,1.0,101.0,8.0,1
1.0,0.0,0.0,4.0,149.0,3.0,4.0,5.0,1.0,74.5,8.0,1
5.0,0.0,0.0,2.0,141.0,3.0,5.0,6.0,1.0,70.5,7.0,0
21.0,0.0,0.0,6.0,124.0,3.0,5.0,6.0,1.0,15.5,14.0,0
7.0,0.0,0.0,0.0,130.0,3.0,1.0,6.0,1.0,65.0,13.0,0
28.0,0.0,0.0,13.0,296.0,4.0,1.0,6.0,3.0,98.66666666666667,32.0,0
7.0,0.0,0.0,1.0,155.0,3.0,1.0,5.0,1.0,51.666666666666664,7.0,0
9.0,0.0,0.0,0.0,121.0,3.0,1.0,5.0,1.0,60.5,9.0,0
11.0,0.0,0.0,7.0,199.0,3.0,4.0,6.0,3.0,24.875,20.0,0
11.0,0.0,0.0,2.0,142.0,3.0,4.0,5.0,3.0,71.0,22.0,0
9.0,0.0,0.0,0.0,168.0,3.0,3.0,6.0,3.0,84.0,7.0,0
2.0,1.0,0.5,5.0,147.0,3.0,5.0,5.0,1.0,73.5,9.0,0
8.0,1.0,0.5,4.0,161.0,3.0,3.0,5.0,1.0,80.5,16.0,0
12.0,0.0,0.0,6.0,182.0,1.0,3.0,3.0,3.0,22.75,12.0,0
2.0,0.0,0.0,3.0,189.0,3.0,1.0,5.0,1.0,94.5,8.0,0
23.0,1.0,0.5,0.0,293.0,3.0,3.0,5.0,3.0,146.5,15.0,0
9.0,0.0,0.0,2.0,121.0,1.0,3.0,3.0,1.0,40.333333333333336,16.0,0
9.0,1.0,0.5,2.0,156.0,1.0,5.0,4.0,1.0,78.0,12.0,0
15.0,0.0,0.0,1.0,296.0,4.0,1.0,7.0,1.0,148.0,15.0,0
8.0,0.0,0.0,8.0,134.0,1.0,3.0,3.0,1.0,19.142857142857142,34.0,0
7.0,0.0,0.0,7.0,151.0,4.0,3.0,7.0,1.0,18.875,16.0,0
13.0,0.0,0.0,2.0,146.0,3.0,5.0,5.0,3.0,73.0,20.0,0
16.0,0.0,0.0,2.0,149.0,1.0,4.0,3.0,1.0,74.5,33.0,0
8.0,0.0,0.0,1.0,127.0,4.0,1.0,7.0,1.0,63.5,13.0,0
19.0,0.0,0.0,12.0,276.0,1.0,5.0,3.0,3.0,138.0,7.0,0
0.0,1.0,0.5,0.0,124.0,3.0,4.0,5.0,1.0,62.0,14.0,1
0.0,1.0,0.5,3.0,128.0,4.0,3.0,7.0,1.0,64.0,32.0,0
23.0,1.0,0.07692307692307693,3.0,212.0,3.0,3.0,5.0,1.0,16.307692307692307,26.0,0
5.0,0.0,0.0,2.0,133.0,1.0,1.0,3.0,1.0,66.5,11.0,0
17.0,1.0,0.5,10.0,290.0,3.0,1.0,5.0,1.0,145.0,13.0,0
9.0,0.0,0.0,1.0,121.0,4.0,4.0,6.0,1.0,60.5,13.0,0
18.0,1.0,0.5,4.0,158.0,5.0,5.0,7.0,1.0,79.0,11.0,0
18.0,0.0,0.0,5.0,144.0,4.0,5.0,6.0,3.0,28.8,32.0,0
4.0,0.0,0.0,3.0,153.0,3.0,5.0,5.0,3.0,76.5,8.0,0
9.0,1.0,0.5,1.0,147.0,3.0,3.0,6.0,1.0,73.5,18.0,0
7.0,0.0,0.0,2.0,147.0,1.0,1.0,3.0,1.0,18.375,16.0,0
22.0,0.0,0.0,4.0,132.0,3.0,5.0,5.0,1.0,66.0,31.0,0
12.0,0.0,0.0,7.0,154.0,3.0,5.0,6.0,1.0,19.25,16.0,0
0.0,0.0,0.0,7.0,141.0,4.0,5.0,7.0,1.0,70.5,25.0,0
8.0,0.0,0.0,10.0,152.0,1.0,5.0,3.0,1.0,76.0,24.0,0
1.0,0.0,0.0,0.0,149.0,5.0,5.0,7.0,1.0,74.5,33.0,0
0.0,0.0,0.0,2.0,131.0,3.0,1.0,6.0,1.0,43.666666666666664,11.0,0
9.0,1.0,0.5,0.0,116.0,3.0,1.0,6.0,3.0,58.0,9.0,1
20.0,0.0,0.0,0.0,297.0,3.0,3.0,6.0,2.0,148.5,32.0,0
12.0,0.0,0.0,7.0,131.0,4.0,3.0,7.0,1.0,65.5,9.0,0
13.0,0.0,0.0,12.0,204.0,4.0,3.0,7.0,1.0,13.6,21.0,0
8.0,0.0,0.0,9.0,141.0,3.0,3.0,5.0,1.0,47.0,14.0,0
10.0,0.0,0.0,2.0,158.0,3.0,3.0,5.0,1.0,79.0,25.0,0
12.0,0.0,0.0,8.0,150.0,3.0,3.0,5.0,1.0,37.5,10.0,0
18.0,0.0,0.0,9.0,158.0,4.0,1.0,6.0,1.0,39.5,8.0,0
11.0,1.0,0.5,2.0,178.0,4.0,3.0,6.0,1.0,89.0,8.0,0
0.0,0.0,0.0,0.0,203.0,4.0,5.0,6.0,3.0,29.0,16.0,1
10.0,0.0,0.0,7.0,139.0,3.0,4.0,6.0,1.0,17.375,16.0,0
13.0,1.0,0.25,3.0,179.0,3.0,1.0,5.0,1.0,44.75,22.0,0
17.0,1.0,0.5,2.0,157.0,3.0,1.0,5.0,2.0,78.5,7.0,0
21.0,0.0,0.0,2.0,252.0,4.0,1.0,6.0,1.0,84.0,10.0,0
0.0,1.0,0.3333333333333333,2.0,154.0,5.0,1.0,7.0,3.0,51.333333333333336,21.0,1
0.0,1.0,0.5,3.0,138.0,3.0,1.0,5.0,1.0,69.0,8.0,0
0.0,0.0,0.0,2.0,135.0,1.0,3.0,3.0,1.0,67.5,14.0,0
0.0,0.0,0.0,2.0,126.0,3.0,1.0,5.0,1.0,63.0,14.0,0
9.0,1.0,0.5,3.0,122.0,3.0,5.0,6.0,1.0,61.0,13.0,1
2.0,0.0,0.0,4.0,159.0,4.0,3.0,6.0,3.0,79.5,16.0,0
9.0,0.0,0.0,2.0,180.0,3.0,5.0,5.0,1.0,90.0,11.0,0
0.0,0.0,0.0,7.0,152.0,1.0,3.0,4.0,1.0,76.0,8.0,0
12.0,0.0,0.0,0.0,153.0,3.0,4.0,6.0,1.0,76.5,18.0,0
22.0,0.0,0.0,2.0,264.0,3.0,4.0,6.0,1.0,132.0,28.0,0
23.0,0.0,0.0,11.0,233.0,4.0,5.0,6.0,1.0,77.66666666666667,23.0,0
0.0,0.0,0.0,2.0,128.0,3.0,3.0,6.0,3.0,42.666666666666664,8.0,0
7.0,0.0,0.0,9.0,154.0,3.0,4.0,6.0,1.0,19.25,9.0,0
9.0,0.0,0.0,3.0,120.0,3.0,4.0,6.0,1.0,60.0,13.0,0
22.0,1.0,0.3333333333333333,12.0,240.0,4.0,3.0,6.0,1.0,80.0,12.0,0
9.0,0.0,0.0,2.0,144.0,4.0,3.0,6.0,1.0,72.0,7.0,0
9.0,0.0,0.0,4.0,168.0,1.0,5.0,4.0,1.0,84.0,9.0,0
27.0,0.0,0.0,7.0,274.0,3.0,3.0,6.0,1.0,54.8,28.0,0
16.0,0.0,0.0,11.0,276.0,4.0,3.0,7.0,1.0,39.42857142857143,21.0,0
0.0,1.0,0.14285714285714285,7.0,146.0,3.0,1.0,5.0,3.0,20.857142857142858,18.0,1
11.0,0.0,0.0,9.0,147.0,3.0,1.0,5.0,1.0,49.0,7.0,0
2.0,1.0,0.5,9.0,142.0,4.0,4.0,6.0,3.0,71.0,11.0,0
6.0,0.0,0.0,4.0,155.0,3.0,1.0,6.0,3.0,77.5,8.0,0
5.0,0.0,0.0,6.0,155.0,3.0,4.0,5.0,1.0,77.5,8.0,0
4.0,0.0,0.0,2.0,155.0,3.0,1.0,6.0,3.0,77.5,11.0,0
22.0,1.0,0.3333333333333333,2.0,126.0,3.0,5.0,6.0,1.0,42.0,14.0,0
11.0,0.0,0.0,3.0,124.0,4.0,4.0,6.0,1.0,31.0,14.0,0
20.0,0.0,0.0,2.0,260.0,1.0,4.0,3.0,3.0,86.66666666666667,8.0,0
22.0,0.0,0.0,0.0,254.0,3.0,3.0,5.0,1.0,84.66666666666667,7.0,0
14.0,1.0,0.5,2.0,171.0,3.0,3.0,6.0,3.0,85.5,29.0,0
0.0,0.0,0.0,2.0,127.0,3.0,5.0,6.0,3.0,63.5,15.0,0
6.0,1.0,0.5,2.0,154.0,3.0,1.0,5.0,3.0,77.0,22.0,0
9.0,0.0,0.0,2.0,153.0,3.0,3.0,6.0,1.0,76.5,32.0,0
17.0,1.0,0.3333333333333333,2.0,132.0,3.0,1.0,5.0,2.0,44.0,7.0,0
0.0,1.0,0.5,2.0,140.0,4.0,3.0,7.0,1.0,70.0,14.0,1
11.0,0.0,0.0,0.0,133.0,3.0,3.0,5.0,1.0,66.5,10.0,0
26.0,0.0,0.0,2.0,170.0,1.0,1.0,3.0,1.0,85.0,30.0,0
11.0,1.0,0.125,7.0,127.0,3.0,3.0,6.0,3.0,15.875,14.0,1
9.0,0.0,0.0,0.0,114.0,3.0,4.0,6.0,1.0,57.0,8.0,1
0.0,0.0,0.0,7.0,126.0,3.0,1.0,6.0,1.0,21.0,14.0,0
28.0,0.0,0.0,2.0,135.0,4.0,4.0,7.0,1.0,67.5,28.0,0
7.0,0.0,0.0,13.0,140.0,4.0,1.0,6.0,1.0,28.0,11.0,0
30.0,0.0,0.0,0.0,209.0,5.0,1.0,8.0,1.0,104.5,7.0,0
9.0,0.0,0.0,13.0,120.0,1.0,4.0,4.0,1.0,40.0,27.0,0
10.0,0.0,0.0,3.0,195.0,5.0,1.0,7.0,3.0,97.5,7.0,0
7.0,0.0,0.0,7.0,129.0,4.0,1.0,7.0,1.0,14.333333333333334,25.0,0
9.0,1.0,0.5,2.0,123.0,3.0,1.0,6.0,3.0,61.5,13.0,1
17.0,1.0,0.14285714285714285,7.0,179.0,1.0,1.0,4.0,1.0,25.571428571428573,8.0,0
8.0,1.0,0.5,4.0,149.0,4.0,1.0,7.0,1.0,74.5,8.0,0
16.0,1.0,0.1111111111111111,8.0,178.0,3.0,1.0,6.0,3.0,19.77777777777778,8.0,0
0.0,0.0,0.0,4.0,144.0,1.0,3.0,4.0,1.0,72.0,15.0,0
14.0,0.0,0.0,7.0,192.0,3.0,3.0,5.0,3.0,21.333333333333332,12.0,0
2.0,0.0,0.0,2.0,130.0,3.0,3.0,6.0,1.0,65.0,15.0,0
9.0,0.0,0.0,7.0,145.0,3.0,1.0,5.0,3.0,20.714285714285715,8.0,0
18.0,0.0,0.0,4.0,207.0,4.0,3.0,7.0,1.0,13.8,7.0,0
9.0,0.0,0.0,0.0,116.0,5.0,3.0,7.0,2.0,58.0,28.0,1
10.0,0.0,0.0,3.0,229.0,5.0,3.0,7.0,3.0,15.266666666666667,15.0,1
9.0,0.0,0.0,2.0,123.0,5.0,3.0,8.0,1.0,61.5,23.0,0
18.0,0.0,0.0,6.0,267.0,4.0,4.0,6.0,1.0,29.666666666666668,34.0,0
5.0,0.0,0.0,3.0,134.0,3.0,3.0,5.0,1.0,67.0,16.0,0
4.0,0.0,0.0,3.0,135.0,3.0,3.0,6.0,1.0,67.5,8.0,0
14.0,0.0,0.0,2.0,164.0,5.0,4.0,7.0,2.0,82.0,10.0,0
13.0,1.0,0.5,0.0,165.0,3.0,5.0,6.0,1.0,82.5,14.0,0
0.0,0.0,0.0,2.0,139.0,3.0,5.0,6.0,1.0,69.5,35.0,0
19.0,0.0,0.0,9.0,156.0,3.0,4.0,5.0,1.0,78.0,19.0,0
8.0,0.0,0.0,7.0,169.0,3.0,3.0,5.0,1.0,84.5,33.0,0
3.0,0.0,0.0,8.0,129.0,3.0,1.0,6.0,1.0,64.5,22.0,0
20.0,0.0,0.0,0.0,150.0,3.0,4.0,5.0,3.0,75.0,8.0,0
19.0,1.0,0.5,3.0,204.0,3.0,1.0,6.0,3.0,102.0,8.0,0
0.0,1.0,0.3333333333333333,2.0,161.0,4.0,5.0,7.0,3.0,53.666666666666664,19.0,1
0.0,0.0,0.0,0.0,167.0,5.0,4.0,7.0,3.0,83.5,7.0,1
0.0,0.0,0.0,2.0,133.0,3.0,4.0,5.0,1.0,66.5,10.0,0
4.0,0.0,0.0,4.0,152.0,3.0,1.0,4.0,1.0,76.0,30.0,0
12.0,1.0,0.16666666666666666,8.0,165.0,3.0,1.0,6.0,1.0,27.5,7.0,0
5.0,0.0,0.0,2.0,196.0,5.0,3.0,8.0,3.0,98.0,25.0,0
13.0,0.0,0.0,8.0,298.0,3.0,4.0,5.0,3.0,22.923076923076923,13.0,0
18.0,0.0,0.0,3.0,198.0,5.0,3.0,7.0,2.0,99.0,10.0,0
3.0,0.0,0.0,7.0,150.0,4.0,5.0,7.0,1.0,75.0,8.0,0
9.0,0.0,0.0,1.0,121.0,3.0,1.0,5.0,2.0,40.333333333333336,16.0,0
9.0,0.0,0.0,2.0,122.0,4.0,1.0,7.0,2.0,61.0,14.0,1
4.0,0.0,0.0,2.0,183.0,3.0,3.0,5.0,3.0,91.5,11.0,0
0.0,0.0,0.0,4.0,134.0,3.0,1.0,6.0,1.0,67.0,14.0,0
0.0,0.0,0.0,2.0,128.0,5.0,4.0,8.0,3.0,42.666666666666664,15.0,1
2.0,1.0,0.5,2.0,163.0,1.0,3.0,4.0,1.0,81.5,7.0,0
3.0,0.0,0.0,7.0,171.0,4.0,5.0,7.0,3.0,85.5,21.0,0
7.0,1.0,0.5,2.0,129.0,1.0,1.0,4.0,1.0,64.5,8.0,0
6.0,0.0,0.0,7.0,151.0,3.0,4.0,6.0,3.0,75.5,8.0,0
22.0,0.0,0.0,4.0,145.0,3.0,1.0,6.0,3.0,72.5,17.0,0
0.0,1.0,0.5,0.0,186.0,3.0,5.0,6.0,3.0,93.0,22.0,1
11.0,0.0,0.0,5.0,125.0,4.0,4.0,7.0,1.0,62.5,14.0,0
0.0,0.0,0.0,0.0,182.0,3.0,3.0,6.0,3.0,91.0,22.0,1
9.0,0.0,0.0,0.0,121.0,4.0,5.0,7.0,1.0,60.5,10.0,0
3.0,0.0,0.0,7.0,153.0,1.0,3.0,3.0,1.0,76.5,22.0,0
5.0,0.0,0.0,7.0,127.0,3.0,4.0,6.0,1.0,63.5,11.0,0
11.0,1.0,0.5,0.0,158.0,5.0,1.0,7.0,1.0,79.0,24.0,0
6.0,1.0,0.5,0.0,124.0,4.0,3.0,6.0,1.0,62.0,14.0,1
15.0,0.0,0.0,4.0,128.0,3.0,4.0,6.0,1.0,64.0,18.0,0
28.0,0.0,0.0,0.0,290.0,4.0,5.0,6.0,1.0,145.0,8.0,0
6.0,0.0,0.0,7.0,131.0,3.0,4.0,6.0,1.0,65.5,10.0,0
9.0,0.0,0.0,4.0,123.0,3.0,5.0,6.0,1.0,61.5,15.0,0
7.0,1.0,0.5,7.0,140.0,3.0,3.0,5.0,3.0,70.0,16.0,0
26.0,1.0,0.5,3.0,230.0,4.0,3.0,6.0,1.0,115.0,7.0,0
16.0,0.0,0.0,8.0,135.0,3.0,1.0,6.0,2.0,67.5,8.0,0
7.0,0.0,0.0,2.0,160.0,5.0,1.0,7.0,3.0,53.333333333333336,9.0,0
0.0,0.0,0.0,0.0,127.0,3.0,4.0,6.0,3.0,63.5,13.0,1
11.0,0.0,0.0,4.0,137.0,4.0,3.0,6.0,1.0,68.5,12.0,0
0.0,1.0,0.5,0.0,124.0,3.0,5.0,6.0,1.0,62.0,14.0,1
4.0,0.0,0.0,7.0,155.0,4.0,1.0,7.0,3.0,25.833333333333332,35.0,0
24.0,0.0,0.0,3.0,231.0,3.0,3.0,5.0,1.0,77.0,9.0,0
10.0,0.0,0.0,3.0,142.0,4.0,4.0,6.0,3.0,71.0,15.0,0
19.0,1.0,0.3333333333333333,2.0,293.0,3.0,1.0,5.0,1.0,97.66666666666667,8.0,0
9.0,1.0,0.16666666666666666,7.0,183.0,3.0,5.0,5.0,1.0,30.5,16.0,0
7.0,1.0,0.3333333333333333,3.0,123.0,3.0,4.0,6.0,1.0,41.0,14.0,1
10.0,0.0,0.0,7.0,141.0,3.0,4.0,5.0,2.0,28.2,14.0,0
0.0,1.0,0.125,7.0,158.0,3.0,1.0,5.0,3.0,19.75,33.0,1
6.0,0.0,0.0,6.0,131.0,1.0,5.0,4.0,1.0,16.375,14.0,0
9.0,0.0,0.0,3.0,120.0,3.0,1.0,5.0,1.0,60.0,7.0,0
12.0,0.0,0.0,2.0,235.0,3.0,3.0,6.0,1.0,78.33333333333333,16.0,0
19.0,0.0,0.0,2.0,180.0,4.0,4.0,7.0,3.0,60.0,32.0,0
13.0,0.0,0.0,2.0,134.0,3.0,5.0,6.0,1.0,67.0,8.0,0
15.0,0.0,0.0,0.0,155.0,1.0,5.0,4.0,1.0,77.5,19.0,0
8.0,0.0,0.0,7.0,158.0,3.0,1.0,5.0,1.0,79.0,8.0,0
11.0,0.0,0.0,8.0,126.0,3.0,4.0,6.0,2.0,31.5,14.0,0
0.0,0.0,0.0,7.0,153.0,3.0,5.0,6.0,1.0,76.5,15.0,1
0.0,0.0,0.0,8.0,142.0,3.0,5.0,5.0,1.0,71.0,16.0,1
12.0,0.0,0.0,2.0,141.0,3.0,1.0,5.0,3.0,47.0,26.0,0
16.0,0.0,0.0,2.0,124.0,3.0,3.0,5.0,1.0,62.0,14.0,0
14.0,0.0,0.0,2.0,169.0,1.0,4.0,3.0,1.0,84.5,11.0,0
14.0,1.0,0.07142857142857142,5.0,204.0,3.0,3.0,5.0,3.0,14.571428571428571,10.0,0
3.0,0.0,0.0,2.0,197.0,3.0,3.0,6.0,1.0,98.5,16.0,0
9.0,1.0,0.5,4.0,121.0,3.0,4.0,6.0,2.0,60.5,26.0,1
9.0,0.0,0.0,7.0,189.0,3.0,4.0,6.0,1.0,47.25,27.0,1
13.0,0.0,0.0,3.0,165.0,3.0,1.0,5.0,1.0,82.5,7.0,0
7.0,0.0,0.0,8.0,168.0,1.0,3.0,4.0,3.0,33.6,14.0,0
30.0,0.0,0.0,14.0,263.0,3.0,4.0,5.0,3.0,17.533333333333335,8.0,0
8.0,0.0,0.0,3.0,127.0,5.0,3.0,8.0,1.0,63.5,29.0,0
20.0,1.0,0.06666666666666667,10.0,203.0,4.0,4.0,7.0,1.0,13.533333333333333,10.0,0
13.0,0.0,0.0,7.0,144.0,3.0,5.0,5.0,1.0,18.0,18.0,0
27.0,0.0,0.0,7.0,169.0,3.0,1.0,6.0,1.0,84.5,13.0,0
4.0,0.0,0.0,2.0,196.0,3.0,5.0,6.0,3.0,65.33333333333333,13.0,0
1.0,0.0,0.0,2.0,136.0,3.0,5.0,6.0,1.0,68.0,7.0,0
11.0,1.0,0.5,3.0,154.0,5.0,1.0,8.0,3.0,77.0,8.0,0
0.0,0.0,0.0,2.0,147.0,3.0,1.0,5.0,3.0,73.5,16.0,0
30.0,1.0,0.3333333333333333,2.0,258.0,3.0,3.0,5.0,1.0,86.0,21.0,0
9.0,0.0,0.0,0.0,115.0,3.0,3.0,5.0,1.0,57.5,20.0,0
0.0,0.0,0.0,0.0,130.0,1.0,5.0,4.0,2.0,65.0,24.0,1
0.0,1.0,0.3333333333333333,0.0,123.0,4.0,5.0,6.0,2.0,41.0,14.0,1
18.0,0.0,0.0,7.0,152.0,3.0,3.0,6.0,3.0,25.333333333333332,8.0,0
9.0,1.0,0.5,0.0,170.0,3.0,4.0,6.0,1.0,85.0,8.0,0
16.0,0.0,0.0,7.0,157.0,3.0,1.0,6.0,3.0,19.625,8.0,0
0.0,1.0,0.5,2.0,124.0,3.0,1.0,5.0,1.0,62.0,14.0,0
2.0,0.0,0.0,10.0,138.0,3.0,1.0,5.0,1.0,34.5,26.0,0
5.0,0.0,0.0,0.0,146.0,3.0,1.0,6.0,3.0,73.0,16.0,0
15.0,0.0,0.0,3.0,129.0,3.0,3.0,6.0,1.0,32.25,16.0,0
9.0,0.0,0.0,0.0,121.0,3.0,3.0,6.0,1.0,40.333333333333336,15.0,0
19.0,0.0,0.0,7.0,186.0,3.0,1.0,5.0,1.0,37.2,8.0,0
1.0,0.0,0.0,2.0,127.0,3.0,1.0,6.0,2.0,42.333333333333336,7.0,0
2.0,0.0,0.0,6.0,164.0,5.0,3.0,8.0,1.0,82.0,35.0,0
15.0,0.0,0.0,0.0,140.0,3.0,3.0,5.0,1.0,70.0,14.0,0
0.0,1.0,0.3333333333333333,2.0,199.0,4.0,4.0,6.0,3.0,66.33333333333333,8.0,1
19.0,0.0,0.0,8.0,232.0,1.0,5.0,3.0,3.0,77.33333333333333,9.0,0
0.0,0.0,0.0,8.0,135.0,4.0,3.0,6.0,3.0,22.5,29.0,0
2.0,0.0,0.0,0.0,128.0,4.0,4.0,7.0,2.0,64.0,12.0,0
16.0,0.0,0.0,14.0,294.0,4.0,3.0,6.0,1.0,42.0,12.0,0
21.0,0.0,0.0,9.0,297.0,4.0,4.0,7.0,1.0,22.846153846153847,16.0,0
0.0,1.0,0.5,0.0,124.0,4.0,1.0,7.0,1.0,62.0,14.0,1
9.0,0.0,0.0,7.0,173.0,3.0,4.0,6.0,3.0,86.5,16.0,1
0.0,0.0,0.0,3.0,148.0,4.0,5.0,7.0,1.0,18.5,21.0,0
12.0,0.0,0.0,2.0,139.0,3.0,1.0,5.0,1.0,46.333333333333336,25.0,0
28.0,0.0,0.0,4.0,127.0,4.0,1.0,7.0,1.0,63.5,8.0,0
1.0,0.0,0.0,0.0,129.0,3.0,4.0,6.0,3.0,64.5,9.0,0
0.0,0.0,0.0,0.0,111.0,3.0,1.0,5.0,3.0,55.5,15.0,1
0.0,1.0,0.5,0.0,125.0,3.0,4.0,6.0,1.0,62.5,14.0,1
9.0,1.0,0.5,7.0,157.0,4.0,3.0,7.0,3.0,78.5,16.0,0
4.0,0.0,0.0,2.0,142.0,3.0,3.0,5.0,1.0,71.0,26.0,0
7.0,1.0,0.5,0.0,197.0,3.0,1.0,6.0,3.0,98.5,10.0,0
9.0,0.0,0.0,2.0,121.0,3.0,5.0,5.0,1.0,60.5,13.0,0
10.0,1.0,0.5,4.0,143.0,3.0,5.0,6.0,1.0,71.5,13.0,0
8.0,1.0,0.5,2.0,148.0,4.0,4.0,6.0,1.0,74.0,22.0,0
18.0,0.0,0.0,8.0,159.0,4.0,1.0,7.0,1.0,39.75,31.0,0
9.0,0.0,0.0,8.0,139.0,4.0,1.0,7.0,2.0,69.5,8.0,0
13.0,0.0,0.0,16.0,268.0,3.0,5.0,6.0,1.0,22.333333333333332,7.0,0
0.0,1.0,0.5,0.0,129.0,4.0,3.0,7.0,1.0,64.5,7.0,0
0.0,0.0,0.0,7.0,165.0,1.0,3.0,3.0,3.0,82.5,8.0,0
21.0,0.0,0.0,7.0,272.0,3.0,1.0,5.0,1.0,54.4,28.0,0
17.0,0.0,0.0,2.0,150.0,1.0,5.0,4.0,1.0,50.0,7.0,0
9.0,1.0,0.25,0.0,123.0,5.0,5.0,7.0,1.0,30.75,22.0,1
19.0,0.0,0.0,0.0,126.0,3.0,1.0,6.0,1.0,63.0,14.0,1
9.0,0.0,0.0,3.0,155.0,4.0,4.0,6.0,3.0,77.5,23.0,0
14.0,0.0,0.0,4.0,144.0,3.0,4.0,5.0,3.0,72.0,14.0,0
15.0,0.0,0.0,7.0,233.0,3.0,5.0,5.0,1.0,77.66666666666667,12.0,0
4.0,1.0,0.5,4.0,166.0,3.0,1.0,5.0,3.0,83.0,16.0,0
7.0,1.0,0.5,1.0,181.0,4.0,1.0,7.0,3.0,90.5,9.0,0
4.0,0.0,0.0,2.0,140.0,1.0,3.0,4.0,1.0,46.666666666666664,10.0,0
0.0,0.0,0.0,7.0,125.0,1.0,1.0,4.0,1.0,15.625,14.0,0
18.0,0.0,0.0,3.0,154.0,3.0,3.0,5.0,1.0,77.0,7.0,0
6.0,0.0,0.0,9.0,155.0,3.0,3.0,5.0,3.0,77.5,16.0,0
1.0,1.0,0.5,7.0,168.0,4.0,1.0,6.0,3.0,84.0,7.0,0
0.0,0.0,0.0,0.0,111.0,1.0,5.0,3.0,3.0,55.5,30.0,1
12.0,0.0,0.0,2.0,157.0,5.0,3.0,7.0,3.0,78.5,27.0,0
9.0,0.0,0.0,2.0,122.0,3.0,4.0,5.0,1.0,61.0,8.0,0
7.0,1.0,0.14285714285714285,11.0,157.0,4.0,1.0,6.0,1.0,22.428571428571427,28.0,0
0.0,1.0,0.3333333333333333,2.0,199.0,3.0,3.0,5.0,3.0,66.33333333333333,19.0,1
20.0,0.0,0.0,7.0,155.0,3.0,4.0,6.0,1.0,77.5,20.0,0
29.0,0.0,0.0,0.0,154.0,4.0,5.0,6.0,3.0,77.0,17.0,0
12.0,0.0,0.0,9.0,152.0,3.0,5.0,5.0,1.0,19.0,15.0,0
9.0,1.0,0.5,7.0,121.0,4.0,4.0,6.0,1.0,60.5,14.0,0
60.0,1.0,0.5,0.0,279.0,3.0,1.0,6.0,3.0,139.5,27.0,0
0.0,1.0,0.5,3.0,124.0,1.0,3.0,3.0,1.0,62.0,14.0,1
11.0,0.0,0.0,3.0,148.0,3.0,1.0,6.0,1.0,74.0,15.0,0
22.0,0.0,0.0,3.0,292.0,3.0,1.0,5.0,1.0,58.4,8.0,0
15.0,1.0,0.5,0.0,151.0,3.0,1.0,6.0,3.0,75.5,18.0,0
0.0,0.0,0.0,0.0,129.0,4.0,4.0,7.0,2.0,64.5,28.0,1
8.0,0.0,0.0,4.0,156.0,3.0,5.0,6.0,3.0,78.0,24.0,0
9.0,0.0,0.0,4.0,121.0,3.0,3.0,5.0,1.0,60.5,22.0,0
4.0,1.0,0.3333333333333333,3.0,131.0,3.0,5.0,6.0,1.0,43.666666666666664,9.0,0
9.0,0.0,0.0,2.0,128.0,1.0,4.0,4.0,1.0,64.0,15.0,0
7.0,0.0,0.0,1.0,199.0,3.0,1.0,5.0,3.0,66.33333333333333,7.0,0
7.0,0.0,0.0,1.0,186.0,3.0,3.0,5.0,3.0,93.0,19.0,0
0.0,0.0,0.0,6.0,129.0,3.0,5.0,6.0,1.0,16.125,7.0,0
2.0,0.0,0.0,2.0,154.0,3.0,5.0,5.0,1.0,77.0,7.0,0
5.0,0.0,0.0,2.0,167.0,3.0,1.0,5.0,1.0,83.5,21.0,0
4.0,0.0,0.0,7.0,150.0,5.0,5.0,7.0,1.0,16.666666666666668,7.0,0
0.0,0.0,0.0,3.0,124.0,4.0,1.0,6.0,1.0,62.0,14.0,1
11.0,0.0,0.0,0.0,129.0,4.0,5.0,7.0,3.0,64.5,7.0,0
8.0,1.0,0.5,9.0,152.0,3.0,1.0,5.0,3.0,76.0,13.0,0
0.0,0.0,0.0,7.0,141.0,3.0,1.0,5.0,3.0,70.5,15.0,0
5.0,0.0,0.0,0.0,197.0,4.0,1.0,6.0,1.0,98.5,11.0,0
0.0,1.0,0.5,8.0,156.0,3.0,1.0,6.0,3.0,78.0,32.0,1
16.0,1.0,0.3333333333333333,2.0,204.0,3.0,5.0,6.0,3.0,68.0,30.0,1
27.0,0.0,0.0,3.0,129.0,3.0,3.0,6.0,1.0,43.0,15.0,0
6.0,0.0,0.0,8.0,160.0,3.0,3.0,5.0,1.0,53.333333333333336,13.0,0
16.0,0.0,0.0,9.0,175.0,3.0,3.0,4.0,1.0,87.5,17.0,0
11.0,1.0,0.5,2.0,130.0,3.0,4.0,6.0,2.0,65.0,7.0,0
28.0,1.0,0.5,4.0,296.0,1.0,4.0,4.0,2.0,148.0,32.0,0
4.0,1.0,0.5,0.0,111.0,5.0,1.0,7.0,1.0,55.5,8.0,0
12.0,0.0,0.0,10.0,233.0,3.0,5.0,6.0,3.0,77.66666666666667,21.0,0
15.0,0.0,0.0,7.0,143.0,4.0,3.0,6.0,1.0,35.75,29.0,0
4.0,0.0,0.0,3.0,210.0,3.0,3.0,5.0,1.0,42.0,16.0,0
27.0,1.0,0.5,4.0,144.0,3.0,5.0,6.0,1.0,72.0,16.0,0
0.0,0.0,0.0,2.0,146.0,4.0,3.0,6.0,1.0,73.0,7.0,0
0.0,0.0,0.0,4.0,126.0,3.0,1.0,6.0,1.0,63.0,14.0,0
13.0,0.0,0.0,4.0,163.0,3.0,3.0,6.0,1.0,16.3,17.0,0
13.0,0.0,0.0,10.0,157.0,3.0,4.0,6.0,3.0,26.166666666666668,8.0,0
9.0,0.0,0.0,2.0,122.0,3.0,4.0,5.0,2.0,61.0,8.0,0
3.0,0.0,0.0,7.0,137.0,3.0,4.0,6.0,1.0,68.5,7.0,0
0.0,1.0,0.5,2.0,140.0,3.0,3.0,5.0,1.0,70.0,8.0,0
20.0,0.0,0.0,11.0,186.0,3.0,3.0,5.0,1.0,14.307692307692308,31.0,0
9.0,0.0,0.0,0.0,120.0,4.0,3.0,6.0,1.0,60.0,7.0,0
11.0,0.0,0.0,8.0,144.0,3.0,4.0,5.0,3.0,24.0,7.0,0
4.0,0.0,0.0,2.0,131.0,3.0,3.0,6.0,3.0,65.5,8.0,0
11.0,0.0,0.0,7.0,153.0,4.0,3.0,7.0,1.0,19.125,12.0,0
15.0,1.0,0.5,2.0,154.0,3.0,5.0,5.0,1.0,77.0,24.0,0
14.0,0.0,0.0,0.0,128.0,3.0,1.0,6.0,1.0,64.0,7.0,0
20.0,0.0,0.0,3.0,220.0,3.0,4.0,6.0,1.0,36.666666666666664,7.0,0
8.0,1.0,0.3333333333333333,2.0,127.0,3.0,3.0,5.0,1.0,42.333333333333336,17.0,0
0.0,0.0,0.0,2.0,134.0,3.0,3.0,6.0,1.0,67.0,7.0,0
8.0,0.0,0.0,8.0,151.0,3.0,3.0,5.0,1.0,75.5,15.0,0
6.0,1.0,0.1111111111111111,1.0,149.0,3.0,1.0,6.0,1.0,16.555555555555557,21.0,0
5.0,0.0,0.0,1.0,128.0,4.0,4.0,7.0,1.0,25.6,35.0,0
13.0,0.0,0.0,0.0,124.0,3.0,1.0,5.0,1.0,62.0,14.0,0
9.0,0.0,0.0,2.0,123.0,4.0,4.0,7.0,3.0,41.0,7.0,0
12.0,0.0,0.0,7.0,141.0,3.0,1.0,5.0,1.0,70.5,30.0,0
11.0,0.0,0.0,11.0,232.0,5.0,3.0,8.0,1.0,77.33333333333333,16.0,0
5.0,0.0,0.0,7.0,204.0,3.0,1.0,5.0,3.0,34.0,7.0,0
10.0,1.0,0.3333333333333333,8.0,237.0,1.0,1.0,3.0,1.0,79.0,16.0,0
0.0,1.0,0.5,4.0,149.0,3.0,3.0,5.0,3.0,74.5,14.0,0
25.0,0.0,0.0,0.0,135.0,3.0,1.0,5.0,3.0,67.5,35.0,0
17.0,1.0,0.5,2.0,124.0,3.0,1.0,5.0,1.0,62.0,14.0,0
0.0,1.0,0.5,2.0,124.0,3.0,5.0,5.0,3.0,62.0,14.0,0
12.0,0.0,0.0,3.0,294.0,3.0,1.0,5.0,1.0,147.0,15.0,0
9.0,0.0,0.0,0.0,118.0,3.0,5.0,5.0,3.0,59.0,15.0,1
9.0,0.0,0.0,4.0,176.0,4.0,1.0,7.0,3.0,44.0,9.0,0
9.0,0.0,0.0,2.0,151.0,3.0,4.0,6.0,1.0,75.5,10.0,0
29.0,0.0,0.0,9.0,163.0,3.0,3.0,5.0,1.0,81.5,7.0,0
0.0,1.0,0.3333333333333333,2.0,148.0,3.0,1.0,5.0,1.0,49.333333333333336,7.0,1
15.0,0.0,0.0,14.0,289.0,3.0,3.0,5.0,1.0,57.8,8.0,0
19.0,0.0,0.0,8.0,123.0,3.0,3.0,6.0,1.0,12.3,14.0,1
14.0,0.0,0.0,10.0,236.0,4.0,4.0,6.0,1.0,78.66666666666667,34.0,0
7.0,0.0,0.0,7.0,167.0,4.0,3.0,7.0,3.0,83.5,34.0,0
9.0,0.0,0.0,11.0,154.0,5.0,1.0,7.0,3.0,12.833333333333334,21.0,0
14.0,0.0,0.0,4.0,189.0,4.0,4.0,6.0,3.0,94.5,9.0,0
5.0,0.0,0.0,2.0,124.0,3.0,5.0,6.0,1.0,62.0,14.0,0
8.0,1.0,0.5,7.0,188.0,3.0,1.0,5.0,2.0,94.0,32.0,0
11.0,0.0,0.0,9.0,153.0,3.0,1.0,6.0,3.0,76.5,16.0,0
13.0,0.0,0.0,1.0,167.0,3.0,3.0,6.0,3.0,83.5,7.0,1
9.0,0.0,0.0,0.0,167.0,4.0,1.0,7.0,3.0,83.5,17.0,0
18.0,0.0,0.0,1.0,149.0,3.0,3.0,5.0,3.0,74.5,26.0,0
13.0,0.0,0.0,2.0,128.0,4.0,3.0,7.0,1.0,42.666666666666664,8.0,0
8.0,1.0,0.5,2.0,157.0,3.0,3.0,6.0,1.0,78.5,24.0,0
9.0,0.0,0.0,2.0,120.0,3.0,3.0,6.0,1.0,60.0,8.0,0
8.0,0.0,0.0,1.0,130.0,5.0,1.0,8.0,1.0,65.0,7.0,0
2.0,1.0,0.5,3.0,140.0,4.0,4.0,6.0,1.0,70.0,19.0,0
2.0,0.0,0.0,4.0,138.0,4.0,5.0,7.0,1.0,69.0,34.0,0
13.0,1.0,0.3333333333333333,0.0,209.0,4.0,5.0,6.0,3.0,69.66666666666667,34.0,1
12.0,0.0,0.0,3.0,220.0,4.0,1.0,6.0,3.0,22.0,30.0,0
4.0,0.0,0.0,7.0,199.0,3.0,5.0,6.0,1.0,99.5,11.0,0
0.0,0.0,0.0,0.0,130.0,4.0,3.0,7.0,3.0,65.0,11.0,0
9.0,0.0,0.0,3.0,126.0,1.0,1.0,3.0,1.0,63.0,14.0,0
12.0,0.0,0.0,7.0,200.0,4.0,5.0,6.0,1.0,100.0,12.0,0
0.0,1.0,0.5,3.0,161.0,1.0,4.0,3.0,1.0,80.5,10.0,0
22.0,0.0,0.0,8.0,154.0,4.0,4.0,7.0,3.0,77.0,8.0,0
7.0,0.0,0.0,2.0,144.0,1.0,3.0,3.0,1.0,72.0,14.0,0
5.0,1.0,0.3333333333333333,6.0,185.0,4.0,2.0,8.0,3.0,61.666666666666664,7.0,1
1.0,1.0,0.3333333333333333,1.0,146.0,5.0,3.0,9.0,1.0,48.666666666666664,9.0,1
1.0,1.0,0.3333333333333333,4.0,145.0,5.0,3.0,8.0,1.0,48.333333333333336,31.0,1
1.0,0.0,0.0,4.0,159.0,5.0,5.0,8.0,3.0,53.0,16.0,1
1.0,0.0,0.0,4.0,155.0,4.0,5.0,7.0,1.0,51.666666666666664,13.0,1
1.0,1.0,0.125,8.0,164.0,6.0,5.0,10.0,1.0,20.5,23.0,1
3.0,0.0,0.0,1.0,146.0,4.0,2.0,7.0,3.0,48.666666666666664,12.0,1
1.0,1.0,0.25,1.0,148.0,4.0,2.0,8.0,1.0,37.0,7.0,1
14.0,1.0,0.3333333333333333,3.0,152.0,5.0,3.0,8.0,3.0,50.666666666666664,10.0,1
1.0,0.0,0.0,2.0,148.0,6.0,3.0,9.0,1.0,49.333333333333336,32.0,1
5.0,0.0,0.0,9.0,320.0,4.0,3.0,7.0,1.0,18.823529411764707,19.0,1
12.0,1.0,0.3333333333333333,1.0,179.0,5.0,3.0,9.0,1.0,59.666666666666664,7.0,1
1.0,1.0,0.25,3.0,159.0,4.0,3.0,7.0,1.0,39.75,12.0,1
1.0,1.0,0.3333333333333333,1.0,159.0,5.0,3.0,9.0,1.0,53.0,16.0,1
10.0,0.0,0.0,3.0,221.0,5.0,2.0,9.0,3.0,36.833333333333336,16.0,1
1.0,1.0,0.3333333333333333,3.0,146.0,4.0,5.0,8.0,2.0,48.666666666666664,13.0,1
1.0,1.0,0.3333333333333333,1.0,154.0,5.0,2.0,9.0,1.0,51.333333333333336,13.0,1
1.0,1.0,0.3333333333333333,4.0,182.0,5.0,3.0,8.0,3.0,60.666666666666664,12.0,1
1.0,1.0,0.3333333333333333,7.0,186.0,6.0,3.0,10.0,1.0,62.0,14.0,1
20.0,1.0,0.16666666666666666,4.0,175.0,4.0,4.0,8.0,1.0,29.166666666666668,21.0,1
1.0,1.0,0.1111111111111111,8.0,187.0,6.0,3.0,10.0,3.0,20.77777777777778,13.0,1
21.0,0.0,0.0,3.0,228.0,4.0,2.0,8.0,1.0,13.411764705882353,30.0,1
1.0,1.0,0.3333333333333333,1.0,142.0,4.0,3.0,7.0,3.0,47.333333333333336,29.0,1
1.0,1.0,0.25,3.0,171.0,6.0,3.0,10.0,3.0,42.75,27.0,1
15.0,0.0,0.0,4.0,232.0,6.0,2.0,9.0,1.0,77.33333333333333,15.0,1
1.0,0.0,0.0,5.0,167.0,4.0,5.0,7.0,1.0,55.666666666666664,16.0,1
9.0,0.0,0.0,7.0,198.0,4.0,4.0,8.0,3.0,66.0,7.0,0
27.0,1.0,0.16666666666666666,6.0,148.0,4.0,3.0,7.0,3.0,24.666666666666668,13.0,0
19.0,0.0,0.0,16.0,148.0,4.0,4.0,7.0,1.0,49.333333333333336,16.0,0
6.0,0.0,0.0,3.0,215.0,4.0,2.0,7.0,3.0,43.0,15.0,0
3.0,0.0,0.0,10.0,168.0,4.0,3.0,7.0,1.0,56.0,7.0,0
1.0,0.0,0.0,1.0,186.0,5.0,3.0,8.0,1.0,62.0,14.0,0
31.0,1.0,0.3333333333333333,1.0,158.0,5.0,4.0,9.0,1.0,52.666666666666664,16.0,0
14.0,0.0,0.0,12.0,234.0,5.0,2.0,9.0,3.0,78.0,11.0,0
8.0,0.0,0.0,3.0,147.0,4.0,3.0,8.0,3.0,49.0,9.0,0
1.0,0.0,0.0,3.0,148.0,4.0,2.0,8.0,1.0,37.0,26.0,0
1.0,0.0,0.0,3.0,145.0,4.0,4.0,7.0,1.0,36.25,16.0,0
2.0,0.0,0.0,3.0,152.0,4.0,2.0,7.0,1.0,50.666666666666664,28.0,0
31.0,1.0,0.3333333333333333,3.0,219.0,3.0,2.0,6.0,1.0,73.0,31.0,0
1.0,1.0,0.3333333333333333,2.0,151.0,5.0,3.0,9.0,1.0,50.333333333333336,10.0,0
24.0,0.0,0.0,5.0,324.0,4.0,4.0,7.0,1.0,54.0,18.0,0
15.0,0.0,0.0,9.0,150.0,4.0,3.0,7.0,1.0,50.0,21.0,0
4.0,0.0,0.0,3.0,219.0,4.0,2.0,7.0,3.0,24.333333333333332,12.0,0
12.0,0.0,0.0,3.0,212.0,5.0,2.0,8.0,3.0,70.66666666666667,7.0,0
6.0,0.0,0.0,5.0,155.0,4.0,3.0,7.0,1.0,51.666666666666664,13.0,0
1.0,1.0,0.3333333333333333,2.0,156.0,4.0,4.0,7.0,1.0,52.0,24.0,0
1.0,0.0,0.0,1.0,148.0,6.0,5.0,10.0,3.0,49.333333333333336,7.0,1
10.0,0.0,0.0,3.0,146.0,4.0,4.0,6.0,1.0,16.22222222222222,10.0,0
4.0,0.0,0.0,11.0,156.0,4.0,5.0,8.0,1.0,19.5,16.0,0
19.0,1.0,0.3333333333333333,4.0,175.0,4.0,5.0,6.0,3.0,58.333333333333336,11.0,0
30.0,1.0,0.25,3.0,168.0,4.0,5.0,8.0,1.0,42.0,15.0,0
7.0,0.0,0.0,3.0,150.0,4.0,2.0,7.0,1.0,50.0,9.0,0
1.0,0.0,0.0,1.0,136.0,5.0,2.0,8.0,1.0,45.333333333333336,9.0,1
20.0,0.0,0.0,3.0,230.0,4.0,5.0,8.0,3.0,13.529411764705882,7.0,0
12.0,0.0,0.0,2.0,148.0,4.0,2.0,8.0,1.0,37.0,16.0,0
5.0,1.0,0.3333333333333333,3.0,164.0,4.0,2.0,8.0,1.0,54.666666666666664,19.0,0
8.0,0.0,0.0,3.0,148.0,4.0,4.0,8.0,1.0,49.333333333333336,34.0,0
5.0,1.0,0.3333333333333333,3.0,156.0,4.0,4.0,8.0,3.0,52.0,27.0,1
24.0,0.0,0.0,3.0,162.0,5.0,3.0,8.0,1.0,54.0,7.0,0
27.0,0.0,0.0,4.0,170.0,3.0,5.0,6.0,1.0,56.666666666666664,20.0,0
7.0,0.0,0.0,7.0,153.0,4.0,4.0,8.0,1.0,51.0,21.0,0
14.0,0.0,0.0,10.0,315.0,4.0,3.0,7.0,1.0,28.636363636363637,11.0,0
29.0,0.0,0.0,16.0,312.0,3.0,4.0,7.0,1.0,78.0,21.0,0
8.0,0.0,0.0,3.0,220.0,5.0,3.0,8.0,1.0,73.33333333333333,9.0,0
25.0,0.0,0.0,1.0,262.0,4.0,4.0,8.0,1.0,87.33333333333333,10.0,0
26.0,0.0,0.0,10.0,325.0,5.0,3.0,9.0,1.0,25.0,7.0,0
1.0,0.0,0.0,4.0,148.0,4.0,4.0,7.0,1.0,49.333333333333336,16.0,0
1.0,1.0,0.3333333333333333,2.0,184.0,5.0,3.0,8.0,1.0,61.333333333333336,30.0,1
17.0,0.0,0.0,3.0,146.0,3.0,2.0,6.0,1.0,36.5,14.0,0
19.0,0.0,0.0,9.0,293.0,5.0,2.0,9.0,1.0,22.53846153846154,9.0,0
11.0,1.0,0.3333333333333333,8.0,161.0,3.0,5.0,7.0,1.0,53.666666666666664,28.0,0
9.0,0.0,0.0,3.0,169.0,4.0,4.0,7.0,1.0,56.333333333333336,9.0,0
16.0,0.0,0.0,3.0,178.0,4.0,3.0,7.0,1.0,59.333333333333336,28.0,0
12.0,0.0,0.0,1.0,191.0,4.0,3.0,7.0,1.0,63.666666666666664,9.0,0
12.0,0.0,0.0,8.0,188.0,4.0,2.0,7.0,1.0,62.666666666666664,36.0,0
1.0,0.0,0.0,1.0,168.0,5.0,5.0,8.0,1.0,42.0,7.0,0
23.0,1.0,0.3333333333333333,8.0,193.0,4.0,2.0,8.0,1.0,64.33333333333333,25.0,0
8.0,1.0,0.25,1.0,163.0,4.0,3.0,7.0,1.0,40.75,17.0,0
14.0,1.0,0.2,8.0,152.0,4.0,2.0,7.0,1.0,30.4,26.0,0
2.0,1.0,0.3333333333333333,1.0,192.0,4.0,5.0,8.0,1.0,64.0,36.0,1
1.0,0.0,0.0,10.0,201.0,4.0,2.0,7.0,3.0,67.0,34.0,1
1.0,1.0,0.25,3.0,148.0,3.0,4.0,6.0,1.0,37.0,12.0,0
10.0,0.0,0.0,8.0,147.0,4.0,2.0,8.0,1.0,49.0,25.0,0
14.0,0.0,0.0,3.0,174.0,5.0,2.0,9.0,1.0,58.0,16.0,0
20.0,0.0,0.0,3.0,219.0,4.0,5.0,8.0,1.0,73.0,7.0,0
1.0,0.0,0.0,3.0,229.0,6.0,2.0,9.0,3.0,20.818181818181817,11.0,1
4.0,0.0,0.0,3.0,210.0,5.0,3.0,8.0,1.0,30.0,7.0,0
1.0,0.0,0.0,3.0,225.0,4.0,3.0,7.0,3.0,75.0,27.0,0
25.0,0.0,0.0,8.0,250.0,5.0,4.0,8.0,1.0,83.33333333333333,15.0,0
1.0,1.0,0.3333333333333333,5.0,152.0,4.0,5.0,7.0,1.0,50.666666666666664,10.0,1
15.0,1.0,0.3333333333333333,1.0,261.0,4.0,2.0,8.0,3.0,87.0,13.0,0
1.0,0.0,0.0,2.0,192.0,5.0,5.0,8.0,3.0,64.0,33.0,1
1.0,0.0,0.0,6.0,146.0,4.0,3.0,7.0,1.0,48.666666666666664,7.0,1
19.0,0.0,0.0,3.0,214.0,5.0,2.0,8.0,3.0,15.285714285714286,13.0,0
28.0,0.0,0.0,6.0,184.0,4.0,5.0,7.0,3.0,61.333333333333336,10.0,0
10.0,0.0,0.0,8.0,184.0,4.0,4.0,8.0,1.0,36.8,12.0,0
7.0,0.0,0.0,2.0,151.0,5.0,4.0,8.0,1.0,50.333333333333336,11.0,0
11.0,1.0,0.3333333333333333,8.0,247.0,4.0,2.0,7.0,1.0,82.33333333333333,18.0,0
12.0,0.0,0.0,3.0,231.0,4.0,3.0,8.0,3.0,33.0,10.0,0
5.0,0.0,0.0,5.0,168.0,6.0,3.0,9.0,1.0,56.0,7.0,0
31.0,0.0,0.0,1.0,147.0,5.0,2.0,9.0,1.0,49.0,10.0,0
11.0,0.0,0.0,9.0,25.0,4.0,2.0,7.0,3.0,3.5714285714285716,11.0,0
3.0,0.0,0.0,2.0,204.0,4.0,2.0,7.0,3.0,34.0,7.0,0
9.0,0.0,0.0,3.0,213.0,4.0,3.0,8.0,3.0,71.0,7.0,0
1.0,1.0,0.3333333333333333,2.0,149.0,5.0,2.0,8.0,1.0,49.666666666666664,25.0,1
26.0,0.0,0.0,3.0,157.0,5.0,2.0,8.0,1.0,39.25,9.0,0
16.0,0.0,0.0,16.0,317.0,4.0,2.0,7.0,1.0,24.384615384615383,11.0,0
31.0,0.0,0.0,3.0,148.0,4.0,3.0,7.0,2.0,37.0,13.0,0
24.0,0.0,0.0,7.0,320.0,4.0,2.0,8.0,3.0,106.66666666666667,7.0,0
1.0,1.0,0.3333333333333333,5.0,149.0,4.0,2.0,7.0,1.0,49.666666666666664,21.0,1
17.0,1.0,0.3333333333333333,10.0,286.0,4.0,2.0,8.0,3.0,95.33333333333333,23.0,0
1.0,0.0,0.0,8.0,152.0,4.0,5.0,7.0,1.0,50.666666666666664,9.0,1
26.0,1.0,0.058823529411764705,13.0,316.0,5.0,3.0,9.0,3.0,18.58823529411765,9.0,0
6.0,0.0,0.0,3.0,164.0,4.0,4.0,7.0,3.0,54.666666666666664,11.0,0
1.0,1.0,0.3333333333333333,3.0,162.0,5.0,3.0,9.0,1.0,54.0,7.0,1
13.0,0.0,0.0,3.0,147.0,4.0,3.0,8.0,1.0,49.0,7.0,0
6.0,0.0,0.0,3.0,170.0,4.0,2.0,8.0,3.0,42.5,33.0,0
15.0,0.0,0.0,1.0,156.0,4.0,5.0,7.0,1.0,52.0,26.0,0
14.0,0.0,0.0,8.0,158.0,4.0,2.0,8.0,1.0,26.333333333333332,31.0,0
19.0,0.0,0.0,8.0,317.0,3.0,2.0,7.0,1.0,105.66666666666667,7.0,0
5.0,0.0,0.0,3.0,262.0,4.0,3.0,8.0,1.0,65.5,10.0,0
7.0,0.0,0.0,3.0,154.0,5.0,2.0,9.0,1.0,51.333333333333336,12.0,0
8.0,0.0,0.0,10.0,185.0,5.0,5.0,8.0,1.0,26.428571428571427,9.0,0
11.0,0.0,0.0,3.0,164.0,5.0,5.0,8.0,1.0,54.666666666666664,7.0,0
19.0,0.0,0.0,3.0,189.0,3.0,3.0,7.0,1.0,63.0,14.0,0
1.0,0.0,0.0,3.0,225.0,4.0,3.0,8.0,1.0,75.0,17.0,1
13.0,0.0,0.0,9.0,234.0,4.0,3.0,8.0,1.0,78.0,9.0,0
3.0,0.0,0.0,6.0,148.0,4.0,2.0,7.0,1.0,49.333333333333336,22.0,0
16.0,1.0,0.3333333333333333,3.0,190.0,3.0,5.0,6.0,1.0,63.333333333333336,24.0,0
3.0,0.0,0.0,3.0,194.0,4.0,2.0,7.0,3.0,64.66666666666667,27.0,0
1.0,0.0,0.0,3.0,174.0,4.0,3.0,8.0,1.0,58.0,7.0,0
16.0,1.0,0.1111111111111111,9.0,151.0,5.0,5.0,8.0,1.0,16.77777777777778,9.0,0
14.0,0.0,0.0,10.0,319.0,4.0,3.0,7.0,1.0,63.8,9.0,0
25.0,0.0,0.0,1.0,152.0,4.0,2.0,8.0,1.0,50.666666666666664,7.0,0
1.0,0.0,0.0,5.0,160.0,5.0,4.0,9.0,1.0,53.333333333333336,36.0,1
6.0,0.0,0.0,4.0,153.0,3.0,4.0,7.0,1.0,51.0,14.0,0
12.0,0.0,0.0,6.0,177.0,5.0,2.0,8.0,3.0,19.666666666666668,9.0,0
6.0,0.0,0.0,5.0,147.0,5.0,5.0,8.0,1.0,49.0,9.0,0
20.0,1.0,0.1111111111111111,8.0,294.0,6.0,4.0,10.0,3.0,32.666666666666664,9.0,0
1.0,0.0,0.0,1.0,160.0,4.0,3.0,8.0,1.0,53.333333333333336,9.0,1
3.0,0.0,0.0,1.0,191.0,5.0,4.0,9.0,3.0,63.666666666666664,9.0,0
5.0,0.0,0.0,9.0,181.0,5.0,2.0,9.0,1.0,20.11111111111111,30.0,0
1.0,0.0,0.0,6.0,165.0,3.0,5.0,6.0,1.0,55.0,12.0,0
19.0,1.0,0.3333333333333333,11.0,260.0,4.0,2.0,8.0,1.0,86.66666666666667,27.0,0
10.0,0.0,0.0,12.0,157.0,4.0,2.0,7.0,1.0,13.083333333333334,13.0,0
29.0,1.0,0.16666666666666666,14.0,315.0,4.0,5.0,7.0,1.0,52.5,7.0,0
11.0,1.0,0.3333333333333333,10.0,243.0,4.0,4.0,7.0,1.0,81.0,36.0,1
2.0,0.0,0.0,5.0,146.0,4.0,2.0,8.0,1.0,48.666666666666664,16.0,0
11.0,0.0,0.0,2.0,190.0,4.0,2.0,8.0,3.0,63.333333333333336,13.0,0
1.0,0.0,0.0,1.0,157.0,5.0,3.0,9.0,1.0,52.333333333333336,10.0,0
11.0,1.0,0.3333333333333333,3.0,261.0,4.0,2.0,5.0,1.0,87.0,7.0,0
3.0,0.0,0.0,3.0,245.0,3.0,4.0,7.0,1.0,81.66666666666667,29.0,0
12.0,1.0,0.1111111111111111,8.0,181.0,3.0,5.0,6.0,3.0,20.11111111111111,14.0,0
1.0,0.0,0.0,5.0,189.0,4.0,4.0,7.0,1.0,63.0,7.0,0
24.0,0.0,0.0,7.0,316.0,4.0,4.0,8.0,1.0,105.33333333333333,11.0,0
27.0,1.0,0.3333333333333333,4.0,301.0,4.0,3.0,7.0,1.0,100.33333333333333,10.0,0
16.0,0.0,0.0,7.0,174.0,4.0,3.0,7.0,3.0,13.384615384615385,7.0,0
3.0,0.0,0.0,10.0,171.0,4.0,2.0,7.0,3.0,57.0,9.0,0
29.0,1.0,0.3333333333333333,9.0,179.0,4.0,2.0,7.0,1.0,59.666666666666664,27.0,0
1.0,1.0,0.2,4.0,172.0,4.0,5.0,7.0,1.0,34.4,18.0,0
11.0,0.0,0.0,8.0,146.0,4.0,2.0,7.0,1.0,20.857142857142858,7.0,0
8.0,1.0,0.3333333333333333,1.0,157.0,4.0,3.0,7.0,1.0,52.333333333333336,31.0,1
12.0,0.0,0.0,3.0,182.0,4.0,2.0,7.0,1.0,60.666666666666664,30.0,0
1.0,1.0,0.3333333333333333,3.0,149.0,4.0,4.0,7.0,1.0,49.666666666666664,23.0,1
2.0,0.0,0.0,3.0,158.0,4.0,2.0,8.0,1.0,52.666666666666664,15.0,0
23.0,1.0,0.3333333333333333,3.0,312.0,4.0,5.0,7.0,1.0,104.0,17.0,0
10.0,0.0,0.0,8.0,170.0,4.0,4.0,6.0,1.0,18.88888888888889,10.0,0
5.0,0.0,0.0,3.0,153.0,4.0,4.0,7.0,3.0,38.25,12.0,0
1.0,1.0,0.1111111111111111,5.0,183.0,5.0,2.0,8.0,3.0,20.333333333333332,11.0,1
11.0,1.0,0.3333333333333333,3.0,148.0,4.0,2.0,7.0,1.0,49.333333333333336,16.0,0
16.0,0.0,0.0,9.0,260.0,4.0,4.0,8.0,3.0,86.66666666666667,33.0,0
1.0,0.0,0.0,1.0,139.0,4.0,3.0,7.0,1.0,46.333333333333336,10.0,1
9.0,0.0,0.0,10.0,205.0,4.0,4.0,8.0,3.0,25.625,23.0,0
10.0,0.0,0.0,1.0,162.0,3.0,2.0,6.0,1.0,54.0,25.0,0
25.0,0.0,0.0,3.0,180.0,6.0,4.0,9.0,1.0,60.0,9.0,0
15.0,0.0,0.0,5.0,285.0,4.0,4.0,7.0,3.0,95.0,9.0,0
1.0,0.0,0.0,1.0,137.0,5.0,3.0,9.0,3.0,45.666666666666664,17.0,0
2.0,0.0,0.0,8.0,182.0,3.0,5.0,7.0,1.0,60.666666666666664,23.0,0
5.0,0.0,0.0,8.0,194.0,3.0,2.0,7.0,3.0,21.555555555555557,14.0,0
13.0,0.0,0.0,3.0,221.0,3.0,2.0,6.0,1.0,44.2,7.0,0
10.0,0.0,0.0,9.0,182.0,4.0,4.0,7.0,1.0,60.666666666666664,31.0,0
6.0,0.0,0.0,9.0,180.0,5.0,3.0,9.0,3.0,30.0,14.0,0
12.0,0.0,0.0,2.0,246.0,5.0,4.0,8.0,1.0,82.0,32.0,0
31.0,1.0,0.3333333333333333,3.0,182.0,6.0,3.0,9.0,1.0,60.666666666666664,7.0,0
5.0,1.0,0.3333333333333333,4.0,173.0,4.0,2.0,7.0,1.0,57.666666666666664,12.0,0
5.0,0.0,0.0,1.0,189.0,5.0,5.0,9.0,2.0,63.0,9.0,0
19.0,0.0,0.0,12.0,177.0,4.0,5.0,8.0,1.0,16.09090909090909,14.0,0
5.0,1.0,0.25,3.0,152.0,4.0,2.0,7.0,1.0,38.0,9.0,0
7.0,0.0,0.0,9.0,244.0,4.0,4.0,8.0,1.0,81.33333333333333,12.0,0
13.0,1.0,0.07692307692307693,11.0,296.0,4.0,5.0,7.0,1.0,22.76923076923077,17.0,0
17.0,0.0,0.0,8.0,150.0,4.0,2.0,7.0,1.0,50.0,17.0,0
23.0,1.0,0.3333333333333333,8.0,265.0,5.0,3.0,8.0,1.0,88.33333333333333,7.0,0
16.0,0.0,0.0,8.0,174.0,5.0,4.0,8.0,1.0,19.333333333333332,15.0,1
1.0,1.0,0.3333333333333333,3.0,150.0,4.0,4.0,7.0,1.0,50.0,12.0,0
6.0,1.0,0.07692307692307693,10.0,177.0,5.0,4.0,9.0,3.0,13.615384615384615,15.0,0
1.0,1.0,0.3333333333333333,5.0,170.0,4.0,3.0,8.0,3.0,56.666666666666664,9.0,0
5.0,0.0,0.0,8.0,200.0,4.0,2.0,8.0,3.0,66.66666666666667,14.0,0
6.0,0.0,0.0,8.0,176.0,3.0,2.0,7.0,1.0,58.666666666666664,9.0,0
1.0,1.0,0.25,3.0,160.0,6.0,2.0,9.0,1.0,40.0,9.0,1
4.0,0.0,0.0,10.0,183.0,4.0,2.0,8.0,1.0,61.0,35.0,0
5.0,0.0,0.0,3.0,214.0,5.0,3.0,8.0,1.0,21.4,14.0,0
13.0,0.0,0.0,4.0,318.0,5.0,2.0,8.0,1.0,21.2,6.0,0
3.0,1.0,0.3333333333333333,1.0,177.0,4.0,3.0,7.0,3.0,59.0,10.0,1
7.0,0.0,0.0,2.0,172.0,5.0,2.0,8.0,3.0,57.333333333333336,17.0,0
21.0,0.0,0.0,2.0,308.0,4.0,3.0,7.0,1.0,102.66666666666667,12.0,0
17.0,0.0,0.0,1.0,178.0,5.0,3.0,8.0,1.0,59.333333333333336,17.0,0
1.0,1.0,0.3333333333333333,5.0,188.0,4.0,4.0,8.0,3.0,62.666666666666664,7.0,0
28.0,0.0,0.0,4.0,174.0,4.0,3.0,7.0,1.0,58.0,27.0,0
17.0,0.0,0.0,3.0,225.0,4.0,5.0,7.0,1.0,75.0,14.0,0
19.0,0.0,0.0,9.0,162.0,4.0,2.0,8.0,1.0,14.727272727272727,15.0,0
14.0,1.0,0.3333333333333333,3.0,200.0,6.0,2.0,9.0,3.0,66.66666666666667,7.0,0
1.0,1.0,0.3333333333333333,8.0,146.0,6.0,5.0,10.0,1.0,48.666666666666664,15.0,1
3.0,0.0,0.0,3.0,165.0,5.0,2.0,7.0,1.0,41.25,16.0,0
4.0,0.0,0.0,3.0,186.0,5.0,3.0,7.0,3.0,62.0,12.0,0
1.0,0.0,0.0,8.0,187.0,4.0,4.0,7.0,3.0,62.333333333333336,15.0,0
11.0,0.0,0.0,5.0,188.0,4.0,2.0,8.0,1.0,62.666666666666664,12.0,0
12.0,1.0,0.3333333333333333,10.0,240.0,5.0,2.0,9.0,1.0,80.0,22.0,0
5.0,1.0,0.16666666666666666,11.0,196.0,4.0,2.0,7.0,1.0,32.666666666666664,14.0,0
3.0,1.0,0.3333333333333333,8.0,208.0,5.0,4.0,8.0,3.0,69.33333333333333,17.0,0
9.0,0.0,0.0,14.0,206.0,4.0,4.0,8.0,1.0,68.66666666666667,12.0,0
1.0,0.0,0.0,3.0,154.0,4.0,2.0,7.0,1.0,51.333333333333336,33.0,0
15.0,1.0,0.3333333333333333,3.0,185.0,5.0,4.0,9.0,1.0,61.666666666666664,13.0,0
21.0,0.0,0.0,1.0,155.0,4.0,3.0,7.0,3.0,51.666666666666664,11.0,0
16.0,0.0,0.0,1.0,285.0,4.0,2.0,7.0,1.0,95.0,30.0,0
3.0,0.0,0.0,3.0,171.0,4.0,3.0,8.0,3.0,57.0,9.0,0
16.0,1.0,0.3333333333333333,1.0,152.0,4.0,3.0,7.0,2.0,50.666666666666664,9.0,0
6.0,0.0,0.0,8.0,149.0,4.0,4.0,8.0,1.0,49.666666666666664,9.0,0
22.0,0.0,0.0,1.0,250.0,4.0,3.0,8.0,3.0,83.33333333333333,36.0,0
11.0,1.0,0.125,8.0,185.0,3.0,5.0,6.0,1.0,23.125,13.0,0
4.0,1.0,0.25,3.0,172.0,4.0,3.0,7.0,3.0,43.0,32.0,0
1.0,0.0,0.0,8.0,178.0,4.0,3.0,7.0,3.0,19.77777777777778,7.0,0
16.0,0.0,0.0,1.0,193.0,5.0,2.0,9.0,1.0,64.33333333333333,9.0,0
1.0,1.0,0.3333333333333333,3.0,147.0,5.0,4.0,8.0,3.0,49.0,7.0,1
10.0,0.0,0.0,1.0,192.0,4.0,2.0,7.0,3.0,64.0,7.0,0
10.0,0.0,0.0,3.0,222.0,5.0,2.0,8.0,3.0,74.0,10.0,0
31.0,0.0,0.0,3.0,193.0,4.0,3.0,7.0,1.0,64.33333333333333,7.0,0
14.0,1.0,0.3333333333333333,8.0,147.0,3.0,3.0,6.0,1.0,49.0,17.0,0
1.0,0.0,0.0,3.0,151.0,4.0,2.0,7.0,3.0,37.75,16.0,0
1.0,1.0,0.3333333333333333,1.0,154.0,4.0,3.0,7.0,3.0,51.333333333333336,12.0,1
11.0,0.0,0.0,4.0,160.0,4.0,5.0,8.0,1.0,53.333333333333336,17.0,0
20.0,0.0,0.0,1.0,178.0,4.0,3.0,6.0,1.0,59.333333333333336,14.0,0
5.0,0.0,0.0,3.0,219.0,4.0,4.0,7.0,3.0,24.333333333333332,11.0,1
24.0,0.0,0.0,3.0,230.0,5.0,2.0,9.0,1.0,76.66666666666667,17.0,0
4.0,1.0,0.3333333333333333,1.0,189.0,5.0,3.0,9.0,3.0,63.0,29.0,1
5.0,1.0,0.25,3.0,152.0,5.0,4.0,8.0,1.0,38.0,16.0,0
1.0,0.0,0.0,1.0,152.0,3.0,4.0,6.0,3.0,50.666666666666664,19.0,1
3.0,0.0,0.0,3.0,147.0,4.0,2.0,7.0,1.0,49.0,30.0,0
9.0,0.0,0.0,1.0,190.0,5.0,4.0,9.0,1.0,63.333333333333336,16.0,0
1.0,0.0,0.0,5.0,163.0,4.0,4.0,7.0,1.0,54.333333333333336,7.0,0
2.0,0.0,0.0,8.0,178.0,4.0,2.0,8.0,3.0,59.333333333333336,16.0,0
23.0,0.0,0.0,1.0,170.0,5.0,3.0,8.0,1.0,56.666666666666664,14.0,0
25.0,0.0,0.0,8.0,174.0,4.0,2.0,7.0,3.0,58.0,21.0,0
10.0,0.0,0.0,3.0,150.0,4.0,3.0,8.0,1.0,37.5,9.0,0
1.0,1.0,0.3333333333333333,5.0,178.0,3.0,2.0,7.0,3.0,59.333333333333336,26.0,1
29.0,1.0,0.3333333333333333,3.0,292.0,4.0,2.0,8.0,1.0,97.33333333333333,9.0,0
1.0,1.0,0.3333333333333333,4.0,168.0,4.0,3.0,8.0,3.0,56.0,17.0,0
4.0,0.0,0.0,1.0,150.0,4.0,4.0,8.0,3.0,50.0,9.0,0
1.0,0.0,0.0,5.0,156.0,4.0,5.0,8.0,1.0,52.0,10.0,1
1.0,0.0,0.0,3.0,147.0,4.0,4.0,7.0,1.0,49.0,18.0,0
10.0,0.0,0.0,1.0,201.0,5.0,3.0,9.0,3.0,18.272727272727273,9.0,0
1.0,1.0,0.3333333333333333,1.0,148.0,4.0,2.0,7.0,1.0,49.333333333333336,11.0,1
11.0,0.0,0.0,18.0,155.0,4.0,5.0,8.0,1.0,11.071428571428571,21.0,0
14.0,0.0,0.0,4.0,182.0,4.0,4.0,7.0,3.0,60.666666666666664,9.0,0
16.0,0.0,0.0,3.0,151.0,4.0,5.0,8.0,1.0,50.333333333333336,7.0,0
11.0,1.0,0.3333333333333333,2.0,167.0,4.0,4.0,7.0,1.0,55.666666666666664,17.0,0
17.0,0.0,0.0,10.0,268.0,5.0,4.0,8.0,1.0,53.6,19.0,0
14.0,0.0,0.0,1.0,159.0,5.0,3.0,9.0,1.0,53.0,9.0,0
28.0,0.0,0.0,3.0,319.0,4.0,5.0,7.0,1.0,106.33333333333333,12.0,0
8.0,0.0,0.0,3.0,190.0,4.0,3.0,8.0,3.0,63.333333333333336,11.0,0
5.0,0.0,0.0,13.0,168.0,4.0,5.0,7.0,1.0,33.6,14.0,0
17.0,0.0,0.0,3.0,148.0,4.0,2.0,8.0,1.0,49.333333333333336,28.0,0
17.0,1.0,0.3333333333333333,3.0,170.0,4.0,3.0,8.0,1.0,56.666666666666664,15.0,0
1.0,1.0,0.3333333333333333,4.0,170.0,5.0,2.0,8.0,3.0,56.666666666666664,11.0,0
11.0,1.0,0.08333333333333333,8.0,169.0,4.0,3.0,8.0,1.0,14.083333333333334,32.0,0
5.0,0.0,0.0,3.0,147.0,5.0,5.0,9.0,1.0,29.4,7.0,0
13.0,1.0,0.3333333333333333,7.0,317.0,4.0,3.0,7.0,1.0,105.66666666666667,7.0,0
30.0,0.0,0.0,8.0,257.0,3.0,5.0,6.0,3.0,85.66666666666667,13.0,0
4.0,0.0,0.0,5.0,191.0,4.0,3.0,7.0,3.0,31.833333333333332,19.0,0
15.0,0.0,0.0,8.0,209.0,3.0,5.0,6.0,3.0,69.66666666666667,7.0,0
2.0,0.0,0.0,9.0,171.0,4.0,5.0,8.0,1.0,57.0,24.0,0
1.0,0.0,0.0,3.0,165.0,4.0,5.0,8.0,1.0,55.0,10.0,1
26.0,1.0,0.3333333333333333,5.0,205.0,5.0,3.0,8.0,1.0,68.33333333333333,10.0,0
19.0,0.0,0.0,3.0,152.0,4.0,2.0,8.0,1.0,50.666666666666664,17.0,0
26.0,0.0,0.0,5.0,291.0,4.0,2.0,6.0,1.0,97.0,11.0,0
16.0,0.0,0.0,3.0,171.0,4.0,3.0,8.0,1.0,57.0,36.0,0
4.0,0.0,0.0,3.0,186.0,6.0,2.0,9.0,1.0,62.0,9.0,0
31.0,0.0,0.0,11.0,321.0,4.0,5.0,7.0,1.0,24.692307692307693,14.0,0
20.0,0.0,0.0,9.0,173.0,4.0,3.0,7.0,1.0,57.666666666666664,25.0,0
16.0,0.0,0.0,5.0,170.0,5.0,2.0,8.0,1.0,56.666666666666664,35.0,0
1.0,1.0,0.3333333333333333,5.0,157.0,4.0,4.0,8.0,3.0,52.333333333333336,7.0,1
1.0,0.0,0.0,1.0,149.0,6.0,3.0,9.0,3.0,49.666666666666664,13.0,1
12.0,1.0,0.3333333333333333,1.0,142.0,4.0,2.0,7.0,1.0,47.333333333333336,9.0,0
14.0,0.0,0.0,13.0,305.0,4.0,3.0,8.0,3.0,101.66666666666667,9.0,0
1.0,0.0,0.0,3.0,154.0,4.0,2.0,7.0,1.0,51.333333333333336,30.0,0
4.0,0.0,0.0,5.0,146.0,4.0,2.0,7.0,1.0,48.666666666666664,10.0,0
3.0,0.0,0.0,8.0,244.0,5.0,3.0,9.0,1.0,81.33333333333333,10.0,0
1.0,0.0,0.0,2.0,150.0,5.0,4.0,9.0,1.0,50.0,32.0,1
1.0,0.0,0.0,1.0,151.0,5.0,2.0,8.0,2.0,50.333333333333336,9.0,1
4.0,0.0,0.0,9.0,209.0,4.0,5.0,8.0,3.0,23.22222222222222,29.0,0
31.0,0.0,0.0,1.0,266.0,5.0,2.0,8.0,3.0,88.66666666666667,36.0,0
24.0,0.0,0.0,8.0,295.0,5.0,3.0,8.0,1.0,17.352941176470587,36.0,0
4.0,0.0,0.0,8.0,151.0,4.0,2.0,7.0,1.0,18.875,9.0,0
31.0,0.0,0.0,3.0,228.0,5.0,5.0,9.0,3.0,15.2,35.0,0
21.0,0.0,0.0,5.0,176.0,4.0,2.0,8.0,1.0,58.666666666666664,9.0,0
20.0,0.0,0.0,2.0,304.0,4.0,3.0,7.0,1.0,101.33333333333333,9.0,0
9.0,0.0,0.0,4.0,167.0,6.0,3.0,9.0,1.0,27.833333333333332,29.0,0
28.0,0.0,0.0,1.0,163.0,4.0,3.0,7.0,1.0,54.333333333333336,15.0,0
8.0,0.0,0.0,8.0,153.0,5.0,3.0,9.0,1.0,21.857142857142858,9.0,0
20.0,1.0,0.3333333333333333,3.0,216.0,5.0,2.0,9.0,3.0,72.0,17.0,0
5.0,0.0,0.0,9.0,231.0,4.0,4.0,7.0,1.0,77.0,16.0,0
1.0,1.0,0.1111111111111111,8.0,261.0,4.0,3.0,7.0,1.0,29.0,22.0,1
1.0,0.0,0.0,4.0,159.0,6.0,2.0,9.0,1.0,53.0,17.0,1
4.0,0.0,0.0,3.0,155.0,4.0,4.0,7.0,3.0,51.666666666666664,14.0,0
9.0,1.0,0.3333333333333333,1.0,201.0,4.0,3.0,8.0,1.0,67.0,23.0,0
1.0,0.0,0.0,3.0,223.0,4.0,3.0,8.0,1.0,74.33333333333333,27.0,1
1.0,1.0,0.3333333333333333,3.0,225.0,4.0,5.0,7.0,2.0,75.0,30.0,1
16.0,0.0,0.0,1.0,146.0,4.0,3.0,8.0,1.0,36.5,12.0,0
10.0,0.0,0.0,3.0,225.0,4.0,2.0,7.0,3.0,20.454545454545453,17.0,0
1.0,0.0,0.0,3.0,164.0,5.0,3.0,8.0,1.0,54.666666666666664,11.0,1
22.0,0.0,0.0,8.0,166.0,4.0,2.0,7.0,3.0,20.75,9.0,0
29.0,0.0,0.0,8.0,293.0,4.0,4.0,7.0,3.0,32.55555555555556,25.0,0
15.0,0.0,0.0,11.0,187.0,4.0,2.0,7.0,3.0,62.333333333333336,17.0,0
9.0,0.0,0.0,10.0,172.0,4.0,3.0,7.0,3.0,21.5,7.0,0
14.0,0.0,0.0,14.0,257.0,4.0,3.0,8.0,1.0,85.66666666666667,13.0,0
13.0,0.0,0.0,8.0,163.0,4.0,3.0,7.0,1.0,54.333333333333336,15.0,0
5.0,1.0,0.3333333333333333,6.0,191.0,4.0,2.0,8.0,3.0,63.666666666666664,9.0,0
16.0,1.0,0.14285714285714285,9.0,199.0,4.0,5.0,7.0,1.0,28.428571428571427,31.0,0
19.0,0.0,0.0,8.0,173.0,4.0,4.0,8.0,3.0,34.6,9.0,0
1.0,1.0,0.3333333333333333,1.0,152.0,4.0,3.0,7.0,2.0,50.666666666666664,24.0,1
3.0,0.0,0.0,3.0,168.0,4.0,2.0,7.0,1.0,56.0,26.0,0
7.0,0.0,0.0,6.0,287.0,3.0,3.0,7.0,1.0,95.66666666666667,7.0,0
1.0,0.0,0.0,2.0,241.0,5.0,2.0,8.0,3.0,80.33333333333333,14.0,0
1.0,1.0,0.3333333333333333,1.0,144.0,4.0,4.0,8.0,3.0,48.0,12.0,1
14.0,0.0,0.0,2.0,234.0,6.0,5.0,9.0,3.0,78.0,35.0,0
15.0,1.0,0.3333333333333333,8.0,193.0,5.0,3.0,9.0,1.0,64.33333333333333,9.0,0
1.0,0.0,0.0,1.0,168.0,4.0,3.0,7.0,3.0,56.0,36.0,0
9.0,0.0,0.0,4.0,174.0,4.0,3.0,8.0,3.0,58.0,7.0,0
8.0,0.0,0.0,8.0,178.0,3.0,2.0,7.0,3.0,25.428571428571427,28.0,0
1.0,1.0,0.3333333333333333,1.0,148.0,6.0,2.0,10.0,1.0,49.333333333333336,31.0,1
11.0,0.0,0.0,3.0,200.0,4.0,2.0,7.0,1.0,66.66666666666667,7.0,0
20.0,0.0,0.0,3.0,230.0,4.0,3.0,7.0,1.0,76.66666666666667,25.0,0
15.0,0.0,0.0,9.0,291.0,4.0,5.0,8.0,3.0,22.384615384615383,9.0,0
11.0,0.0,0.0,3.0,213.0,4.0,4.0,8.0,3.0,23.666666666666668,16.0,0
26.0,1.0,0.125,10.0,181.0,4.0,5.0,8.0,1.0,22.625,13.0,0
1.0,0.0,0.0,3.0,172.0,3.0,3.0,6.0,3.0,57.333333333333336,18.0,1
1.0,0.0,0.0,2.0,149.0,4.0,2.0,7.0,3.0,37.25,31.0,0
12.0,0.0,0.0,3.0,223.0,4.0,3.0,8.0,1.0,74.33333333333333,17.0,0
11.0,0.0,0.0,4.0,189.0,4.0,4.0,8.0,1.0,31.5,7.0,0
23.0,1.0,0.3333333333333333,10.0,320.0,5.0,3.0,8.0,1.0,106.66666666666667,25.0,0
1.0,1.0,0.3333333333333333,5.0,152.0,3.0,2.0,6.0,1.0,50.666666666666664,30.0,0
1.0,0.0,0.0,5.0,188.0,4.0,4.0,8.0,3.0,62.666666666666664,35.0,0
1.0,0.0,0.0,1.0,146.0,5.0,4.0,9.0,1.0,48.666666666666664,24.0,0
24.0,0.0,0.0,8.0,307.0,4.0,4.0,7.0,2.0,25.583333333333332,10.0,0
1.0,0.0,0.0,7.0,146.0,4.0,3.0,7.0,3.0,48.666666666666664,20.0,0
1.0,1.0,0.3333333333333333,3.0,154.0,4.0,3.0,7.0,1.0,51.333333333333336,14.0,1
1.0,0.0,0.0,1.0,145.0,5.0,5.0,9.0,3.0,48.333333333333336,19.0,1
8.0,1.0,0.3333333333333333,4.0,161.0,5.0,2.0,8.0,1.0,53.666666666666664,7.0,0
1.0,0.0,0.0,3.0,167.0,4.0,5.0,7.0,3.0,55.666666666666664,20.0,1
9.0,0.0,0.0,3.0,162.0,5.0,2.0,8.0,1.0,54.0,32.0,0
5.0,0.0,0.0,8.0,180.0,3.0,2.0,7.0,3.0,25.714285714285715,13.0,0
1.0,0.0,0.0,4.0,147.0,5.0,3.0,9.0,1.0,49.0,13.0,0
11.0,1.0,0.3333333333333333,3.0,221.0,4.0,3.0,8.0,3.0,73.66666666666667,9.0,0
1.0,0.0,0.0,1.0,153.0,5.0,4.0,8.0,1.0,51.0,7.0,0
16.0,0.0,0.0,3.0,166.0,4.0,2.0,7.0,1.0,41.5,9.0,0
17.0,1.0,0.3333333333333333,1.0,291.0,5.0,2.0,8.0,1.0,97.0,13.0,0
12.0,0.0,0.0,1.0,151.0,4.0,5.0,7.0,1.0,50.333333333333336,7.0,0
17.0,1.0,0.16666666666666666,8.0,182.0,4.0,3.0,8.0,1.0,30.333333333333332,16.0,0
22.0,0.0,0.0,3.0,279.0,5.0,5.0,8.0,1.0,93.0,7.0,0
18.0,0.0,0.0,3.0,185.0,5.0,3.0,8.0,2.0,61.666666666666664,7.0,0
8.0,1.0,0.3333333333333333,7.0,151.0,4.0,3.0,7.0,3.0,50.333333333333336,21.0,0
1.0,0.0,0.0,3.0,155.0,4.0,5.0,7.0,3.0,51.666666666666664,9.0,1
1.0,0.0,0.0,3.0,159.0,4.0,3.0,7.0,3.0,53.0,29.0,0
18.0,1.0,0.3333333333333333,2.0,320.0,4.0,2.0,7.0,1.0,106.66666666666667,10.0,0
1.0,0.0,0.0,3.0,153.0,4.0,3.0,8.0,1.0,38.25,13.0,0
7.0,0.0,0.0,3.0,196.0,4.0,3.0,7.0,3.0,65.33333333333333,15.0,0
6.0,1.0,0.3333333333333333,6.0,188.0,4.0,2.0,8.0,1.0,62.666666666666664,16.0,0
4.0,0.0,0.0,1.0,146.0,4.0,3.0,8.0,1.0,48.666666666666664,10.0,0
27.0,0.0,0.0,11.0,209.0,4.0,5.0,7.0,3.0,20.9,7.0,0
8.0,0.0,0.0,9.0,152.0,4.0,2.0,7.0,1.0,15.2,7.0,0
9.0,0.0,0.0,1.0,168.0,4.0,5.0,8.0,3.0,56.0,33.0,1
1.0,1.0,0.3333333333333333,3.0,152.0,4.0,2.0,8.0,1.0,50.666666666666664,13.0,0
11.0,0.0,0.0,3.0,219.0,4.0,3.0,7.0,1.0,24.333333333333332,10.0,0
3.0,0.0,0.0,3.0,181.0,4.0,3.0,8.0,3.0,60.333333333333336,10.0,0
9.0,0.0,0.0,9.0,191.0,6.0,2.0,9.0,1.0,14.692307692307692,13.0,0
7.0,0.0,0.0,8.0,202.0,4.0,2.0,6.0,1.0,33.666666666666664,13.0,0
28.0,0.0,0.0,2.0,232.0,4.0,4.0,7.0,2.0,77.33333333333333,26.0,0
10.0,1.0,0.3333333333333333,3.0,213.0,5.0,4.0,8.0,1.0,71.0,16.0,0
1.0,0.0,0.0,2.0,145.0,5.0,2.0,8.0,1.0,48.333333333333336,10.0,0
1.0,1.0,0.3333333333333333,2.0,135.0,4.0,3.0,7.0,1.0,45.0,17.0,1
1.0,1.0,0.09090909090909091,8.0,158.0,4.0,5.0,8.0,1.0,14.363636363636363,10.0,1
9.0,0.0,0.0,1.0,138.0,5.0,3.0,8.0,1.0,46.0,10.0,0
1.0,0.0,0.0,3.0,153.0,3.0,5.0,6.0,1.0,51.0,11.0,0
1.0,0.0,0.0,3.0,174.0,3.0,4.0,6.0,3.0,58.0,15.0,0
12.0,0.0,0.0,6.0,165.0,5.0,2.0,8.0,3.0,55.0,14.0,0
3.0,0.0,0.0,9.0,152.0,6.0,2.0,10.0,1.0,38.0,7.0,0
22.0,0.0,0.0,3.0,206.0,3.0,4.0,6.0,3.0,51.5,9.0,0
1.0,1.0,0.3333333333333333,5.0,171.0,3.0,2.0,7.0,3.0,57.0,10.0,0
11.0,0.0,0.0,1.0,172.0,3.0,2.0,7.0,1.0,57.333333333333336,17.0,0
24.0,1.0,0.2,9.0,157.0,3.0,3.0,7.0,1.0,31.4,35.0,0
8.0,0.0,0.0,3.0,211.0,5.0,4.0,8.0,1.0,23.444444444444443,16.0,0
1.0,0.0,0.0,1.0,171.0,4.0,3.0,8.0,3.0,42.75,10.0,1
13.0,0.0,0.0,11.0,171.0,5.0,3.0,9.0,1.0,13.153846153846153,9.0,0
6.0,0.0,0.0,9.0,179.0,4.0,2.0,7.0,3.0,59.666666666666664,17.0,0
14.0,1.0,0.3333333333333333,4.0,193.0,4.0,3.0,7.0,3.0,64.33333333333333,15.0,1
12.0,0.0,0.0,9.0,201.0,3.0,2.0,6.0,1.0,67.0,7.0,0
1.0,0.0,0.0,8.0,199.0,4.0,5.0,8.0,1.0,66.33333333333333,7.0,0
6.0,0.0,0.0,8.0,237.0,4.0,2.0,7.0,1.0,79.0,10.0,0
21.0,0.0,0.0,8.0,175.0,4.0,5.0,7.0,3.0,58.333333333333336,21.0,0
14.0,1.0,0.3333333333333333,3.0,230.0,5.0,5.0,8.0,3.0,76.66666666666667,12.0,0
27.0,0.0,0.0,4.0,273.0,3.0,3.0,6.0,1.0,91.0,14.0,0
15.0,0.0,0.0,7.0,316.0,5.0,2.0,9.0,2.0,22.571428571428573,17.0,0
31.0,0.0,0.0,3.0,179.0,4.0,5.0,7.0,3.0,44.75,23.0,0
1.0,0.0,0.0,3.0,213.0,4.0,5.0,7.0,1.0,71.0,17.0,0
15.0,0.0,0.0,11.0,317.0,5.0,3.0,8.0,2.0,79.25,7.0,0
24.0,0.0,0.0,3.0,164.0,4.0,4.0,7.0,3.0,41.0,15.0,0
1.0,1.0,0.2,8.0,147.0,6.0,4.0,10.0,1.0,29.4,7.0,1
10.0,0.0,0.0,6.0,242.0,3.0,5.0,7.0,1.0,80.66666666666667,15.0,0
12.0,1.0,0.3333333333333333,1.0,204.0,4.0,3.0,7.0,1.0,68.0,7.0,0
18.0,0.0,0.0,5.0,162.0,6.0,3.0,9.0,1.0,54.0,31.0,0
21.0,1.0,0.07692307692307693,14.0,263.0,4.0,3.0,7.0,3.0,20.23076923076923,10.0,0
4.0,0.0,0.0,8.0,178.0,4.0,2.0,7.0,3.0,19.77777777777778,34.0,0
3.0,0.0,0.0,1.0,151.0,4.0,3.0,7.0,3.0,50.333333333333336,17.0,0
6.0,1.0,0.25,3.0,153.0,3.0,3.0,6.0,1.0,38.25,26.0,1
17.0,0.0,0.0,3.0,193.0,5.0,2.0,8.0,3.0,48.25,22.0,0
8.0,0.0,0.0,4.0,186.0,4.0,3.0,8.0,1.0,31.0,15.0,0
1.0,0.0,0.0,3.0,150.0,4.0,5.0,7.0,1.0,50.0,16.0,0
13.0,0.0,0.0,7.0,189.0,3.0,4.0,6.0,2.0,37.8,10.0,0
30.0,0.0,0.0,2.0,236.0,4.0,2.0,7.0,1.0,78.66666666666667,16.0,0
14.0,1.0,0.25,4.0,148.0,5.0,2.0,8.0,1.0,37.0,9.0,0
1.0,0.0,0.0,8.0,193.0,5.0,5.0,8.0,1.0,64.33333333333333,14.0,0
3.0,0.0,0.0,3.0,148.0,4.0,4.0,7.0,3.0,37.0,17.0,0
27.0,0.0,0.0,3.0,150.0,4.0,2.0,7.0,1.0,37.5,13.0,0
9.0,0.0,0.0,1.0,176.0,4.0,5.0,8.0,1.0,58.666666666666664,9.0,0
6.0,0.0,0.0,8.0,178.0,4.0,2.0,8.0,1.0,29.666666666666668,31.0,0
12.0,1.0,0.3333333333333333,2.0,156.0,4.0,3.0,8.0,1.0,52.0,9.0,0
8.0,0.0,0.0,1.0,176.0,4.0,5.0,7.0,1.0,58.666666666666664,15.0,0
26.0,0.0,0.0,17.0,294.0,5.0,5.0,8.0,3.0,98.0,10.0,0
1.0,1.0,0.1111111111111111,9.0,152.0,4.0,2.0,8.0,1.0,16.88888888888889,7.0,1
1.0,0.0,0.0,5.0,187.0,4.0,2.0,7.0,3.0,62.333333333333336,33.0,0
19.0,0.0,0.0,2.0,191.0,6.0,3.0,9.0,3.0,38.2,9.0,0
1.0,0.0,0.0,3.0,160.0,3.0,3.0,7.0,1.0,53.333333333333336,17.0,0
11.0,1.0,0.3333333333333333,4.0,189.0,2.0,3.0,6.0,3.0,63.0,34.0,1
8.0,0.0,0.0,5.0,188.0,4.0,2.0,7.0,3.0,62.666666666666664,9.0,0
19.0,1.0,0.3333333333333333,5.0,324.0,4.0,5.0,8.0,1.0,108.0,9.0,1
10.0,0.0,0.0,10.0,201.0,5.0,5.0,9.0,3.0,67.0,15.0,0
26.0,0.0,0.0,3.0,168.0,4.0,2.0,7.0,1.0,56.0,26.0,0
1.0,0.0,0.0,1.0,169.0,6.0,2.0,10.0,1.0,42.25,7.0,0
3.0,0.0,0.0,2.0,168.0,4.0,3.0,8.0,1.0,56.0,34.0,0
1.0,0.0,0.0,3.0,178.0,5.0,5.0,8.0,3.0,59.333333333333336,15.0,1
8.0,0.0,0.0,4.0,158.0,2.0,2.0,6.0,1.0,52.666666666666664,7.0,0
28.0,1.0,0.3333333333333333,5.0,180.0,4.0,5.0,8.0,1.0,60.0,26.0,0
3.0,0.0,0.0,2.0,168.0,4.0,2.0,7.0,3.0,56.0,6.0,0
11.0,1.0,0.16666666666666666,4.0,153.0,4.0,5.0,7.0,1.0,25.5,17.0,0
12.0,1.0,0.16666666666666666,13.0,185.0,2.0,5.0,6.0,1.0,30.833333333333332,9.0,0
8.0,0.0,0.0,4.0,169.0,5.0,5.0,8.0,1.0,56.333333333333336,9.0,0
9.0,0.0,0.0,3.0,151.0,4.0,2.0,8.0,3.0,50.333333333333336,15.0,0
4.0,0.0,0.0,3.0,163.0,6.0,3.0,9.0,1.0,54.333333333333336,7.0,0
14.0,0.0,0.0,8.0,167.0,2.0,4.0,5.0,1.0,33.4,9.0,0
8.0,0.0,0.0,3.0,190.0,4.0,5.0,8.0,3.0,63.333333333333336,15.0,0
16.0,0.0,0.0,10.0,309.0,4.0,2.0,8.0,1.0,19.3125,15.0,0
1.0,1.0,0.3333333333333333,1.0,141.0,2.0,5.0,6.0,1.0,47.0,13.0,1
1.0,0.0,0.0,1.0,152.0,5.0,4.0,8.0,1.0,50.666666666666664,16.0,0
26.0,0.0,0.0,5.0,156.0,4.0,3.0,7.0,1.0,52.0,18.0,0
24.0,0.0,0.0,4.0,301.0,4.0,3.0,8.0,1.0,100.33333333333333,9.0,0
1.0,1.0,0.3333333333333333,1.0,148.0,5.0,5.0,8.0,1.0,49.333333333333336,7.0,1
7.0,0.0,0.0,8.0,242.0,4.0,3.0,7.0,1.0,80.66666666666667,14.0,0
1.0,0.0,0.0,3.0,178.0,4.0,5.0,8.0,3.0,59.333333333333336,23.0,1
21.0,1.0,0.2,1.0,293.0,4.0,2.0,7.0,1.0,58.6,9.0,0
10.0,0.0,0.0,6.0,177.0,4.0,4.0,7.0,1.0,59.0,7.0,0
3.0,0.0,0.0,8.0,152.0,2.0,3.0,5.0,1.0,50.666666666666664,30.0,0
21.0,1.0,0.06666666666666667,9.0,317.0,4.0,4.0,7.0,1.0,21.133333333333333,9.0,1
9.0,0.0,0.0,3.0,150.0,2.0,3.0,5.0,1.0,37.5,7.0,0
16.0,1.0,0.3333333333333333,3.0,186.0,5.0,2.0,8.0,1.0,62.0,7.0,0
1.0,0.0,0.0,2.0,169.0,4.0,3.0,7.0,1.0,42.25,9.0,1
10.0,0.0,0.0,5.0,146.0,4.0,4.0,7.0,2.0,48.666666666666664,20.0,0
6.0,0.0,0.0,9.0,187.0,5.0,3.0,9.0,1.0,23.375,11.0,0
14.0,0.0,0.0,1.0,176.0,5.0,3.0,8.0,1.0,58.666666666666664,23.0,0
4.0,1.0,0.3333333333333333,1.0,194.0,5.0,2.0,8.0,1.0,64.66666666666667,9.0,0
19.0,0.0,0.0,1.0,148.0,5.0,3.0,9.0,1.0,49.333333333333336,9.0,0
16.0,0.0,0.0,9.0,169.0,4.0,4.0,8.0,1.0,18.77777777777778,36.0,0
12.0,0.0,0.0,3.0,188.0,5.0,5.0,8.0,1.0,62.666666666666664,19.0,0
8.0,0.0,0.0,4.0,151.0,5.0,2.0,9.0,1.0,50.333333333333336,23.0,0
13.0,0.0,0.0,8.0,202.0,4.0,2.0,7.0,3.0,22.444444444444443,18.0,1
19.0,0.0,0.0,4.0,177.0,4.0,2.0,7.0,3.0,19.666666666666668,9.0,1
17.0,0.0,0.0,1.0,297.0,4.0,5.0,8.0,1.0,99.0,21.0,0
1.0,1.0,0.3333333333333333,9.0,253.0,5.0,2.0,8.0,1.0,84.33333333333333,12.0,0
9.0,0.0,0.0,3.0,227.0,4.0,3.0,7.0,1.0,75.66666666666667,14.0,0
2.0,1.0,0.1111111111111111,6.0,173.0,4.0,4.0,7.0,3.0,19.22222222222222,9.0,0
8.0,0.0,0.0,3.0,162.0,4.0,2.0,7.0,2.0,54.0,10.0,0
1.0,1.0,0.3333333333333333,8.0,149.0,5.0,3.0,8.0,1.0,49.666666666666664,12.0,1
1.0,0.0,0.0,1.0,142.0,4.0,2.0,7.0,1.0,47.333333333333336,10.0,0
25.0,0.0,0.0,18.0,288.0,4.0,3.0,8.0,3.0,48.0,33.0,0
18.0,0.0,0.0,4.0,184.0,4.0,4.0,7.0,1.0,46.0,11.0,0
1.0,0.0,0.0,2.0,159.0,2.0,5.0,6.0,1.0,53.0,9.0,0
7.0,0.0,0.0,9.0,165.0,2.0,5.0,5.0,3.0,55.0,7.0,0
9.0,0.0,0.0,2.0,151.0,5.0,5.0,8.0,1.0,50.333333333333336,34.0,0
10.0,1.0,0.16666666666666666,12.0,187.0,4.0,2.0,7.0,3.0,31.166666666666668,7.0,0
6.0,0.0,0.0,4.0,169.0,4.0,2.0,8.0,3.0,56.333333333333336,20.0,0
4.0,0.0,0.0,4.0,163.0,5.0,2.0,9.0,1.0,54.333333333333336,12.0,0
27.0,1.0,0.3333333333333333,5.0,234.0,5.0,2.0,9.0,3.0,78.0,14.0,0
19.0,1.0,0.3333333333333333,3.0,233.0,4.0,5.0,8.0,3.0,77.66666666666667,16.0,0
6.0,0.0,0.0,4.0,177.0,2.0,3.0,6.0,1.0,59.0,15.0,0
26.0,0.0,0.0,1.0,263.0,5.0,2.0,8.0,1.0,87.66666666666667,32.0,0
11.0,0.0,0.0,1.0,188.0,5.0,3.0,9.0,3.0,62.666666666666664,23.0,0
2.0,0.0,0.0,5.0,174.0,5.0,2.0,9.0,2.0,58.0,15.0,0
1.0,0.0,0.0,3.0,173.0,5.0,2.0,8.0,1.0,43.25,7.0,0
18.0,1.0,0.3333333333333333,3.0,153.0,2.0,2.0,6.0,1.0,51.0,15.0,0
16.0,1.0,0.25,3.0,150.0,4.0,2.0,7.0,1.0,37.5,9.0,0
10.0,0.0,0.0,4.0,148.0,5.0,5.0,9.0,2.0,49.333333333333336,15.0,0
1.0,1.0,0.3333333333333333,4.0,167.0,4.0,5.0,8.0,3.0,55.666666666666664,10.0,0
9.0,1.0,0.3333333333333333,16.0,232.0,5.0,3.0,9.0,1.0,77.33333333333333,16.0,0
1.0,1.0,0.1111111111111111,9.0,145.0,4.0,4.0,8.0,1.0,16.11111111111111,32.0,1
6.0,0.0,0.0,3.0,148.0,4.0,2.0,8.0,1.0,49.333333333333336,7.0,0
1.0,0.0,0.0,4.0,168.0,5.0,5.0,8.0,3.0,56.0,11.0,0
23.0,0.0,0.0,3.0,161.0,4.0,5.0,7.0,1.0,53.666666666666664,7.0,0
1.0,0.0,0.0,5.0,157.0,5.0,2.0,8.0,1.0,31.4,11.0,0
6.0,0.0,0.0,4.0,190.0,4.0,4.0,7.0,3.0,27.142857142857142,12.0,0
12.0,0.0,0.0,3.0,154.0,5.0,4.0,9.0,3.0,51.333333333333336,16.0,0
16.0,1.0,0.3333333333333333,4.0,177.0,2.0,2.0,6.0,1.0,59.0,10.0,0
5.0,1.0,0.3333333333333333,3.0,149.0,4.0,2.0,7.0,1.0,49.666666666666664,18.0,0
1.0,1.0,0.3333333333333333,3.0,153.0,5.0,3.0,8.0,3.0,51.0,7.0,1
27.0,0.0,0.0,3.0,243.0,4.0,2.0,8.0,3.0,81.0,15.0,0
9.0,0.0,0.0,9.0,234.0,5.0,4.0,9.0,1.0,78.0,32.0,0
11.0,0.0,0.0,1.0,155.0,4.0,2.0,7.0,3.0,51.666666666666664,28.0,0
27.0,0.0,0.0,9.0,268.0,4.0,2.0,8.0,1.0,53.6,30.0,0
17.0,0.0,0.0,3.0,181.0,4.0,2.0,7.0,1.0,45.25,7.0,0
21.0,1.0,0.1111111111111111,8.0,170.0,4.0,2.0,7.0,3.0,18.88888888888889,9.0,0
11.0,1.0,0.3333333333333333,10.0,201.0,4.0,4.0,7.0,3.0,67.0,26.0,0
24.0,0.0,0.0,8.0,304.0,4.0,5.0,8.0,1.0,19.0,9.0,0
13.0,0.0,0.0,5.0,177.0,5.0,2.0,8.0,2.0,59.0,9.0,0
7.0,1.0,0.3333333333333333,4.0,148.0,4.0,4.0,7.0,2.0,49.333333333333336,10.0,0
1.0,1.0,0.3333333333333333,2.0,153.0,4.0,2.0,7.0,1.0,51.0,32.0,1
3.0,0.0,0.0,4.0,150.0,5.0,2.0,9.0,1.0,50.0,14.0,0
18.0,1.0,0.1111111111111111,2.0,151.0,4.0,5.0,8.0,1.0,16.77777777777778,16.0,0
2.0,0.0,0.0,3.0,174.0,4.0,2.0,8.0,3.0,58.0,12.0,0
21.0,1.0,0.3333333333333333,1.0,149.0,5.0,2.0,8.0,1.0,49.666666666666664,9.0,1
17.0,0.0,0.0,1.0,173.0,4.0,4.0,7.0,1.0,57.666666666666664,15.0,0
1.0,0.0,0.0,3.0,145.0,5.0,3.0,8.0,3.0,48.333333333333336,9.0,1
1.0,0.0,0.0,1.0,152.0,4.0,2.0,8.0,1.0,50.666666666666664,25.0,1
10.0,1.0,0.16666666666666666,12.0,191.0,4.0,2.0,8.0,1.0,31.833333333333332,21.0,0
21.0,1.0,0.3333333333333333,3.0,158.0,5.0,2.0,9.0,3.0,52.666666666666664,9.0,0
1.0,1.0,0.3333333333333333,3.0,167.0,4.0,3.0,7.0,1.0,55.666666666666664,10.0,1
5.0,1.0,0.3333333333333333,1.0,153.0,6.0,2.0,9.0,1.0,51.0,9.0,1
2.0,0.0,0.0,3.0,149.0,4.0,3.0,8.0,1.0,37.25,16.0,0
3.0,1.0,0.25,3.0,149.0,4.0,5.0,8.0,1.0,37.25,13.0,1
1.0,0.0,0.0,1.0,148.0,4.0,3.0,8.0,1.0,49.333333333333336,11.0,0
8.0,0.0,0.0,1.0,145.0,4.0,4.0,7.0,1.0,48.333333333333336,17.0,0
16.0,0.0,0.0,4.0,187.0,5.0,3.0,9.0,3.0,62.333333333333336,21.0,0
7.0,1.0,0.3333333333333333,3.0,153.0,5.0,5.0,9.0,1.0,51.0,7.0,0
31.0,1.0,0.3333333333333333,3.0,231.0,5.0,4.0,8.0,1.0,77.0,12.0,0
5.0,0.0,0.0,3.0,148.0,5.0,3.0,8.0,3.0,21.142857142857142,14.0,0
9.0,1.0,0.3333333333333333,8.0,165.0,4.0,2.0,7.0,1.0,55.0,28.0,0
23.0,0.0,0.0,8.0,199.0,4.0,4.0,7.0,1.0,66.33333333333333,15.0,0
22.0,0.0,0.0,1.0,148.0,4.0,3.0,7.0,1.0,49.333333333333336,27.0,0
5.0,0.0,0.0,1.0,194.0,4.0,3.0,7.0,3.0,64.66666666666667,27.0,0
10.0,0.0,0.0,2.0,172.0,4.0,2.0,8.0,1.0,57.333333333333336,14.0,0
12.0,0.0,0.0,12.0,261.0,4.0,5.0,8.0,1.0,37.285714285714285,7.0,0
6.0,0.0,0.0,3.0,148.0,5.0,4.0,9.0,1.0,49.333333333333336,7.0,0
1.0,1.0,0.3333333333333333,1.0,149.0,5.0,4.0,8.0,3.0,49.666666666666664,26.0,1
14.0,0.0,0.0,3.0,222.0,5.0,4.0,9.0,3.0,74.0,17.0,0
1.0,0.0,0.0,8.0,168.0,5.0,5.0,8.0,3.0,56.0,7.0,0
15.0,1.0,0.25,18.0,172.0,4.0,5.0,7.0,1.0,43.0,13.0,0
10.0,0.0,0.0,10.0,150.0,4.0,3.0,8.0,1.0,30.0,9.0,0
1.0,1.0,0.3333333333333333,1.0,146.0,5.0,4.0,8.0,3.0,48.666666666666664,28.0,1
1.0,0.0,0.0,1.0,155.0,4.0,5.0,7.0,1.0,51.666666666666664,11.0,1
5.0,1.0,0.1,6.0,184.0,4.0,2.0,7.0,1.0,18.4,19.0,0
14.0,1.0,0.3333333333333333,1.0,161.0,4.0,4.0,7.0,1.0,53.666666666666664,16.0,0
6.0,0.0,0.0,4.0,192.0,4.0,5.0,8.0,1.0,24.0,10.0,0
1.0,1.0,0.2,3.0,228.0,5.0,2.0,8.0,3.0,45.6,10.0,1
7.0,0.0,0.0,5.0,194.0,5.0,2.0,8.0,1.0,64.66666666666667,7.0,0
1.0,0.0,0.0,3.0,231.0,5.0,3.0,8.0,3.0,17.76923076923077,7.0,1
19.0,0.0,0.0,9.0,169.0,4.0,4.0,7.0,1.0,56.333333333333336,11.0,0
3.0,0.0,0.0,3.0,147.0,4.0,2.0,7.0,3.0,49.0,27.0,0
9.0,0.0,0.0,1.0,171.0,4.0,3.0,7.0,3.0,57.0,25.0,0
26.0,0.0,0.0,9.0,296.0,4.0,2.0,8.0,1.0,32.888888888888886,7.0,0
21.0,0.0,0.0,1.0,150.0,4.0,3.0,7.0,1.0,50.0,9.0,1
27.0,0.0,0.0,3.0,274.0,4.0,3.0,7.0,3.0,16.11764705882353,9.0,0
4.0,0.0,0.0,8.0,198.0,4.0,3.0,8.0,3.0,22.0,15.0,0
12.0,1.0,0.3333333333333333,4.0,182.0,4.0,2.0,7.0,3.0,60.666666666666664,17.0,0
9.0,0.0,0.0,9.0,203.0,4.0,2.0,8.0,3.0,67.66666666666667,10.0,0
13.0,0.0,0.0,8.0,204.0,2.0,3.0,5.0,3.0,68.0,9.0,0
4.0,1.0,0.3333333333333333,1.0,257.0,2.0,4.0,6.0,3.0,85.66666666666667,31.0,1
21.0,1.0,0.25,8.0,176.0,2.0,3.0,6.0,1.0,44.0,23.0,0
10.0,0.0,0.0,8.0,176.0,4.0,2.0,7.0,3.0,58.666666666666664,15.0,0
1.0,1.0,0.3333333333333333,3.0,148.0,5.0,5.0,8.0,1.0,49.333333333333336,16.0,1
7.0,0.0,0.0,1.0,299.0,4.0,3.0,7.0,3.0,37.375,24.0,0
1.0,1.0,0.3333333333333333,1.0,149.0,5.0,5.0,9.0,1.0,49.666666666666664,17.0,1
7.0,0.0,0.0,3.0,160.0,4.0,2.0,7.0,1.0,53.333333333333336,20.0,0
19.0,0.0,0.0,3.0,148.0,4.0,2.0,8.0,1.0,49.333333333333336,7.0,0
24.0,0.0,0.0,4.0,299.0,4.0,2.0,8.0,1.0,99.66666666666667,7.0,0
7.0,1.0,0.3333333333333333,3.0,180.0,2.0,4.0,5.0,1.0,60.0,7.0,0
15.0,0.0,0.0,12.0,319.0,4.0,3.0,8.0,1.0,106.33333333333333,16.0,0
1.0,0.0,0.0,3.0,153.0,4.0,4.0,7.0,1.0,38.25,23.0,0
19.0,1.0,0.3333333333333333,9.0,161.0,4.0,5.0,7.0,1.0,53.666666666666664,30.0,0
21.0,1.0,0.3333333333333333,8.0,167.0,4.0,2.0,7.0,3.0,55.666666666666664,11.0,0
1.0,1.0,0.3333333333333333,2.0,146.0,4.0,3.0,7.0,1.0,48.666666666666664,29.0,1
24.0,1.0,0.3333333333333333,6.0,265.0,4.0,3.0,8.0,1.0,88.33333333333333,31.0,0
12.0,0.0,0.0,3.0,152.0,4.0,3.0,8.0,1.0,50.666666666666664,17.0,0
20.0,0.0,0.0,8.0,233.0,4.0,3.0,8.0,1.0,77.66666666666667,14.0,0
1.0,0.0,0.0,3.0,169.0,5.0,3.0,8.0,1.0,33.8,24.0,0
1.0,1.0,0.3333333333333333,3.0,162.0,5.0,4.0,8.0,1.0,54.0,21.0,1
5.0,0.0,0.0,4.0,166.0,4.0,5.0,8.0,1.0,55.333333333333336,7.0,0
1.0,0.0,0.0,1.0,136.0,4.0,2.0,8.0,1.0,45.333333333333336,12.0,0
28.0,0.0,0.0,9.0,232.0,4.0,3.0,7.0,1.0,77.33333333333333,24.0,0
9.0,1.0,0.08333333333333333,3.0,229.0,4.0,3.0,7.0,1.0,19.083333333333332,32.0,0
4.0,1.0,0.3333333333333333,8.0,239.0,2.0,5.0,6.0,1.0,79.66666666666667,15.0,0
1.0,1.0,0.3333333333333333,1.0,151.0,5.0,5.0,9.0,1.0,50.333333333333336,18.0,1
1.0,0.0,0.0,3.0,149.0,4.0,4.0,7.0,1.0,49.666666666666664,12.0,1
1.0,0.0,0.0,4.0,180.0,2.0,2.0,5.0,1.0,60.0,9.0,0
1.0,0.0,0.0,2.0,150.0,6.0,5.0,10.0,1.0,50.0,15.0,0
22.0,0.0,0.0,3.0,167.0,5.0,3.0,9.0,1.0,41.75,13.0,0
22.0,0.0,0.0,9.0,235.0,5.0,3.0,9.0,1.0,78.33333333333333,11.0,0
15.0,0.0,0.0,2.0,175.0,4.0,3.0,7.0,1.0,43.75,14.0,0
13.0,0.0,0.0,9.0,252.0,5.0,2.0,9.0,1.0,84.0,7.0,0
1.0,0.0,0.0,3.0,167.0,4.0,2.0,7.0,1.0,41.75,9.0,0
9.0,0.0,0.0,3.0,164.0,4.0,2.0,7.0,1.0,54.666666666666664,17.0,0
16.0,0.0,0.0,1.0,308.0,4.0,3.0,7.0,3.0,102.66666666666667,12.0,0
24.0,0.0,0.0,1.0,149.0,4.0,2.0,8.0,1.0,49.666666666666664,16.0,0
31.0,1.0,0.16666666666666666,4.0,262.0,5.0,2.0,9.0,1.0,43.666666666666664,9.0,0
1.0,0.0,0.0,1.0,173.0,6.0,4.0,10.0,1.0,57.666666666666664,18.0,1
29.0,1.0,0.125,8.0,189.0,4.0,4.0,8.0,1.0,23.625,25.0,0
15.0,0.0,0.0,11.0,325.0,6.0,3.0,9.0,1.0,46.42857142857143,14.0,0
12.0,1.0,0.3333333333333333,1.0,194.0,4.0,2.0,7.0,3.0,64.66666666666667,10.0,0
1.0,0.0,0.0,3.0,175.0,6.0,5.0,10.0,3.0,43.75,36.0,1
16.0,0.0,0.0,10.0,323.0,6.0,2.0,9.0,3.0,40.375,9.0,1
18.0,1.0,0.3333333333333333,12.0,258.0,2.0,2.0,5.0,3.0,86.0,35.0,0
24.0,0.0,0.0,14.0,188.0,4.0,3.0,8.0,3.0,62.666666666666664,7.0,0
1.0,0.0,0.0,15.0,152.0,2.0,5.0,5.0,1.0,8.941176470588236,23.0,1
13.0,1.0,0.3333333333333333,9.0,234.0,4.0,5.0,7.0,1.0,78.0,29.0,0
7.0,0.0,0.0,3.0,148.0,5.0,2.0,8.0,3.0,37.0,15.0,0
19.0,0.0,0.0,2.0,302.0,4.0,2.0,7.0,3.0,100.66666666666667,18.0,0
6.0,0.0,0.0,8.0,165.0,4.0,3.0,8.0,1.0,18.333333333333332,36.0,0
8.0,0.0,0.0,3.0,222.0,2.0,2.0,6.0,3.0,74.0,7.0,0
31.0,1.0,0.3333333333333333,5.0,244.0,4.0,2.0,8.0,3.0,81.33333333333333,7.0,0
19.0,0.0,0.0,5.0,147.0,4.0,4.0,7.0,2.0,49.0,31.0,0
27.0,0.0,0.0,13.0,200.0,5.0,4.0,8.0,3.0,25.0,9.0,0
1.0,0.0,0.0,1.0,173.0,4.0,3.0,7.0,1.0,57.666666666666664,22.0,1
1.0,1.0,0.3333333333333333,3.0,145.0,4.0,5.0,7.0,1.0,48.333333333333336,9.0,1
8.0,1.0,0.3333333333333333,1.0,147.0,4.0,3.0,7.0,3.0,49.0,17.0,0
2.0,0.0,0.0,1.0,136.0,4.0,4.0,8.0,3.0,45.333333333333336,17.0,0
12.0,0.0,0.0,3.0,153.0,4.0,3.0,7.0,1.0,38.25,10.0,0
24.0,1.0,0.1111111111111111,8.0,317.0,4.0,3.0,8.0,1.0,35.22222222222222,9.0,0
11.0,0.0,0.0,2.0,166.0,4.0,4.0,7.0,1.0,55.333333333333336,10.0,0
14.0,0.0,0.0,6.0,209.0,4.0,5.0,8.0,3.0,23.22222222222222,33.0,0
1.0,0.0,0.0,4.0,145.0,5.0,3.0,9.0,1.0,48.333333333333336,7.0,0
20.0,0.0,0.0,3.0,321.0,4.0,2.0,7.0,1.0,80.25,7.0,0
28.0,0.0,0.0,1.0,232.0,5.0,3.0,8.0,3.0,77.33333333333333,9.0,0
30.0,0.0,0.0,4.0,154.0,4.0,3.0,8.0,1.0,51.333333333333336,16.0,0
10.0,0.0,0.0,3.0,214.0,5.0,2.0,8.0,1.0,23.77777777777778,19.0,0
29.0,0.0,0.0,3.0,293.0,5.0,5.0,8.0,1.0,36.625,9.0,0
17.0,0.0,0.0,1.0,259.0,5.0,2.0,9.0,3.0,86.33333333333333,32.0,0
1.0,1.0,0.3333333333333333,3.0,148.0,4.0,2.0,7.0,3.0,49.333333333333336,16.0,1
1.0,0.0,0.0,1.0,139.0,5.0,5.0,8.0,1.0,46.333333333333336,17.0,1
20.0,1.0,0.3333333333333333,8.0,171.0,5.0,5.0,9.0,1.0,57.0,15.0,0
15.0,1.0,0.25,8.0,150.0,4.0,3.0,7.0,1.0,37.5,11.0,1
1.0,0.0,0.0,3.0,212.0,5.0,5.0,9.0,1.0,70.66666666666667,31.0,1
1.0,0.0,0.0,4.0,165.0,5.0,5.0,8.0,1.0,55.0,7.0,0
4.0,0.0,0.0,3.0,225.0,4.0,5.0,7.0,1.0,75.0,27.0,0
15.0,0.0,0.0,9.0,159.0,2.0,3.0,5.0,1.0,53.0,14.0,0
12.0,0.0,0.0,3.0,213.0,5.0,3.0,9.0,1.0,71.0,24.0,0
14.0,0.0,0.0,3.0,228.0,4.0,2.0,8.0,1.0,17.53846153846154,27.0,0
1.0,0.0,0.0,3.0,171.0,6.0,3.0,9.0,1.0,57.0,15.0,0
29.0,0.0,0.0,3.0,235.0,4.0,4.0,8.0,1.0,78.33333333333333,9.0,0
2.0,0.0,0.0,8.0,162.0,4.0,3.0,7.0,1.0,54.0,17.0,0
8.0,0.0,0.0,3.0,230.0,5.0,5.0,9.0,2.0,46.0,7.0,1
7.0,0.0,0.0,3.0,196.0,5.0,2.0,8.0,1.0,65.33333333333333,12.0,0
1.0,1.0,0.16666666666666666,3.0,221.0,4.0,5.0,7.0,3.0,36.833333333333336,11.0,1
1.0,0.0,0.0,9.0,170.0,5.0,3.0,8.0,1.0,34.0,36.0,1
2.0,0.0,0.0,3.0,147.0,4.0,3.0,7.0,1.0,36.75,22.0,0
8.0,0.0,0.0,5.0,203.0,4.0,2.0,7.0,1.0,67.66666666666667,10.0,0
11.0,1.0,0.3333333333333333,1.0,192.0,5.0,2.0,8.0,3.0,64.0,17.0,0
1.0,1.0,0.14285714285714285,7.0,162.0,4.0,2.0,7.0,1.0,23.142857142857142,11.0,1
1.0,0.0,0.0,1.0,149.0,4.0,3.0,7.0,1.0,49.666666666666664,28.0,1
1.0,1.0,0.25,3.0,148.0,5.0,4.0,8.0,1.0,37.0,32.0,1
16.0,0.0,0.0,8.0,302.0,4.0,5.0,7.0,1.0,20.133333333333333,9.0,0
1.0,0.0,0.0,1.0,151.0,5.0,4.0,8.0,1.0,50.333333333333336,5.0,1
14.0,1.0,0.3333333333333333,1.0,172.0,4.0,3.0,7.0,3.0,57.333333333333336,7.0,1
7.0,0.0,0.0,3.0,168.0,4.0,4.0,6.0,3.0,56.0,14.0,0
8.0,0.0,0.0,1.0,155.0,5.0,2.0,8.0,1.0,51.666666666666664,10.0,0
22.0,0.0,0.0,2.0,294.0,2.0,2.0,5.0,1.0,73.5,7.0,0
19.0,0.0,0.0,13.0,181.0,5.0,3.0,9.0,3.0,30.166666666666668,16.0,0
26.0,0.0,0.0,3.0,229.0,4.0,4.0,7.0,1.0,38.166666666666664,14.0,0
12.0,1.0,0.25,3.0,212.0,5.0,3.0,9.0,3.0,53.0,17.0,0
3.0,0.0,0.0,8.0,150.0,4.0,2.0,8.0,1.0,50.0,35.0,0
2.0,0.0,0.0,8.0,202.0,4.0,4.0,8.0,1.0,67.33333333333333,10.0,0
20.0,0.0,0.0,10.0,300.0,4.0,3.0,7.0,3.0,50.0,10.0,0
12.0,0.0,0.0,1.0,199.0,4.0,4.0,7.0,3.0,66.33333333333333,9.0,0
17.0,0.0,0.0,2.0,233.0,4.0,5.0,7.0,1.0,77.66666666666667,34.0,0
3.0,0.0,0.0,6.0,247.0,4.0,2.0,7.0,1.0,82.33333333333333,9.0,1
14.0,0.0,0.0,10.0,321.0,5.0,3.0,8.0,1.0,53.5,21.0,0
1.0,1.0,0.25,3.0,146.0,5.0,4.0,9.0,1.0,36.5,7.0,0
13.0,0.0,0.0,4.0,193.0,4.0,4.0,8.0,1.0,64.33333333333333,16.0,0
10.0,0.0,0.0,10.0,203.0,4.0,2.0,8.0,1.0,67.66666666666667,25.0,0
5.0,0.0,0.0,3.0,153.0,2.0,2.0,6.0,3.0,38.25,27.0,0
2.0,0.0,0.0,5.0,157.0,5.0,4.0,9.0,1.0,52.333333333333336,9.0,0
9.0,0.0,0.0,3.0,175.0,4.0,2.0,7.0,3.0,58.333333333333336,18.0,0
23.0,0.0,0.0,4.0,256.0,5.0,4.0,8.0,3.0,85.33333333333333,15.0,0
8.0,0.0,0.0,3.0,165.0,4.0,3.0,8.0,1.0,55.0,9.0,0
3.0,0.0,0.0,2.0,158.0,4.0,4.0,8.0,1.0,52.666666666666664,17.0,0
16.0,0.0,0.0,1.0,168.0,6.0,2.0,9.0,1.0,56.0,36.0,0
3.0,1.0,0.3333333333333333,3.0,176.0,5.0,2.0,9.0,1.0,58.666666666666664,15.0,0
12.0,0.0,0.0,1.0,153.0,2.0,3.0,5.0,2.0,21.857142857142858,7.0,0
5.0,1.0,0.3333333333333333,3.0,152.0,5.0,3.0,8.0,1.0,50.666666666666664,13.0,0
1.0,0.0,0.0,1.0,144.0,4.0,3.0,8.0,1.0,48.0,15.0,1
1.0,1.0,0.3333333333333333,4.0,207.0,4.0,5.0,8.0,3.0,69.0,16.0,1
15.0,1.0,0.3333333333333333,1.0,173.0,4.0,2.0,7.0,1.0,57.666666666666664,19.0,0
1.0,0.0,0.0,3.0,151.0,4.0,3.0,8.0,1.0,37.75,22.0,1
11.0,0.0,0.0,4.0,182.0,5.0,2.0,8.0,1.0,60.666666666666664,32.0,0
1.0,0.0,0.0,3.0,150.0,5.0,3.0,8.0,1.0,37.5,13.0,0
8.0,0.0,0.0,4.0,182.0,4.0,3.0,8.0,3.0,60.666666666666664,16.0,0
9.0,0.0,0.0,5.0,168.0,4.0,3.0,8.0,2.0,56.0,15.0,0
1.0,0.0,0.0,11.0,198.0,5.0,5.0,8.0,3.0,39.6,30.0,1
14.0,0.0,0.0,14.0,260.0,4.0,3.0,7.0,1.0,86.66666666666667,16.0,0
6.0,1.0,0.06666666666666667,15.0,263.0,4.0,5.0,7.0,3.0,17.533333333333335,19.0,1
16.0,0.0,0.0,6.0,177.0,4.0,5.0,7.0,3.0,59.0,11.0,0
9.0,0.0,0.0,8.0,148.0,5.0,3.0,8.0,1.0,49.333333333333336,7.0,0
1.0,0.0,0.0,3.0,161.0,4.0,4.0,7.0,1.0,53.666666666666664,31.0,0
1.0,1.0,0.3333333333333333,1.0,150.0,4.0,2.0,8.0,1.0,50.0,19.0,1
1.0,0.0,0.0,8.0,169.0,2.0,2.0,5.0,1.0,56.333333333333336,10.0,0
4.0,0.0,0.0,5.0,191.0,5.0,3.0,9.0,3.0,63.666666666666664,17.0,0
14.0,1.0,0.3333333333333333,1.0,169.0,5.0,2.0,9.0,1.0,56.333333333333336,33.0,0
9.0,0.0,0.0,3.0,228.0,5.0,4.0,8.0,1.0,28.5,9.0,0
8.0,0.0,0.0,10.0,178.0,5.0,5.0,9.0,1.0,29.666666666666668,7.0,0
9.0,0.0,0.0,3.0,149.0,5.0,2.0,8.0,1.0,37.25,11.0,0
7.0,0.0,0.0,4.0,178.0,6.0,3.0,9.0,3.0,59.333333333333336,16.0,1
6.0,0.0,0.0,1.0,153.0,4.0,5.0,8.0,3.0,51.0,9.0,0
30.0,0.0,0.0,3.0,324.0,4.0,5.0,8.0,1.0,54.0,11.0,0
3.0,0.0,0.0,9.0,156.0,4.0,2.0,7.0,1.0,52.0,13.0,0
1.0,0.0,0.0,1.0,151.0,4.0,5.0,7.0,1.0,50.333333333333336,16.0,0
19.0,1.0,0.3333333333333333,3.0,170.0,4.0,3.0,7.0,1.0,56.666666666666664,14.0,0
11.0,0.0,0.0,12.0,190.0,5.0,2.0,8.0,1.0,38.0,7.0,0
1.0,0.0,0.0,3.0,155.0,5.0,3.0,8.0,1.0,51.666666666666664,10.0,0
8.0,1.0,0.3333333333333333,3.0,154.0,4.0,3.0,8.0,1.0,51.333333333333336,17.0,1
27.0,0.0,0.0,8.0,311.0,4.0,3.0,7.0,1.0,51.833333333333336,14.0,0
3.0,1.0,0.3333333333333333,4.0,147.0,6.0,2.0,10.0,1.0,49.0,22.0,0
1.0,1.0,0.3333333333333333,1.0,154.0,5.0,2.0,8.0,1.0,51.333333333333336,10.0,1
20.0,0.0,0.0,10.0,295.0,4.0,5.0,8.0,3.0,17.352941176470587,9.0,0
18.0,0.0,0.0,1.0,148.0,6.0,3.0,10.0,1.0,49.333333333333336,24.0,0
7.0,0.0,0.0,5.0,161.0,4.0,3.0,7.0,2.0,53.666666666666664,9.0,0
5.0,0.0,0.0,1.0,146.0,5.0,5.0,9.0,1.0,48.666666666666664,12.0,1
4.0,0.0,0.0,4.0,166.0,4.0,5.0,8.0,3.0,55.333333333333336,36.0,0
14.0,0.0,0.0,1.0,168.0,4.0,4.0,8.0,3.0,56.0,9.0,0
24.0,0.0,0.0,3.0,304.0,4.0,5.0,6.0,1.0,76.0,9.0,0
2.0,0.0,0.0,4.0,157.0,5.0,5.0,9.0,1.0,31.4,26.0,0
20.0,0.0,0.0,4.0,316.0,4.0,4.0,7.0,1.0,105.33333333333333,22.0,0
9.0,1.0,0.3333333333333333,3.0,215.0,4.0,5.0,8.0,3.0,71.66666666666667,24.0,0
1.0,0.0,0.0,1.0,147.0,4.0,4.0,8.0,1.0,49.0,24.0,1
7.0,0.0,0.0,2.0,170.0,4.0,3.0,7.0,3.0,56.666666666666664,32.0,0
10.0,0.0,0.0,8.0,152.0,6.0,3.0,9.0,1.0,50.666666666666664,13.0,0
4.0,0.0,0.0,10.0,160.0,4.0,3.0,7.0,1.0,16.0,14.0,0
18.0,0.0,0.0,18.0,170.0,4.0,2.0,7.0,1.0,56.666666666666664,36.0,0
1.0,0.0,0.0,3.0,152.0,2.0,2.0,5.0,3.0,38.0,28.0,0
20.0,0.0,0.0,5.0,199.0,4.0,2.0,7.0,1.0,66.33333333333333,9.0,0
16.0,0.0,0.0,4.0,188.0,2.0,5.0,6.0,2.0,62.666666666666664,9.0,0
31.0,1.0,0.3333333333333333,10.0,177.0,2.0,2.0,5.0,3.0,59.0,14.0,0
6.0,0.0,0.0,3.0,152.0,5.0,4.0,9.0,1.0,38.0,20.0,0
6.0,1.0,0.3333333333333333,8.0,175.0,4.0,3.0,7.0,1.0,58.333333333333336,9.0,0
10.0,1.0,0.1111111111111111,3.0,228.0,6.0,5.0,10.0,1.0,25.333333333333332,7.0,0
7.0,0.0,0.0,11.0,153.0,4.0,2.0,7.0,1.0,25.5,16.0,0
14.0,0.0,0.0,4.0,194.0,5.0,4.0,8.0,3.0,64.66666666666667,17.0,0
1.0,0.0,0.0,2.0,175.0,4.0,2.0,7.0,3.0,58.333333333333336,17.0,0
4.0,1.0,0.14285714285714285,8.0,161.0,4.0,4.0,8.0,1.0,23.0,7.0,0
16.0,1.0,0.3333333333333333,1.0,257.0,4.0,5.0,7.0,1.0,85.66666666666667,33.0,0
9.0,1.0,0.16666666666666666,3.0,229.0,5.0,2.0,9.0,3.0,38.166666666666664,15.0,0
1.0,1.0,0.125,9.0,147.0,4.0,5.0,7.0,1.0,18.375,21.0,0
28.0,0.0,0.0,3.0,230.0,4.0,3.0,7.0,1.0,76.66666666666667,7.0,0
18.0,0.0,0.0,8.0,145.0,2.0,2.0,6.0,1.0,16.11111111111111,9.0,0
1.0,1.0,0.3333333333333333,1.0,144.0,5.0,4.0,9.0,1.0,48.0,17.0,1
3.0,0.0,0.0,3.0,163.0,4.0,2.0,8.0,1.0,54.333333333333336,7.0,0
28.0,0.0,0.0,10.0,303.0,4.0,2.0,7.0,1.0,101.0,10.0,0
5.0,1.0,0.3333333333333333,2.0,193.0,4.0,5.0,8.0,1.0,64.33333333333333,18.0,0
5.0,0.0,0.0,9.0,193.0,5.0,5.0,9.0,1.0,64.33333333333333,31.0,0
31.0,0.0,0.0,6.0,177.0,5.0,2.0,8.0,3.0,59.0,10.0,0
17.0,0.0,0.0,8.0,322.0,6.0,2.0,10.0,1.0,107.33333333333333,10.0,0
23.0,0.0,0.0,1.0,312.0,5.0,3.0,8.0,1.0,104.0,11.0,0
10.0,0.0,0.0,8.0,162.0,4.0,4.0,7.0,1.0,54.0,10.0,0
22.0,0.0,0.0,1.0,151.0,2.0,4.0,6.0,1.0,50.333333333333336,9.0,0
1.0,0.0,0.0,4.0,150.0,4.0,3.0,8.0,1.0,50.0,11.0,0
3.0,1.0,0.3333333333333333,1.0,191.0,4.0,2.0,7.0,1.0,63.666666666666664,14.0,0
22.0,0.0,0.0,1.0,308.0,5.0,2.0,9.0,1.0,102.66666666666667,7.0,0
3.0,0.0,0.0,8.0,286.0,5.0,2.0,8.0,1.0,95.33333333333333,7.0,0
8.0,0.0,0.0,1.0,151.0,2.0,3.0,5.0,1.0,50.333333333333336,27.0,0
18.0,0.0,0.0,11.0,307.0,4.0,4.0,7.0,3.0,61.4,12.0,0
7.0,1.0,0.3333333333333333,9.0,209.0,2.0,3.0,5.0,3.0,69.66666666666667,17.0,0
1.0,1.0,0.3333333333333333,2.0,155.0,2.0,2.0,5.0,1.0,51.666666666666664,32.0,0
1.0,0.0,0.0,2.0,137.0,4.0,3.0,7.0,1.0,45.666666666666664,7.0,0
1.0,1.0,0.3333333333333333,1.0,136.0,6.0,2.0,10.0,3.0,45.333333333333336,31.0,1
1.0,1.0,0.25,3.0,154.0,4.0,2.0,7.0,1.0,38.5,11.0,0
9.0,1.0,0.3333333333333333,12.0,313.0,6.0,4.0,10.0,3.0,104.33333333333333,9.0,1
29.0,1.0,0.058823529411764705,1.0,261.0,5.0,4.0,8.0,1.0,15.352941176470589,15.0,0
1.0,0.0,0.0,3.0,151.0,5.0,3.0,8.0,1.0,37.75,17.0,1
20.0,0.0,0.0,9.0,313.0,5.0,4.0,8.0,3.0,104.33333333333333,11.0,0
8.0,1.0,0.3333333333333333,3.0,170.0,4.0,5.0,7.0,3.0,56.666666666666664,9.0,0
25.0,1.0,0.07692307692307693,11.0,323.0,4.0,4.0,7.0,3.0,24.846153846153847,16.0,0
31.0,0.0,0.0,3.0,230.0,4.0,2.0,8.0,1.0,32.857142857142854,25.0,0
8.0,0.0,0.0,11.0,169.0,4.0,4.0,7.0,1.0,24.142857142857142,26.0,0
2.0,1.0,0.3333333333333333,3.0,147.0,4.0,3.0,7.0,1.0,49.0,7.0,0
18.0,0.0,0.0,14.0,317.0,2.0,5.0,6.0,1.0,19.8125,11.0,0
8.0,0.0,0.0,9.0,170.0,5.0,4.0,8.0,2.0,56.666666666666664,18.0,0
9.0,1.0,0.25,3.0,160.0,4.0,3.0,8.0,1.0,40.0,13.0,0
16.0,1.0,0.3333333333333333,1.0,149.0,2.0,4.0,6.0,1.0,49.666666666666664,14.0,0
17.0,0.0,0.0,3.0,227.0,5.0,2.0,8.0,3.0,13.352941176470589,11.0,0
10.0,1.0,0.14285714285714285,13.0,179.0,4.0,4.0,7.0,1.0,25.571428571428573,9.0,0
8.0,0.0,0.0,6.0,205.0,4.0,2.0,8.0,1.0,68.33333333333333,22.0,1
2.0,1.0,0.25,3.0,164.0,5.0,2.0,8.0,1.0,41.0,9.0,0
25.0,0.0,0.0,8.0,153.0,5.0,3.0,8.0,1.0,17.0,13.0,0
4.0,1.0,0.3333333333333333,8.0,172.0,4.0,3.0,8.0,1.0,57.333333333333336,16.0,0
1.0,1.0,0.1111111111111111,8.0,158.0,4.0,3.0,7.0,1.0,17.555555555555557,14.0,1
2.0,0.0,0.0,3.0,146.0,4.0,5.0,7.0,1.0,48.666666666666664,7.0,0
1.0,0.0,0.0,2.0,146.0,4.0,4.0,7.0,1.0,36.5,7.0,0
6.0,0.0,0.0,9.0,187.0,2.0,2.0,5.0,3.0,62.333333333333336,15.0,0
19.0,0.0,0.0,1.0,306.0,4.0,4.0,7.0,1.0,102.0,32.0,0
13.0,1.0,0.058823529411764705,3.0,296.0,5.0,4.0,9.0,1.0,17.41176470588235,20.0,0
31.0,0.0,0.0,3.0,149.0,4.0,3.0,7.0,1.0,37.25,30.0,0
1.0,0.0,0.0,2.0,174.0,4.0,3.0,8.0,1.0,58.0,14.0,1
3.0,0.0,0.0,4.0,164.0,4.0,5.0,8.0,1.0,54.666666666666664,30.0,1
4.0,0.0,0.0,8.0,171.0,5.0,2.0,8.0,1.0,21.375,13.0,0
10.0,0.0,0.0,8.0,196.0,4.0,3.0,8.0,1.0,65.33333333333333,17.0,0
20.0,0.0,0.0,8.0,159.0,4.0,5.0,7.0,2.0,22.714285714285715,7.0,0
2.0,0.0,0.0,6.0,192.0,6.0,2.0,9.0,1.0,21.333333333333332,7.0,0
24.0,1.0,0.3333333333333333,3.0,294.0,4.0,5.0,7.0,1.0,98.0,35.0,0
4.0,1.0,0.3333333333333333,3.0,216.0,5.0,4.0,8.0,3.0,72.0,32.0,1
16.0,1.0,0.1111111111111111,3.0,209.0,4.0,4.0,8.0,3.0,23.22222222222222,12.0,1
4.0,1.0,0.3333333333333333,9.0,244.0,4.0,5.0,8.0,1.0,81.33333333333333,24.0,0
13.0,0.0,0.0,8.0,170.0,4.0,3.0,7.0,1.0,56.666666666666664,25.0,0
5.0,1.0,0.09090909090909091,3.0,224.0,4.0,3.0,7.0,3.0,20.363636363636363,9.0,0
15.0,0.0,0.0,10.0,187.0,6.0,4.0,9.0,3.0,14.384615384615385,17.0,0
1.0,1.0,0.25,3.0,148.0,4.0,4.0,7.0,3.0,37.0,7.0,1
8.0,0.0,0.0,3.0,149.0,4.0,5.0,7.0,1.0,49.666666666666664,10.0,1
16.0,1.0,0.25,11.0,304.0,4.0,3.0,7.0,1.0,76.0,9.0,0
29.0,0.0,0.0,12.0,317.0,6.0,3.0,9.0,1.0,28.818181818181817,9.0,0
30.0,0.0,0.0,8.0,322.0,4.0,4.0,7.0,2.0,35.77777777777778,15.0,0
14.0,0.0,0.0,1.0,160.0,4.0,3.0,8.0,1.0,53.333333333333336,23.0,0
8.0,0.0,0.0,3.0,210.0,4.0,2.0,7.0,1.0,70.0,16.0,0
14.0,0.0,0.0,9.0,172.0,4.0,2.0,8.0,1.0,17.2,9.0,0
15.0,0.0,0.0,8.0,166.0,4.0,5.0,8.0,3.0,55.333333333333336,7.0,0
9.0,1.0,0.3333333333333333,2.0,167.0,4.0,3.0,7.0,1.0,55.666666666666664,11.0,0
25.0,1.0,0.3333333333333333,11.0,265.0,4.0,4.0,7.0,2.0,88.33333333333333,12.0,0
12.0,0.0,0.0,8.0,194.0,4.0,5.0,7.0,3.0,64.66666666666667,9.0,0
8.0,0.0,0.0,7.0,186.0,4.0,5.0,8.0,3.0,16.90909090909091,22.0,0
1.0,0.0,0.0,3.0,162.0,4.0,2.0,8.0,1.0,54.0,26.0,0
21.0,1.0,0.14285714285714285,3.0,225.0,5.0,5.0,8.0,1.0,32.142857142857146,14.0,1
14.0,0.0,0.0,4.0,149.0,4.0,4.0,7.0,1.0,49.666666666666664,7.0,0
10.0,0.0,0.0,14.0,171.0,2.0,5.0,5.0,3.0,21.375,14.0,0
22.0,0.0,0.0,9.0,204.0,4.0,2.0,7.0,1.0,68.0,11.0,0
1.0,0.0,0.0,1.0,150.0,2.0,2.0,6.0,3.0,50.0,18.0,0
25.0,0.0,0.0,4.0,256.0,5.0,4.0,8.0,1.0,85.33333333333333,18.0,0
1.0,0.0,0.0,1.0,141.0,4.0,2.0,8.0,1.0,47.0,7.0,0
9.0,0.0,0.0,1.0,179.0,5.0,2.0,8.0,1.0,59.666666666666664,7.0,0
1.0,0.0,0.0,1.0,176.0,6.0,2.0,9.0,3.0,58.666666666666664,9.0,0
19.0,1.0,0.2,9.0,262.0,2.0,3.0,5.0,3.0,52.4,20.0,1
30.0,1.0,0.3333333333333333,10.0,259.0,4.0,4.0,8.0,1.0,86.33333333333333,30.0,0
8.0,0.0,0.0,1.0,145.0,5.0,3.0,9.0,1.0,48.333333333333336,33.0,0
14.0,0.0,0.0,9.0,189.0,2.0,3.0,5.0,1.0,14.538461538461538,9.0,0
8.0,0.0,0.0,8.0,179.0,4.0,3.0,7.0,1.0,19.88888888888889,36.0,0
1.0,0.0,0.0,1.0,153.0,5.0,2.0,8.0,3.0,51.0,9.0,1
1.0,1.0,0.2,3.0,171.0,4.0,3.0,8.0,3.0,34.2,25.0,1
12.0,0.0,0.0,4.0,151.0,2.0,3.0,5.0,1.0,50.333333333333336,14.0,0
8.0,0.0,0.0,12.0,192.0,4.0,2.0,8.0,1.0,32.0,9.0,0
2.0,0.0,0.0,5.0,172.0,5.0,5.0,8.0,3.0,57.333333333333336,33.0,0
1.0,1.0,0.125,8.0,187.0,4.0,3.0,8.0,1.0,23.375,29.0,1
13.0,1.0,0.3333333333333333,5.0,186.0,5.0,2.0,8.0,3.0,62.0,28.0,0
25.0,0.0,0.0,3.0,231.0,4.0,4.0,7.0,3.0,46.2,9.0,0
15.0,1.0,0.2,4.0,180.0,4.0,2.0,8.0,1.0,36.0,29.0,0
11.0,1.0,0.3333333333333333,4.0,155.0,4.0,3.0,7.0,1.0,51.666666666666664,11.0,0
7.0,0.0,0.0,3.0,225.0,4.0,2.0,8.0,3.0,75.0,12.0,0
6.0,1.0,0.3333333333333333,3.0,166.0,4.0,4.0,7.0,3.0,55.333333333333336,9.0,0
13.0,0.0,0.0,6.0,234.0,4.0,3.0,8.0,1.0,78.0,32.0,0
1.0,0.0,0.0,3.0,187.0,2.0,3.0,6.0,3.0,62.333333333333336,25.0,0
26.0,1.0,0.3333333333333333,3.0,257.0,2.0,3.0,5.0,1.0,85.66666666666667,35.0,0
17.0,1.0,0.3333333333333333,9.0,166.0,5.0,3.0,9.0,1.0,55.333333333333336,13.0,0
1.0,1.0,0.16666666666666666,5.0,183.0,5.0,2.0,9.0,3.0,30.5,17.0,0
1.0,1.0,0.1111111111111111,8.0,149.0,4.0,3.0,7.0,1.0,16.555555555555557,24.0,1
1.0,0.0,0.0,2.0,164.0,5.0,2.0,8.0,1.0,54.666666666666664,9.0,0
16.0,0.0,0.0,10.0,293.0,4.0,5.0,7.0,2.0,97.66666666666667,17.0,0
26.0,0.0,0.0,5.0,155.0,4.0,5.0,7.0,1.0,51.666666666666664,15.0,0
11.0,0.0,0.0,3.0,161.0,4.0,3.0,8.0,1.0,53.666666666666664,18.0,0
9.0,0.0,0.0,3.0,219.0,4.0,2.0,7.0,1.0,54.75,25.0,0
1.0,0.0,0.0,3.0,157.0,4.0,2.0,7.0,1.0,52.333333333333336,7.0,0
1.0,0.0,0.0,8.0,161.0,2.0,5.0,6.0,1.0,53.666666666666664,14.0,0
3.0,0.0,0.0,10.0,205.0,5.0,5.0,8.0,2.0,68.33333333333333,24.0,0
1.0,0.0,0.0,4.0,168.0,5.0,5.0,9.0,1.0,56.0,35.0,1
1.0,1.0,0.1111111111111111,8.0,201.0,4.0,2.0,7.0,1.0,22.333333333333332,21.0,1
28.0,0.0,0.0,8.0,298.0,4.0,2.0,7.0,1.0,21.285714285714285,7.0,0
31.0,1.0,0.3333333333333333,6.0,322.0,4.0,5.0,8.0,1.0,107.33333333333333,7.0,0
29.0,0.0,0.0,1.0,272.0,2.0,2.0,5.0,1.0,90.66666666666667,7.0,0
10.0,1.0,0.3333333333333333,3.0,218.0,4.0,4.0,7.0,3.0,72.66666666666667,10.0,0
1.0,0.0,0.0,1.0,139.0,6.0,3.0,9.0,3.0,46.333333333333336,7.0,1
4.0,0.0,0.0,3.0,173.0,4.0,5.0,8.0,3.0,57.666666666666664,14.0,0
5.0,0.0,0.0,1.0,289.0,4.0,4.0,8.0,1.0,96.33333333333333,15.0,0
8.0,0.0,0.0,4.0,155.0,4.0,5.0,8.0,1.0,51.666666666666664,7.0,0
1.0,0.0,0.0,1.0,138.0,5.0,4.0,8.0,1.0,46.0,15.0,1
1.0,0.0,0.0,5.0,146.0,4.0,5.0,8.0,1.0,48.666666666666664,18.0,0
10.0,0.0,0.0,9.0,183.0,5.0,2.0,8.0,1.0,61.0,11.0,0
10.0,0.0,0.0,3.0,181.0,5.0,5.0,9.0,3.0,60.333333333333336,23.0,0
21.0,0.0,0.0,3.0,159.0,4.0,2.0,8.0,1.0,53.0,7.0,0
1.0,0.0,0.0,3.0,169.0,5.0,5.0,9.0,3.0,42.25,16.0,1
11.0,0.0,0.0,4.0,160.0,2.0,3.0,5.0,1.0,53.333333333333336,12.0,0
30.0,0.0,0.0,1.0,146.0,4.0,5.0,7.0,1.0,48.666666666666664,7.0,0
21.0,0.0,0.0,7.0,297.0,4.0,3.0,7.0,1.0,42.42857142857143,9.0,0
1.0,1.0,0.3333333333333333,4.0,167.0,4.0,3.0,7.0,3.0,55.666666666666664,11.0,0
6.0,0.0,0.0,3.0,217.0,4.0,2.0,8.0,3.0,72.33333333333333,14.0,0
8.0,0.0,0.0,3.0,158.0,5.0,4.0,8.0,1.0,52.666666666666664,7.0,0
15.0,1.0,0.3333333333333333,4.0,146.0,2.0,3.0,5.0,1.0,48.666666666666664,12.0,0
14.0,0.0,0.0,8.0,165.0,4.0,3.0,7.0,1.0,55.0,16.0,0
5.0,0.0,0.0,10.0,233.0,4.0,2.0,7.0,3.0,77.66666666666667,15.0,0
10.0,0.0,0.0,3.0,226.0,4.0,1.0,7.0,3.0,37.666666666666664,16.0,1
3.0,1.0,0.3333333333333333,1.0,161.0,5.0,5.0,8.0,1.0,53.666666666666664,9.0,1
1.0,0.0,0.0,8.0,199.0,2.0,4.0,6.0,1.0,33.166666666666664,7.0,1
19.0,1.0,0.3333333333333333,8.0,234.0,6.0,5.0,10.0,1.0,78.0,27.0,0
5.0,0.0,0.0,3.0,146.0,2.0,4.0,6.0,2.0,48.666666666666664,15.0,0
1.0,1.0,0.25,3.0,162.0,4.0,1.0,8.0,1.0,40.5,9.0,1
19.0,1.0,0.3333333333333333,3.0,219.0,4.0,1.0,7.0,1.0,73.0,36.0,0
22.0,0.0,0.0,3.0,180.0,4.0,5.0,8.0,3.0,45.0,14.0,0
1.0,0.0,0.0,3.0,152.0,4.0,3.0,7.0,2.0,38.0,16.0,1
14.0,0.0,0.0,9.0,263.0,5.0,4.0,8.0,1.0,43.833333333333336,15.0,0
2.0,0.0,0.0,3.0,210.0,4.0,5.0,7.0,3.0,70.0,12.0,0
18.0,0.0,0.0,4.0,157.0,5.0,3.0,8.0,1.0,52.333333333333336,12.0,0
27.0,0.0,0.0,9.0,291.0,2.0,4.0,5.0,1.0,29.1,9.0,0
23.0,0.0,0.0,3.0,192.0,4.0,3.0,8.0,1.0,64.0,12.0,0
14.0,0.0,0.0,3.0,148.0,4.0,3.0,8.0,1.0,49.333333333333336,9.0,0
18.0,0.0,0.0,4.0,159.0,4.0,4.0,7.0,1.0,53.0,27.0,0
7.0,0.0,0.0,4.0,169.0,4.0,5.0,7.0,3.0,56.333333333333336,14.0,0
8.0,0.0,0.0,13.0,173.0,6.0,5.0,9.0,3.0,34.6,10.0,0
4.0,0.0,0.0,3.0,178.0,4.0,3.0,8.0,3.0,44.5,23.0,0
16.0,0.0,0.0,9.0,162.0,4.0,1.0,8.0,1.0,23.142857142857142,16.0,0
18.0,0.0,0.0,1.0,173.0,4.0,3.0,8.0,3.0,57.666666666666664,7.0,0
4.0,0.0,0.0,1.0,138.0,4.0,3.0,8.0,1.0,46.0,14.0,0
51.0,0.0,0.0,9.0,174.0,2.0,3.0,6.0,1.0,43.5,7.0,0
23.0,0.0,0.0,3.0,230.0,4.0,4.0,7.0,1.0,76.66666666666667,14.0,0
8.0,0.0,0.0,10.0,295.0,4.0,5.0,8.0,1.0,36.875,22.0,0
1.0,0.0,0.0,3.0,154.0,4.0,3.0,8.0,3.0,51.333333333333336,7.0,1
1.0,0.0,0.0,1.0,183.0,4.0,4.0,7.0,3.0,61.0,20.0,1
1.0,1.0,0.08333333333333333,11.0,171.0,5.0,4.0,8.0,3.0,14.25,31.0,1
9.0,0.0,0.0,1.0,149.0,4.0,3.0,8.0,3.0,49.666666666666664,14.0,0
1.0,1.0,0.3333333333333333,1.0,157.0,4.0,5.0,7.0,1.0,52.333333333333336,16.0,1
1.0,0.0,0.0,1.0,145.0,4.0,4.0,8.0,3.0,48.333333333333336,20.0,0
18.0,1.0,0.25,3.0,227.0,4.0,3.0,7.0,1.0,56.75,9.0,0
3.0,0.0,0.0,3.0,211.0,5.0,3.0,9.0,3.0,70.33333333333333,26.0,0
4.0,0.0,0.0,4.0,146.0,4.0,3.0,7.0,2.0,48.666666666666664,7.0,0
29.0,1.0,0.3333333333333333,3.0,165.0,4.0,3.0,6.0,1.0,55.0,11.0,0
7.0,0.0,0.0,3.0,163.0,5.0,4.0,8.0,1.0,54.333333333333336,11.0,0
21.0,1.0,0.3333333333333333,3.0,171.0,4.0,3.0,8.0,3.0,57.0,21.0,0
1.0,0.0,0.0,1.0,151.0,5.0,5.0,8.0,1.0,50.333333333333336,9.0,1
2.0,0.0,0.0,1.0,141.0,5.0,3.0,9.0,1.0,47.0,7.0,0
2.0,0.0,0.0,4.0,174.0,4.0,5.0,7.0,3.0,58.0,14.0,0
23.0,0.0,0.0,3.0,173.0,5.0,5.0,8.0,1.0,57.666666666666664,10.0,0
3.0,0.0,0.0,3.0,157.0,4.0,4.0,8.0,1.0,52.333333333333336,9.0,0
2.0,0.0,0.0,8.0,190.0,6.0,4.0,10.0,1.0,63.333333333333336,36.0,0
7.0,1.0,0.3333333333333333,1.0,189.0,4.0,3.0,8.0,1.0,63.0,15.0,0
6.0,0.0,0.0,1.0,237.0,4.0,1.0,5.0,1.0,79.0,17.0,0
28.0,0.0,0.0,13.0,285.0,4.0,1.0,7.0,1.0,95.0,18.0,0
1.0,0.0,0.0,8.0,149.0,5.0,5.0,9.0,1.0,49.666666666666664,7.0,1
18.0,0.0,0.0,18.0,288.0,4.0,5.0,7.0,1.0,18.0,35.0,0
13.0,0.0,0.0,3.0,209.0,4.0,4.0,7.0,1.0,52.25,13.0,0
20.0,0.0,0.0,2.0,291.0,4.0,4.0,7.0,3.0,41.57142857142857,10.0,0
9.0,0.0,0.0,3.0,211.0,5.0,4.0,9.0,1.0,42.2,23.0,0
1.0,0.0,0.0,3.0,148.0,4.0,3.0,8.0,1.0,49.333333333333336,27.0,0
4.0,0.0,0.0,1.0,145.0,4.0,5.0,7.0,1.0,48.333333333333336,16.0,1
8.0,1.0,0.1,7.0,196.0,5.0,3.0,9.0,3.0,19.6,7.0,0
1.0,0.0,0.0,8.0,166.0,4.0,3.0,7.0,1.0,18.444444444444443,10.0,1
24.0,1.0,0.06666666666666667,10.0,269.0,6.0,1.0,9.0,1.0,17.933333333333334,29.0,0
8.0,1.0,0.14285714285714285,8.0,148.0,4.0,3.0,7.0,3.0,21.142857142857142,14.0,0
16.0,0.0,0.0,1.0,173.0,5.0,4.0,9.0,1.0,57.666666666666664,9.0,0
11.0,0.0,0.0,8.0,168.0,4.0,1.0,7.0,1.0,33.6,20.0,0
3.0,0.0,0.0,3.0,222.0,6.0,5.0,9.0,1.0,74.0,15.0,0
7.0,0.0,0.0,3.0,168.0,5.0,4.0,8.0,1.0,56.0,32.0,0
19.0,0.0,0.0,4.0,146.0,4.0,1.0,8.0,1.0,48.666666666666664,35.0,0
16.0,1.0,0.06666666666666667,3.0,226.0,4.0,1.0,7.0,1.0,15.066666666666666,9.0,0
14.0,0.0,0.0,2.0,180.0,4.0,5.0,7.0,3.0,20.0,16.0,0
7.0,1.0,0.14285714285714285,8.0,177.0,4.0,3.0,8.0,1.0,25.285714285714285,35.0,0
14.0,1.0,0.1111111111111111,8.0,289.0,4.0,1.0,7.0,2.0,32.111111111111114,13.0,0
1.0,0.0,0.0,1.0,148.0,5.0,5.0,8.0,1.0,49.333333333333336,28.0,0
14.0,1.0,0.25,3.0,166.0,4.0,1.0,8.0,1.0,41.5,15.0,0
19.0,0.0,0.0,8.0,199.0,4.0,4.0,8.0,1.0,22.11111111111111,7.0,0
9.0,0.0,0.0,3.0,149.0,5.0,3.0,9.0,3.0,24.833333333333332,7.0,0
6.0,0.0,0.0,6.0,184.0,5.0,4.0,9.0,1.0,46.0,12.0,0
10.0,1.0,0.3333333333333333,3.0,151.0,4.0,1.0,8.0,3.0,50.333333333333336,9.0,0
22.0,0.0,0.0,8.0,189.0,4.0,3.0,8.0,3.0,21.0,23.0,0
3.0,0.0,0.0,1.0,150.0,2.0,3.0,6.0,1.0,50.0,16.0,0
7.0,0.0,0.0,3.0,189.0,4.0,5.0,7.0,3.0,47.25,15.0,0
1.0,0.0,0.0,3.0,222.0,5.0,5.0,9.0,3.0,27.75,7.0,1
12.0,0.0,0.0,3.0,186.0,4.0,3.0,8.0,2.0,62.0,17.0,0
9.0,0.0,0.0,3.0,150.0,5.0,5.0,9.0,1.0,50.0,7.0,0
4.0,0.0,0.0,3.0,218.0,4.0,4.0,7.0,3.0,72.66666666666667,36.0,0
1.0,1.0,0.3333333333333333,1.0,146.0,4.0,5.0,8.0,1.0,48.666666666666664,9.0,1
17.0,0.0,0.0,3.0,227.0,5.0,1.0,9.0,1.0,75.66666666666667,9.0,1
2.0,0.0,0.0,5.0,174.0,4.0,4.0,7.0,1.0,58.0,9.0,1
6.0,0.0,0.0,3.0,166.0,4.0,5.0,8.0,1.0,55.333333333333336,7.0,0
22.0,0.0,0.0,7.0,149.0,4.0,5.0,8.0,1.0,16.555555555555557,22.0,0
8.0,0.0,0.0,1.0,155.0,4.0,1.0,7.0,1.0,51.666666666666664,14.0,0
29.0,0.0,0.0,14.0,321.0,5.0,1.0,8.0,3.0,80.25,33.0,0
8.0,0.0,0.0,2.0,180.0,4.0,1.0,7.0,1.0,45.0,7.0,0
1.0,0.0,0.0,1.0,146.0,4.0,1.0,7.0,1.0,48.666666666666664,10.0,0
12.0,0.0,0.0,3.0,224.0,4.0,4.0,8.0,3.0,24.88888888888889,21.0,0
12.0,0.0,0.0,3.0,167.0,4.0,4.0,7.0,3.0,55.666666666666664,23.0,0
10.0,0.0,0.0,1.0,193.0,4.0,3.0,8.0,3.0,64.33333333333333,7.0,0
3.0,1.0,0.3333333333333333,6.0,172.0,4.0,5.0,7.0,1.0,57.333333333333336,10.0,0
9.0,1.0,0.3333333333333333,5.0,186.0,4.0,3.0,7.0,1.0,62.0,17.0,0
13.0,0.0,0.0,7.0,207.0,2.0,3.0,5.0,3.0,23.0,13.0,0
3.0,0.0,0.0,3.0,214.0,4.0,1.0,7.0,1.0,71.33333333333333,9.0,0
24.0,1.0,0.3333333333333333,1.0,318.0,4.0,3.0,7.0,3.0,106.0,6.0,0
1.0,0.0,0.0,3.0,146.0,2.0,3.0,5.0,1.0,36.5,17.0,0
10.0,1.0,0.3333333333333333,3.0,181.0,2.0,5.0,6.0,1.0,60.333333333333336,13.0,0
16.0,0.0,0.0,2.0,321.0,5.0,1.0,9.0,1.0,107.0,16.0,0
9.0,0.0,0.0,9.0,159.0,2.0,3.0,5.0,1.0,19.875,35.0,0
8.0,0.0,0.0,8.0,176.0,5.0,3.0,9.0,1.0,19.555555555555557,17.0,0
14.0,0.0,0.0,3.0,171.0,4.0,5.0,7.0,3.0,57.0,21.0,0
17.0,0.0,0.0,3.0,174.0,2.0,4.0,5.0,1.0,58.0,34.0,0
9.0,0.0,0.0,2.0,152.0,5.0,1.0,9.0,1.0,50.666666666666664,14.0,0
20.0,0.0,0.0,13.0,301.0,2.0,5.0,5.0,3.0,100.33333333333333,7.0,0
1.0,1.0,0.3333333333333333,1.0,149.0,4.0,4.0,7.0,1.0,49.666666666666664,31.0,1
1.0,1.0,0.3333333333333333,4.0,153.0,5.0,3.0,8.0,1.0,51.0,33.0,0
24.0,1.0,0.3333333333333333,14.0,237.0,4.0,3.0,7.0,1.0,79.0,27.0,0
6.0,0.0,0.0,3.0,158.0,2.0,1.0,5.0,1.0,52.666666666666664,12.0,0
18.0,1.0,0.3333333333333333,11.0,315.0,4.0,1.0,7.0,1.0,105.0,14.0,0
4.0,0.0,0.0,2.0,146.0,5.0,4.0,8.0,1.0,48.666666666666664,14.0,0
19.0,1.0,0.3333333333333333,5.0,183.0,6.0,5.0,9.0,1.0,61.0,12.0,0
19.0,0.0,0.0,6.0,169.0,5.0,5.0,8.0,3.0,28.166666666666668,33.0,0
5.0,0.0,0.0,4.0,178.0,4.0,5.0,7.0,3.0,59.333333333333336,9.0,0
10.0,1.0,0.3333333333333333,2.0,172.0,4.0,3.0,8.0,1.0,57.333333333333336,19.0,0
8.0,0.0,0.0,3.0,172.0,2.0,1.0,5.0,1.0,19.11111111111111,17.0,0
23.0,0.0,0.0,5.0,157.0,4.0,5.0,7.0,1.0,52.333333333333336,32.0,0
13.0,0.0,0.0,8.0,179.0,4.0,5.0,8.0,1.0,19.88888888888889,17.0,0
1.0,0.0,0.0,8.0,166.0,5.0,5.0,9.0,1.0,55.333333333333336,26.0,0
9.0,0.0,0.0,11.0,177.0,2.0,5.0,5.0,1.0,59.0,25.0,0
2.0,0.0,0.0,1.0,25.0,6.0,5.0,9.0,1.0,8.333333333333334,34.0,0
1.0,0.0,0.0,3.0,156.0,4.0,1.0,8.0,1.0,39.0,12.0,0
1.0,1.0,0.3333333333333333,1.0,141.0,4.0,1.0,8.0,3.0,47.0,10.0,1
21.0,0.0,0.0,1.0,322.0,4.0,3.0,8.0,2.0,107.33333333333333,33.0,0
13.0,0.0,0.0,8.0,156.0,5.0,3.0,9.0,1.0,52.0,10.0,0
14.0,0.0,0.0,3.0,229.0,5.0,3.0,9.0,1.0,14.3125,22.0,0
9.0,0.0,0.0,10.0,166.0,4.0,3.0,7.0,1.0,41.5,15.0,0
11.0,0.0,0.0,3.0,183.0,4.0,3.0,7.0,1.0,61.0,26.0,0
13.0,0.0,0.0,9.0,175.0,4.0,3.0,7.0,1.0,35.0,11.0,0
19.0,0.0,0.0,10.0,183.0,5.0,1.0,8.0,1.0,36.6,9.0,0
12.0,1.0,0.3333333333333333,3.0,203.0,5.0,3.0,8.0,1.0,67.66666666666667,9.0,0
1.0,0.0,0.0,3.0,228.0,5.0,5.0,8.0,3.0,28.5,17.0,1
11.0,0.0,0.0,8.0,164.0,4.0,4.0,8.0,1.0,18.22222222222222,17.0,0
14.0,1.0,0.2,4.0,204.0,4.0,1.0,7.0,1.0,40.8,23.0,0
18.0,1.0,0.3333333333333333,3.0,182.0,4.0,1.0,7.0,2.0,60.666666666666664,7.0,0
22.0,0.0,0.0,3.0,277.0,5.0,1.0,8.0,1.0,69.25,11.0,0
1.0,1.0,0.25,3.0,179.0,6.0,1.0,9.0,3.0,44.75,22.0,1
1.0,1.0,0.3333333333333333,4.0,163.0,4.0,1.0,7.0,1.0,54.333333333333336,9.0,0
1.0,0.0,0.0,3.0,160.0,2.0,3.0,5.0,1.0,53.333333333333336,15.0,0
1.0,0.0,0.0,3.0,151.0,4.0,1.0,7.0,1.0,50.333333333333336,9.0,0
4.0,1.0,0.3333333333333333,4.0,147.0,4.0,5.0,8.0,1.0,49.0,14.0,1
3.0,0.0,0.0,5.0,184.0,5.0,3.0,8.0,3.0,61.333333333333336,17.0,0
10.0,0.0,0.0,3.0,205.0,4.0,5.0,7.0,1.0,68.33333333333333,12.0,0
1.0,0.0,0.0,8.0,177.0,2.0,3.0,6.0,1.0,59.0,9.0,0
13.0,0.0,0.0,1.0,178.0,4.0,4.0,8.0,1.0,59.333333333333336,19.0,0
23.0,0.0,0.0,3.0,289.0,4.0,4.0,8.0,1.0,96.33333333333333,29.0,0
24.0,0.0,0.0,12.0,258.0,5.0,5.0,8.0,1.0,86.0,24.0,0
1.0,0.0,0.0,3.0,153.0,4.0,3.0,7.0,3.0,38.25,9.0,0
8.0,0.0,0.0,10.0,179.0,4.0,4.0,8.0,1.0,19.88888888888889,10.0,0
10.0,0.0,0.0,4.0,145.0,4.0,4.0,8.0,1.0,48.333333333333336,14.0,0
23.0,1.0,0.25,13.0,265.0,5.0,3.0,8.0,1.0,66.25,13.0,0
10.0,0.0,0.0,3.0,169.0,5.0,3.0,8.0,1.0,56.333333333333336,7.0,0
10.0,0.0,0.0,5.0,193.0,2.0,5.0,6.0,1.0,64.33333333333333,10.0,0
28.0,0.0,0.0,8.0,299.0,4.0,3.0,8.0,1.0,49.833333333333336,29.0,0
17.0,0.0,0.0,12.0,301.0,5.0,3.0,9.0,1.0,37.625,22.0,0
1.0,1.0,0.125,8.0,171.0,4.0,1.0,7.0,3.0,21.375,19.0,1
12.0,0.0,0.0,10.0,172.0,4.0,1.0,7.0,1.0,43.0,7.0,0
3.0,1.0,0.3333333333333333,10.0,167.0,5.0,4.0,8.0,3.0,55.666666666666664,12.0,0
7.0,0.0,0.0,5.0,180.0,4.0,1.0,8.0,3.0,60.0,9.0,0
6.0,0.0,0.0,7.0,180.0,4.0,4.0,7.0,1.0,60.0,9.0,0
5.0,0.0,0.0,3.0,180.0,4.0,1.0,8.0,3.0,60.0,12.0,0
23.0,1.0,0.25,3.0,151.0,4.0,5.0,8.0,1.0,37.75,23.0,0
12.0,0.0,0.0,4.0,149.0,5.0,4.0,8.0,1.0,29.8,9.0,0
21.0,0.0,0.0,3.0,285.0,2.0,4.0,5.0,3.0,95.0,9.0,0
23.0,0.0,0.0,1.0,279.0,4.0,3.0,7.0,1.0,93.0,7.0,0
15.0,1.0,0.3333333333333333,3.0,196.0,4.0,3.0,8.0,3.0,65.33333333333333,30.0,0
1.0,0.0,0.0,3.0,152.0,4.0,5.0,7.0,3.0,50.666666666666664,16.0,0
7.0,1.0,0.3333333333333333,3.0,179.0,4.0,1.0,7.0,3.0,59.666666666666664,23.0,0
10.0,0.0,0.0,3.0,178.0,4.0,3.0,8.0,1.0,59.333333333333336,33.0,0
18.0,1.0,0.25,3.0,157.0,4.0,1.0,7.0,2.0,39.25,7.0,0
1.0,1.0,0.3333333333333333,3.0,165.0,5.0,3.0,9.0,1.0,55.0,15.0,1
12.0,0.0,0.0,1.0,158.0,4.0,3.0,7.0,1.0,52.666666666666664,11.0,0
27.0,0.0,0.0,3.0,195.0,2.0,1.0,5.0,1.0,65.0,31.0,0
12.0,1.0,0.1111111111111111,8.0,152.0,4.0,3.0,8.0,3.0,16.88888888888889,14.0,1
1.0,0.0,0.0,1.0,139.0,4.0,4.0,8.0,1.0,46.333333333333336,9.0,1
1.0,0.0,0.0,8.0,151.0,4.0,1.0,8.0,1.0,21.571428571428573,14.0,0
29.0,0.0,0.0,3.0,160.0,5.0,4.0,9.0,1.0,53.333333333333336,29.0,0
8.0,0.0,0.0,14.0,165.0,5.0,1.0,8.0,1.0,27.5,12.0,0
31.0,0.0,0.0,1.0,234.0,6.0,1.0,10.0,1.0,78.0,7.0,0
7.0,0.0,0.0,14.0,145.0,2.0,4.0,6.0,1.0,36.25,28.0,0
11.0,0.0,0.0,3.0,220.0,6.0,1.0,9.0,3.0,73.33333333333333,7.0,0
8.0,0.0,0.0,8.0,154.0,5.0,1.0,8.0,1.0,15.4,26.0,0
1.0,1.0,0.3333333333333333,3.0,148.0,4.0,1.0,7.0,3.0,49.333333333333336,14.0,1
18.0,1.0,0.125,8.0,204.0,2.0,1.0,6.0,1.0,25.5,9.0,0
9.0,1.0,0.3333333333333333,5.0,174.0,5.0,1.0,9.0,1.0,58.0,9.0,0
17.0,1.0,0.1,9.0,203.0,4.0,1.0,8.0,3.0,20.3,9.0,0
1.0,0.0,0.0,5.0,169.0,2.0,3.0,6.0,1.0,56.333333333333336,16.0,0
15.0,0.0,0.0,3.0,217.0,4.0,3.0,7.0,3.0,21.7,13.0,0
3.0,0.0,0.0,3.0,155.0,4.0,3.0,7.0,1.0,51.666666666666664,16.0,0
10.0,0.0,0.0,8.0,170.0,4.0,1.0,7.0,3.0,21.25,9.0,0
19.0,0.0,0.0,5.0,232.0,5.0,3.0,9.0,1.0,77.33333333333333,7.0,0
1.0,0.0,0.0,1.0,141.0,6.0,3.0,9.0,2.0,47.0,29.0,1
11.0,0.0,0.0,11.0,254.0,6.0,3.0,9.0,3.0,84.66666666666667,16.0,1
1.0,0.0,0.0,3.0,148.0,6.0,3.0,10.0,1.0,49.333333333333336,24.0,0
19.0,0.0,0.0,7.0,292.0,5.0,4.0,8.0,1.0,29.2,35.0,0
6.0,0.0,0.0,4.0,159.0,4.0,3.0,7.0,1.0,53.0,17.0,0
5.0,0.0,0.0,4.0,160.0,4.0,3.0,8.0,1.0,53.333333333333336,9.0,0
15.0,0.0,0.0,3.0,189.0,6.0,4.0,9.0,2.0,63.0,11.0,0
14.0,1.0,0.3333333333333333,1.0,190.0,4.0,5.0,8.0,1.0,63.333333333333336,15.0,0
1.0,0.0,0.0,3.0,164.0,4.0,5.0,8.0,1.0,54.666666666666664,36.0,0
20.0,0.0,0.0,10.0,181.0,4.0,4.0,7.0,1.0,60.333333333333336,20.0,0
9.0,0.0,0.0,8.0,194.0,4.0,3.0,7.0,1.0,64.66666666666667,34.0,0
4.0,0.0,0.0,9.0,154.0,4.0,1.0,7.0,1.0,51.333333333333336,23.0,0
21.0,0.0,0.0,1.0,175.0,4.0,4.0,7.0,3.0,58.333333333333336,9.0,0
20.0,1.0,0.3333333333333333,3.0,229.0,4.0,1.0,8.0,3.0,76.33333333333333,9.0,0
1.0,1.0,0.25,3.0,186.0,5.0,5.0,9.0,3.0,46.5,20.0,1
1.0,0.0,0.0,1.0,192.0,6.0,4.0,9.0,3.0,64.0,7.0,1
1.0,0.0,0.0,3.0,158.0,4.0,4.0,7.0,1.0,52.666666666666664,11.0,0
5.0,0.0,0.0,5.0,177.0,4.0,1.0,6.0,1.0,59.0,31.0,0
13.0,1.0,0.14285714285714285,9.0,190.0,4.0,1.0,8.0,1.0,27.142857142857142,7.0,0
6.0,0.0,0.0,3.0,221.0,6.0,3.0,10.0,3.0,73.66666666666667,26.0,0
14.0,0.0,0.0,9.0,323.0,4.0,4.0,7.0,3.0,23.071428571428573,14.0,0
19.0,0.0,0.0,3.0,223.0,6.0,3.0,9.0,2.0,74.33333333333333,11.0,0
4.0,0.0,0.0,8.0,175.0,5.0,5.0,9.0,1.0,58.333333333333336,9.0,0
1.0,0.0,0.0,2.0,146.0,4.0,1.0,7.0,2.0,36.5,17.0,0
1.0,0.0,0.0,3.0,147.0,5.0,1.0,9.0,2.0,49.0,15.0,1
5.0,0.0,0.0,3.0,208.0,4.0,3.0,7.0,3.0,69.33333333333333,12.0,0
1.0,0.0,0.0,5.0,159.0,4.0,1.0,8.0,1.0,53.0,15.0,0
1.0,0.0,0.0,3.0,153.0,6.0,4.0,9.0,3.0,38.25,16.0,1
3.0,1.0,0.3333333333333333,3.0,188.0,2.0,3.0,6.0,1.0,62.666666666666664,7.0,0
4.0,0.0,0.0,8.0,196.0,5.0,5.0,9.0,3.0,65.33333333333333,22.0,0
8.0,1.0,0.3333333333333333,3.0,154.0,2.0,1.0,6.0,1.0,51.333333333333336,9.0,0
7.0,0.0,0.0,8.0,176.0,4.0,4.0,8.0,3.0,58.666666666666664,9.0,0
23.0,0.0,0.0,5.0,170.0,4.0,1.0,8.0,3.0,56.666666666666664,18.0,0
1.0,1.0,0.3333333333333333,3.0,211.0,4.0,5.0,8.0,3.0,70.33333333333333,23.0,1
12.0,0.0,0.0,6.0,150.0,5.0,4.0,9.0,1.0,50.0,9.0,0
1.0,0.0,0.0,1.0,207.0,4.0,3.0,8.0,3.0,69.0,23.0,1
3.0,0.0,0.0,1.0,146.0,5.0,5.0,9.0,1.0,48.666666666666664,11.0,0
1.0,0.0,0.0,8.0,178.0,2.0,3.0,5.0,1.0,59.333333333333336,23.0,0
6.0,0.0,0.0,8.0,152.0,4.0,4.0,8.0,1.0,50.666666666666664,12.0,0
12.0,1.0,0.3333333333333333,1.0,183.0,6.0,1.0,9.0,1.0,61.0,25.0,0
7.0,1.0,0.3333333333333333,1.0,149.0,5.0,3.0,8.0,1.0,49.666666666666664,24.0,1
16.0,0.0,0.0,5.0,153.0,4.0,4.0,7.0,1.0,51.0,19.0,0
29.0,0.0,0.0,1.0,315.0,5.0,5.0,8.0,1.0,105.0,9.0,0
7.0,0.0,0.0,8.0,156.0,4.0,4.0,7.0,1.0,52.0,11.0,0
15.0,0.0,0.0,5.0,148.0,4.0,5.0,8.0,1.0,49.333333333333336,16.0,0
8.0,1.0,0.3333333333333333,8.0,165.0,4.0,3.0,7.0,3.0,55.0,17.0,0
27.0,1.0,0.3333333333333333,3.0,255.0,5.0,3.0,8.0,1.0,85.0,7.0,0
17.0,0.0,0.0,9.0,160.0,4.0,1.0,8.0,2.0,53.333333333333336,9.0,0
8.0,0.0,0.0,3.0,185.0,6.0,1.0,9.0,3.0,46.25,10.0,0
1.0,0.0,0.0,1.0,152.0,4.0,4.0,7.0,3.0,50.666666666666664,14.0,1
12.0,0.0,0.0,5.0,162.0,5.0,3.0,8.0,1.0,54.0,13.0,0
1.0,1.0,0.3333333333333333,1.0,149.0,4.0,5.0,8.0,1.0,49.666666666666664,15.0,1
5.0,0.0,0.0,8.0,180.0,5.0,1.0,9.0,3.0,25.714285714285715,36.0,0
25.0,0.0,0.0,3.0,256.0,4.0,3.0,7.0,1.0,85.33333333333333,10.0,0
11.0,0.0,0.0,4.0,167.0,5.0,4.0,8.0,3.0,55.666666666666664,16.0,0
20.0,1.0,0.25,3.0,318.0,4.0,1.0,7.0,1.0,79.5,9.0,0
10.0,1.0,0.14285714285714285,8.0,208.0,4.0,5.0,7.0,1.0,29.714285714285715,17.0,0
8.0,1.0,0.25,4.0,148.0,4.0,4.0,7.0,1.0,37.0,7.0,1
11.0,0.0,0.0,8.0,166.0,4.0,4.0,7.0,2.0,27.666666666666668,15.0,0
1.0,1.0,0.1111111111111111,8.0,183.0,4.0,1.0,7.0,3.0,20.333333333333332,34.0,1
7.0,0.0,0.0,7.0,156.0,2.0,5.0,5.0,1.0,17.333333333333332,15.0,0
2.0,0.0,0.0,4.0,145.0,4.0,1.0,7.0,1.0,48.333333333333336,7.0,0
13.0,0.0,0.0,3.0,260.0,4.0,3.0,8.0,1.0,86.66666666666667,17.0,0
20.0,0.0,0.0,3.0,205.0,5.0,4.0,9.0,3.0,51.25,33.0,0
14.0,0.0,0.0,3.0,159.0,4.0,5.0,7.0,1.0,53.0,9.0,0
16.0,0.0,0.0,1.0,180.0,2.0,5.0,6.0,1.0,60.0,20.0,0
9.0,0.0,0.0,8.0,183.0,4.0,1.0,7.0,1.0,61.0,9.0,0
12.0,0.0,0.0,9.0,151.0,4.0,4.0,8.0,2.0,30.2,9.0,0
1.0,0.0,0.0,8.0,178.0,4.0,5.0,8.0,1.0,59.333333333333336,16.0,1
1.0,0.0,0.0,9.0,167.0,4.0,5.0,7.0,1.0,55.666666666666664,17.0,1
13.0,0.0,0.0,3.0,166.0,4.0,1.0,7.0,3.0,41.5,27.0,0
17.0,0.0,0.0,3.0,149.0,4.0,3.0,7.0,1.0,49.666666666666664,16.0,0
15.0,0.0,0.0,3.0,194.0,2.0,4.0,5.0,1.0,64.66666666666667,12.0,0
15.0,1.0,0.06666666666666667,3.0,229.0,4.0,3.0,7.0,3.0,15.266666666666667,11.0,0
4.0,0.0,0.0,3.0,222.0,4.0,3.0,8.0,1.0,74.0,17.0,0
1.0,1.0,0.3333333333333333,5.0,146.0,4.0,4.0,8.0,2.0,48.666666666666664,27.0,1
10.0,0.0,0.0,3.0,214.0,4.0,4.0,8.0,1.0,42.8,28.0,1
14.0,0.0,0.0,4.0,190.0,4.0,1.0,7.0,1.0,63.333333333333336,7.0,0
8.0,0.0,0.0,9.0,193.0,2.0,3.0,6.0,3.0,32.166666666666664,15.0,0
31.0,0.0,0.0,15.0,25.0,4.0,4.0,7.0,3.0,1.5625,9.0,0
9.0,0.0,0.0,4.0,152.0,6.0,3.0,10.0,1.0,50.666666666666664,30.0,0
21.0,1.0,0.0625,3.0,228.0,5.0,4.0,9.0,1.0,14.25,11.0,0
14.0,0.0,0.0,8.0,169.0,4.0,5.0,7.0,1.0,18.77777777777778,19.0,0
28.0,0.0,0.0,8.0,194.0,4.0,1.0,8.0,1.0,64.66666666666667,14.0,0
5.0,0.0,0.0,3.0,221.0,4.0,5.0,8.0,3.0,55.25,14.0,0
2.0,0.0,0.0,3.0,161.0,4.0,5.0,8.0,1.0,53.666666666666664,7.0,0
12.0,1.0,0.3333333333333333,4.0,179.0,6.0,1.0,10.0,3.0,59.666666666666664,9.0,0
1.0,0.0,0.0,3.0,172.0,4.0,1.0,7.0,3.0,57.333333333333336,17.0,0
31.0,1.0,0.25,3.0,283.0,4.0,3.0,7.0,1.0,70.75,22.0,0
1.0,0.0,0.0,1.0,140.0,4.0,3.0,7.0,1.0,46.666666666666664,21.0,0
1.0,0.0,0.0,1.0,155.0,2.0,5.0,5.0,2.0,51.666666666666664,25.0,1
1.0,1.0,0.25,1.0,148.0,5.0,5.0,8.0,2.0,37.0,20.0,1
19.0,0.0,0.0,8.0,177.0,4.0,3.0,8.0,3.0,25.285714285714285,9.0,0
10.0,1.0,0.3333333333333333,1.0,195.0,4.0,4.0,8.0,1.0,65.0,9.0,0
17.0,0.0,0.0,8.0,182.0,4.0,1.0,8.0,3.0,20.22222222222222,9.0,0
1.0,1.0,0.3333333333333333,3.0,149.0,4.0,1.0,7.0,1.0,49.666666666666664,12.0,0
3.0,0.0,0.0,11.0,163.0,4.0,1.0,7.0,1.0,32.6,27.0,0
6.0,0.0,0.0,1.0,171.0,4.0,1.0,8.0,3.0,57.0,17.0,0
16.0,0.0,0.0,4.0,154.0,4.0,3.0,7.0,1.0,30.8,17.0,0
21.0,0.0,0.0,1.0,146.0,4.0,3.0,8.0,1.0,36.5,16.0,0
20.0,0.0,0.0,3.0,211.0,4.0,1.0,7.0,1.0,35.166666666666664,9.0,0
2.0,0.0,0.0,3.0,152.0,4.0,1.0,7.0,2.0,38.0,7.0,0
3.0,0.0,0.0,7.0,189.0,6.0,3.0,10.0,1.0,63.0,36.0,0
16.0,0.0,0.0,1.0,165.0,4.0,3.0,7.0,1.0,55.0,15.0,0
1.0,1.0,0.25,3.0,224.0,5.0,4.0,8.0,3.0,56.0,9.0,1
20.0,0.0,0.0,9.0,257.0,2.0,5.0,5.0,3.0,85.66666666666667,10.0,0
1.0,0.0,0.0,9.0,160.0,5.0,3.0,8.0,3.0,22.857142857142858,30.0,0
3.0,0.0,0.0,1.0,153.0,5.0,4.0,8.0,2.0,51.0,13.0,0
17.0,0.0,0.0,15.0,319.0,5.0,3.0,8.0,1.0,39.875,13.0,0
22.0,0.0,0.0,10.0,322.0,5.0,4.0,9.0,1.0,23.0,17.0,0
1.0,1.0,0.3333333333333333,1.0,149.0,5.0,1.0,9.0,1.0,49.666666666666664,31.0,1
10.0,0.0,0.0,8.0,198.0,4.0,4.0,8.0,3.0,66.0,17.0,1
1.0,0.0,0.0,4.0,173.0,5.0,5.0,9.0,1.0,19.22222222222222,22.0,0
13.0,0.0,0.0,3.0,164.0,4.0,1.0,7.0,1.0,41.0,26.0,0
29.0,0.0,0.0,5.0,152.0,5.0,1.0,9.0,1.0,50.666666666666664,9.0,0
2.0,0.0,0.0,1.0,154.0,4.0,4.0,8.0,3.0,51.333333333333336,10.0,0
1.0,0.0,0.0,1.0,136.0,4.0,1.0,7.0,3.0,45.333333333333336,16.0,1
1.0,1.0,0.3333333333333333,1.0,150.0,4.0,4.0,8.0,1.0,50.0,14.0,1
10.0,1.0,0.3333333333333333,8.0,182.0,5.0,3.0,9.0,3.0,60.666666666666664,17.0,0
5.0,0.0,0.0,3.0,167.0,4.0,3.0,7.0,1.0,55.666666666666664,27.0,0
8.0,1.0,0.3333333333333333,3.0,222.0,4.0,1.0,8.0,3.0,74.0,11.0,0
3.0,0.0,0.0,3.0,146.0,4.0,5.0,7.0,1.0,48.666666666666664,14.0,0
11.0,1.0,0.3333333333333333,5.0,168.0,4.0,5.0,8.0,1.0,56.0,14.0,0
9.0,1.0,0.3333333333333333,3.0,173.0,5.0,4.0,8.0,1.0,57.666666666666664,23.0,0
19.0,0.0,0.0,9.0,184.0,5.0,1.0,9.0,1.0,36.8,32.0,0
10.0,0.0,0.0,9.0,164.0,5.0,1.0,9.0,2.0,54.666666666666664,9.0,0
14.0,0.0,0.0,17.0,293.0,4.0,5.0,8.0,1.0,22.53846153846154,7.0,0
1.0,1.0,0.3333333333333333,1.0,154.0,5.0,3.0,8.0,1.0,51.333333333333336,7.0,0
1.0,0.0,0.0,8.0,190.0,2.0,3.0,5.0,3.0,63.333333333333336,9.0,0
22.0,0.0,0.0,8.0,297.0,4.0,1.0,7.0,1.0,49.5,29.0,0
18.0,0.0,0.0,3.0,175.0,2.0,5.0,6.0,1.0,43.75,7.0,0
1.0,1.0,0.2,1.0,148.0,6.0,5.0,9.0,1.0,29.6,23.0,1
20.0,0.0,0.0,1.0,151.0,4.0,1.0,8.0,1.0,50.333333333333336,31.0,1
10.0,0.0,0.0,4.0,180.0,5.0,4.0,8.0,3.0,60.0,24.0,0
15.0,0.0,0.0,5.0,169.0,4.0,4.0,7.0,3.0,56.333333333333336,15.0,0
16.0,0.0,0.0,8.0,258.0,4.0,5.0,7.0,1.0,86.0,13.0,0
5.0,1.0,0.3333333333333333,5.0,191.0,4.0,1.0,7.0,3.0,63.666666666666664,17.0,0
8.0,1.0,0.3333333333333333,2.0,206.0,5.0,1.0,9.0,3.0,68.66666666666667,10.0,0
5.0,0.0,0.0,3.0,165.0,2.0,3.0,6.0,1.0,41.25,11.0,0
1.0,0.0,0.0,8.0,150.0,2.0,1.0,6.0,1.0,16.666666666666668,13.0,0
19.0,0.0,0.0,4.0,179.0,4.0,3.0,7.0,1.0,59.666666666666664,7.0,0
7.0,0.0,0.0,10.0,180.0,4.0,3.0,7.0,3.0,60.0,17.0,0
2.0,1.0,0.3333333333333333,8.0,193.0,5.0,1.0,8.0,3.0,64.33333333333333,7.0,0
1.0,0.0,0.0,1.0,136.0,2.0,5.0,5.0,3.0,45.333333333333336,31.0,1
13.0,0.0,0.0,3.0,182.0,6.0,3.0,9.0,3.0,60.666666666666664,28.0,0
1.0,0.0,0.0,3.0,147.0,4.0,4.0,7.0,1.0,49.0,9.0,0
8.0,1.0,0.125,12.0,182.0,5.0,1.0,8.0,1.0,22.75,29.0,0
1.0,1.0,0.25,3.0,224.0,4.0,3.0,7.0,3.0,56.0,20.0,1
21.0,0.0,0.0,8.0,180.0,4.0,4.0,8.0,1.0,60.0,21.0,0
30.0,0.0,0.0,1.0,179.0,5.0,5.0,8.0,3.0,59.666666666666664,18.0,0
13.0,0.0,0.0,10.0,177.0,4.0,5.0,7.0,1.0,19.666666666666668,16.0,0
12.0,1.0,0.3333333333333333,8.0,146.0,5.0,4.0,8.0,1.0,48.666666666666664,15.0,0
31.0,1.0,0.3333333333333333,1.0,304.0,4.0,1.0,8.0,3.0,101.33333333333333,28.0,0
1.0,1.0,0.3333333333333333,4.0,149.0,2.0,3.0,5.0,1.0,49.666666666666664,12.0,1
12.0,0.0,0.0,4.0,173.0,4.0,1.0,8.0,1.0,57.666666666666664,16.0,0
23.0,0.0,0.0,4.0,317.0,4.0,1.0,7.0,1.0,52.833333333333336,9.0,0
16.0,1.0,0.3333333333333333,1.0,176.0,4.0,1.0,8.0,3.0,58.666666666666664,19.0,0
1.0,0.0,0.0,1.0,154.0,5.0,4.0,8.0,2.0,51.333333333333336,29.0,1
9.0,0.0,0.0,5.0,25.0,4.0,5.0,8.0,3.0,8.333333333333334,25.0,0
2.0,0.0,0.0,5.0,146.0,4.0,3.0,7.0,1.0,48.666666666666664,23.0,0
5.0,1.0,0.25,4.0,156.0,4.0,5.0,7.0,1.0,39.0,10.0,0
10.0,0.0,0.0,3.0,153.0,2.0,4.0,6.0,1.0,51.0,16.0,0
8.0,0.0,0.0,3.0,224.0,4.0,1.0,7.0,3.0,56.0,7.0,0
8.0,0.0,0.0,3.0,211.0,4.0,3.0,7.0,3.0,70.33333333333333,20.0,0
1.0,0.0,0.0,7.0,154.0,4.0,5.0,8.0,1.0,17.11111111111111,7.0,0
3.0,0.0,0.0,3.0,179.0,4.0,5.0,7.0,1.0,59.666666666666664,7.0,0
6.0,0.0,0.0,3.0,192.0,4.0,1.0,7.0,1.0,64.0,22.0,0
5.0,0.0,0.0,8.0,175.0,6.0,5.0,9.0,1.0,17.5,7.0,0
1.0,0.0,0.0,4.0,149.0,5.0,1.0,8.0,1.0,49.666666666666664,24.0,1
12.0,0.0,0.0,1.0,154.0,5.0,5.0,8.0,3.0,51.333333333333336,7.0,0
9.0,1.0,0.3333333333333333,10.0,177.0,4.0,1.0,7.0,3.0,59.0,14.0,0
1.0,0.0,0.0,8.0,166.0,4.0,1.0,7.0,3.0,55.333333333333336,16.0,0
6.0,0.0,0.0,3.0,222.0,5.0,1.0,8.0,1.0,74.0,12.0,0
1.0,1.0,0.3333333333333333,9.0,181.0,4.0,1.0,8.0,3.0,60.333333333333336,33.0,1
17.0,1.0,0.25,3.0,229.0,4.0,5.0,8.0,3.0,57.25,31.0,1
28.0,0.0,0.0,4.0,154.0,4.0,3.0,8.0,1.0,38.5,16.0,0
7.0,0.0,0.0,9.0,185.0,4.0,3.0,7.0,1.0,46.25,14.0,0
17.0,0.0,0.0,10.0,200.0,4.0,3.0,6.0,1.0,66.66666666666667,18.0,0
12.0,1.0,0.3333333333333333,3.0,155.0,4.0,4.0,7.0,2.0,51.666666666666664,7.0,0
29.0,1.0,0.3333333333333333,5.0,321.0,2.0,4.0,6.0,2.0,107.0,33.0,0
5.0,1.0,0.3333333333333333,1.0,136.0,6.0,1.0,9.0,1.0,45.333333333333336,9.0,0
13.0,0.0,0.0,11.0,258.0,4.0,5.0,8.0,3.0,86.0,22.0,0
16.0,0.0,0.0,8.0,168.0,5.0,3.0,8.0,1.0,33.6,30.0,0
5.0,0.0,0.0,9.0,235.0,4.0,3.0,7.0,1.0,78.33333333333333,17.0,0
28.0,1.0,0.3333333333333333,5.0,169.0,4.0,5.0,8.0,1.0,56.333333333333336,17.0,0
1.0,0.0,0.0,3.0,171.0,5.0,3.0,8.0,1.0,57.0,7.0,0
1.0,0.0,0.0,5.0,151.0,4.0,1.0,8.0,1.0,50.333333333333336,19.0,0
14.0,0.0,0.0,5.0,188.0,4.0,3.0,8.0,1.0,17.09090909090909,18.0,0
14.0,0.0,0.0,11.0,182.0,4.0,4.0,8.0,3.0,26.0,9.0,0
1.0,0.0,0.0,3.0,147.0,4.0,4.0,7.0,2.0,49.0,9.0,0
4.0,0.0,0.0,8.0,162.0,4.0,4.0,8.0,1.0,54.0,7.0,0
1.0,1.0,0.3333333333333333,3.0,165.0,4.0,3.0,7.0,1.0,55.0,9.0,0
21.0,0.0,0.0,3.0,211.0,4.0,3.0,7.0,1.0,15.071428571428571,32.0,0
7.0,0.0,0.0,1.0,145.0,5.0,3.0,8.0,1.0,48.333333333333336,7.0,0
12.0,0.0,0.0,9.0,169.0,4.0,4.0,7.0,3.0,24.142857142857142,7.0,0
5.0,0.0,0.0,3.0,156.0,4.0,3.0,7.0,3.0,52.0,9.0,0
12.0,0.0,0.0,8.0,178.0,5.0,3.0,9.0,1.0,19.77777777777778,13.0,0
16.0,1.0,0.3333333333333333,3.0,179.0,4.0,5.0,7.0,1.0,59.666666666666664,25.0,0
15.0,0.0,0.0,1.0,153.0,4.0,1.0,8.0,1.0,51.0,7.0,0
21.0,0.0,0.0,13.0,245.0,4.0,4.0,8.0,1.0,81.66666666666667,7.0,0
9.0,1.0,0.25,3.0,152.0,4.0,3.0,7.0,1.0,38.0,18.0,0
1.0,0.0,0.0,3.0,159.0,4.0,3.0,8.0,1.0,53.0,7.0,0
9.0,0.0,0.0,9.0,176.0,4.0,3.0,7.0,1.0,58.666666666666664,16.0,0
7.0,1.0,0.1,2.0,37.0,4.0,1.0,8.0,1.0,3.7,22.0,0
6.0,0.0,0.0,2.0,153.0,5.0,4.0,8.0,1.0,25.5,36.0,0
14.0,0.0,0.0,1.0,149.0,4.0,1.0,7.0,1.0,49.666666666666664,7.0,0
6.0,0.0,0.0,3.0,148.0,5.0,4.0,9.0,3.0,37.0,7.0,0
13.0,0.0,0.0,8.0,166.0,4.0,1.0,7.0,1.0,55.333333333333336,31.0,0
12.0,0.0,0.0,12.0,257.0,6.0,3.0,9.0,1.0,85.66666666666667,17.0,0
6.0,0.0,0.0,3.0,229.0,4.0,1.0,7.0,3.0,32.714285714285715,7.0,0
11.0,1.0,0.125,9.0,262.0,2.0,1.0,5.0,1.0,32.75,17.0,0
1.0,1.0,0.3333333333333333,5.0,174.0,4.0,3.0,7.0,3.0,58.0,15.0,0
26.0,0.0,0.0,1.0,160.0,4.0,1.0,7.0,3.0,53.333333333333336,127.0,0
18.0,1.0,0.3333333333333333,3.0,149.0,4.0,1.0,7.0,1.0,49.666666666666664,7.0,0
1.0,1.0,0.3333333333333333,3.0,149.0,4.0,5.0,7.0,3.0,49.666666666666664,12.0,0
13.0,0.0,0.0,4.0,319.0,4.0,1.0,7.0,1.0,106.33333333333333,16.0,0
1.0,0.0,0.0,1.0,143.0,4.0,5.0,7.0,3.0,47.666666666666664,16.0,1
10.0,0.0,0.0,5.0,201.0,5.0,1.0,9.0,3.0,40.2,10.0,0
10.0,0.0,0.0,3.0,176.0,4.0,4.0,8.0,1.0,58.666666666666664,11.0,0
30.0,0.0,0.0,10.0,188.0,4.0,3.0,7.0,1.0,62.666666666666664,7.0,0
1.0,1.0,0.25,3.0,173.0,4.0,1.0,7.0,1.0,43.25,7.0,1
16.0,0.0,0.0,15.0,314.0,4.0,3.0,7.0,1.0,52.333333333333336,9.0,0
20.0,0.0,0.0,9.0,148.0,4.0,3.0,8.0,1.0,13.454545454545455,14.0,1
15.0,0.0,0.0,11.0,261.0,5.0,4.0,8.0,1.0,87.0,35.0,0
8.0,0.0,0.0,8.0,192.0,5.0,3.0,9.0,3.0,64.0,35.0,0
10.0,0.0,0.0,12.0,179.0,6.0,1.0,9.0,3.0,13.76923076923077,22.0,0
15.0,0.0,0.0,3.0,214.0,5.0,4.0,8.0,3.0,71.33333333333333,10.0,0
6.0,0.0,0.0,3.0,149.0,4.0,5.0,8.0,1.0,49.666666666666664,9.0,0
9.0,1.0,0.3333333333333333,3.0,213.0,4.0,1.0,7.0,2.0,71.0,33.0,0
12.0,0.0,0.0,10.0,178.0,4.0,1.0,8.0,3.0,59.333333333333336,17.0,0
14.0,0.0,0.0,2.0,192.0,4.0,3.0,8.0,3.0,64.0,7.0,1
10.0,0.0,0.0,1.0,192.0,5.0,1.0,9.0,3.0,64.0,18.0,0
19.0,0.0,0.0,2.0,174.0,4.0,3.0,7.0,3.0,58.0,27.0,0
14.0,0.0,0.0,3.0,153.0,5.0,3.0,8.0,1.0,38.25,9.0,0
9.0,1.0,0.3333333333333333,3.0,182.0,4.0,3.0,8.0,1.0,60.666666666666664,25.0,0
14.0,0.0,0.0,3.0,145.0,4.0,3.0,8.0,1.0,48.333333333333336,9.0,0
9.0,0.0,0.0,2.0,155.0,6.0,1.0,10.0,1.0,51.666666666666664,7.0,0
3.0,1.0,0.3333333333333333,4.0,165.0,5.0,4.0,8.0,1.0,55.0,20.0,0
3.0,0.0,0.0,5.0,163.0,5.0,5.0,9.0,1.0,54.333333333333336,35.0,0
14.0,1.0,0.3333333333333333,1.0,234.0,5.0,5.0,8.0,3.0,78.0,35.0,1
13.0,0.0,0.0,7.0,245.0,5.0,1.0,8.0,3.0,81.66666666666667,31.0,0
5.0,0.0,0.0,3.0,224.0,4.0,5.0,8.0,1.0,74.66666666666667,12.0,0
1.0,0.0,0.0,1.0,155.0,5.0,3.0,7.0,3.0,51.666666666666664,12.0,0
10.0,0.0,0.0,4.0,151.0,2.0,1.0,5.0,1.0,50.333333333333336,30.0,0
13.0,0.0,0.0,3.0,225.0,5.0,5.0,8.0,1.0,75.0,13.0,0
1.0,1.0,0.3333333333333333,4.0,186.0,2.0,4.0,5.0,1.0,62.0,11.0,0
23.0,0.0,0.0,9.0,179.0,5.0,4.0,9.0,3.0,59.666666666666664,9.0,0
8.0,0.0,0.0,3.0,169.0,2.0,3.0,5.0,1.0,56.333333333333336,15.0,0
5.0,1.0,0.3333333333333333,6.0,185.0,4.0,1.0,8.0,3.0,61.666666666666664,7.0,1
23.0,0.0,0.0,8.0,176.0,5.0,4.0,9.0,1.0,58.666666666666664,15.0,0
1.0,1.0,0.3333333333333333,1.0,146.0,5.0,3.0,9.0,1.0,48.666666666666664,9.0,1
7.0,1.0,0.2,1.0,154.0,4.0,3.0,7.0,1.0,30.8,10.0,0
1.0,0.0,0.0,3.0,160.0,4.0,4.0,7.0,1.0,40.0,9.0,0
6.0,0.0,0.0,7.0,156.0,4.0,1.0,8.0,1.0,31.2,9.0,0
31.0,1.0,0.3333333333333333,1.0,152.0,2.0,5.0,5.0,1.0,50.666666666666664,10.0,0
4.0,0.0,0.0,1.0,152.0,4.0,3.0,8.0,1.0,50.666666666666664,31.0,0
12.0,0.0,0.0,3.0,220.0,5.0,3.0,8.0,1.0,73.33333333333333,30.0,0
10.0,0.0,0.0,8.0,177.0,4.0,3.0,8.0,1.0,19.666666666666668,34.0,0
9.0,0.0,0.0,4.0,149.0,2.0,4.0,5.0,1.0,49.666666666666664,23.0,0
3.0,1.0,0.3333333333333333,9.0,167.0,5.0,3.0,8.0,1.0,55.666666666666664,22.0,0
5.0,0.0,0.0,4.0,154.0,4.0,3.0,7.0,1.0,25.666666666666668,33.0,0
8.0,0.0,0.0,3.0,152.0,4.0,1.0,8.0,1.0,50.666666666666664,26.0,0
1.0,1.0,0.3333333333333333,4.0,145.0,5.0,3.0,8.0,1.0,48.333333333333336,31.0,1
3.0,0.0,0.0,3.0,225.0,2.0,5.0,5.0,1.0,22.5,28.0,0
6.0,1.0,0.3333333333333333,6.0,158.0,2.0,4.0,6.0,1.0,52.666666666666664,12.0,0
1.0,1.0,0.3333333333333333,1.0,154.0,2.0,1.0,6.0,1.0,51.333333333333336,23.0,0
27.0,0.0,0.0,8.0,279.0,5.0,1.0,9.0,3.0,55.8,9.0,0
12.0,1.0,0.3333333333333333,3.0,164.0,4.0,1.0,7.0,1.0,54.666666666666664,9.0,0
1.0,0.0,0.0,4.0,165.0,2.0,3.0,6.0,1.0,55.0,18.0,0
1.0,0.0,0.0,4.0,159.0,5.0,5.0,8.0,3.0,53.0,16.0,1
8.0,0.0,0.0,12.0,245.0,4.0,4.0,7.0,1.0,81.66666666666667,14.0,0
1.0,0.0,0.0,1.0,137.0,4.0,1.0,8.0,1.0,45.666666666666664,22.0,0
1.0,0.0,0.0,4.0,155.0,4.0,5.0,7.0,1.0,51.666666666666664,13.0,1
27.0,0.0,0.0,9.0,316.0,4.0,3.0,7.0,1.0,52.666666666666664,12.0,0
1.0,1.0,0.125,8.0,164.0,6.0,5.0,10.0,1.0,20.5,23.0,1
16.0,0.0,0.0,3.0,193.0,4.0,4.0,7.0,3.0,32.166666666666664,15.0,0
18.0,0.0,0.0,3.0,227.0,5.0,1.0,8.0,1.0,32.42857142857143,14.0,0
20.0,0.0,0.0,2.0,314.0,4.0,5.0,7.0,3.0,78.5,9.0,0
7.0,0.0,0.0,1.0,150.0,4.0,1.0,8.0,1.0,50.0,9.0,0
18.0,1.0,0.3333333333333333,4.0,190.0,4.0,1.0,7.0,1.0,63.333333333333336,17.0,0
4.0,0.0,0.0,9.0,147.0,5.0,3.0,8.0,1.0,49.0,16.0,0
3.0,0.0,0.0,1.0,146.0,4.0,1.0,7.0,3.0,48.666666666666664,12.0,1
1.0,1.0,0.25,1.0,148.0,4.0,1.0,8.0,1.0,37.0,7.0,1
17.0,0.0,0.0,5.0,151.0,2.0,3.0,6.0,1.0,50.333333333333336,9.0,0
14.0,1.0,0.3333333333333333,3.0,152.0,5.0,3.0,8.0,3.0,50.666666666666664,10.0,1
9.0,0.0,0.0,3.0,145.0,4.0,1.0,8.0,3.0,36.25,9.0,0
10.0,1.0,0.3333333333333333,1.0,159.0,5.0,5.0,8.0,1.0,53.0,12.0,0
7.0,0.0,0.0,4.0,179.0,2.0,5.0,5.0,3.0,59.666666666666664,7.0,0
9.0,0.0,0.0,1.0,145.0,4.0,1.0,8.0,1.0,48.333333333333336,11.0,0
1.0,0.0,0.0,1.0,148.0,4.0,5.0,7.0,1.0,49.333333333333336,9.0,0
1.0,0.0,0.0,2.0,148.0,6.0,3.0,9.0,1.0,49.333333333333336,32.0,1
1.0,0.0,0.0,3.0,212.0,4.0,3.0,7.0,3.0,70.66666666666667,15.0,0
4.0,0.0,0.0,8.0,165.0,4.0,1.0,7.0,1.0,33.0,7.0,0
5.0,0.0,0.0,9.0,320.0,4.0,3.0,7.0,1.0,18.823529411764707,19.0,1
8.0,0.0,0.0,8.0,171.0,4.0,3.0,8.0,3.0,17.1,30.0,0
11.0,0.0,0.0,1.0,155.0,4.0,4.0,8.0,1.0,51.666666666666664,26.0,0
20.0,1.0,0.3333333333333333,9.0,183.0,4.0,1.0,8.0,3.0,61.0,12.0,0
9.0,0.0,0.0,2.0,148.0,2.0,1.0,5.0,1.0,49.333333333333336,15.0,0
12.0,1.0,0.3333333333333333,1.0,179.0,5.0,3.0,9.0,1.0,59.666666666666664,7.0,1
1.0,1.0,0.25,3.0,159.0,4.0,3.0,7.0,1.0,39.75,12.0,1
18.0,1.0,0.3333333333333333,4.0,180.0,4.0,5.0,8.0,3.0,60.0,7.0,0
9.0,1.0,0.25,3.0,224.0,5.0,5.0,9.0,1.0,56.0,18.0,0
1.0,1.0,0.3333333333333333,1.0,167.0,5.0,1.0,8.0,3.0,55.666666666666664,30.0,0
7.0,1.0,0.3333333333333333,13.0,260.0,4.0,1.0,8.0,1.0,86.66666666666667,30.0,0
9.0,0.0,0.0,3.0,216.0,4.0,5.0,8.0,3.0,72.0,6.0,0
9.0,1.0,0.25,3.0,165.0,4.0,5.0,6.0,1.0,41.25,30.0,0
5.0,0.0,0.0,8.0,184.0,4.0,1.0,7.0,1.0,61.333333333333336,14.0,0
11.0,0.0,0.0,8.0,185.0,5.0,3.0,8.0,1.0,61.666666666666664,7.0,0
6.0,1.0,0.1111111111111111,9.0,187.0,4.0,1.0,7.0,1.0,20.77777777777778,7.0,0
12.0,0.0,0.0,10.0,149.0,4.0,1.0,7.0,1.0,13.545454545454545,36.0,0
24.0,1.0,0.06666666666666667,9.0,312.0,5.0,3.0,8.0,1.0,20.8,14.0,0
31.0,0.0,0.0,10.0,201.0,4.0,5.0,9.0,3.0,22.333333333333332,32.0,0
10.0,0.0,0.0,3.0,226.0,4.0,3.0,7.0,1.0,16.142857142857142,15.0,0
29.0,1.0,0.3333333333333333,3.0,273.0,4.0,3.0,7.0,1.0,91.0,15.0,0
10.0,0.0,0.0,4.0,190.0,5.0,4.0,9.0,1.0,63.333333333333336,18.0,0
19.0,0.0,0.0,3.0,222.0,4.0,5.0,7.0,1.0,74.0,14.0,0
9.0,0.0,0.0,3.0,147.0,4.0,5.0,8.0,1.0,49.0,7.0,0
1.0,1.0,0.3333333333333333,1.0,159.0,5.0,3.0,9.0,1.0,53.0,16.0,1
31.0,0.0,0.0,4.0,180.0,5.0,3.0,8.0,3.0,60.0,7.0,0
3.0,0.0,0.0,5.0,152.0,4.0,4.0,8.0,1.0,50.666666666666664,9.0,0
5.0,0.0,0.0,1.0,150.0,4.0,4.0,7.0,1.0,50.0,7.0,0
6.0,0.0,0.0,10.0,187.0,4.0,4.0,8.0,1.0,62.333333333333336,7.0,0
10.0,0.0,0.0,1.0,155.0,2.0,1.0,5.0,1.0,51.666666666666664,13.0,0
5.0,0.0,0.0,9.0,169.0,4.0,1.0,8.0,1.0,56.333333333333336,15.0,0
9.0,0.0,0.0,9.0,168.0,5.0,5.0,8.0,3.0,42.0,7.0,0
19.0,1.0,0.3333333333333333,1.0,257.0,4.0,5.0,7.0,1.0,85.66666666666667,13.0,0
11.0,0.0,0.0,3.0,262.0,4.0,3.0,6.0,1.0,87.33333333333333,14.0,0
20.0,1.0,0.3333333333333333,3.0,175.0,4.0,4.0,8.0,2.0,58.333333333333336,12.0,0
4.0,1.0,0.2,1.0,176.0,5.0,1.0,8.0,1.0,35.2,7.0,0
9.0,0.0,0.0,5.0,154.0,5.0,3.0,7.0,1.0,51.333333333333336,7.0,0
29.0,0.0,0.0,3.0,227.0,4.0,1.0,8.0,3.0,75.66666666666667,7.0,0
12.0,1.0,0.3333333333333333,10.0,178.0,6.0,1.0,10.0,1.0,59.333333333333336,13.0,0
8.0,0.0,0.0,4.0,168.0,4.0,4.0,8.0,1.0,56.0,7.0,0
30.0,0.0,0.0,3.0,198.0,6.0,1.0,9.0,1.0,66.0,14.0,0
1.0,0.0,0.0,1.0,148.0,4.0,5.0,8.0,3.0,49.333333333333336,9.0,0
25.0,0.0,0.0,4.0,146.0,4.0,1.0,8.0,1.0,48.666666666666664,16.0,0
4.0,0.0,0.0,9.0,167.0,5.0,1.0,10.0,1.0,13.916666666666666,9.0,0
10.0,0.0,0.0,3.0,221.0,5.0,1.0,9.0,3.0,36.833333333333336,16.0,1
14.0,0.0,0.0,12.0,260.0,5.0,4.0,9.0,1.0,86.66666666666667,7.0,0
25.0,1.0,0.3333333333333333,1.0,179.0,4.0,1.0,8.0,3.0,59.666666666666664,28.0,0
4.0,1.0,0.25,8.0,177.0,5.0,4.0,9.0,3.0,44.25,11.0,0
20.0,1.0,0.3333333333333333,6.0,232.0,5.0,5.0,8.0,1.0,77.33333333333333,7.0,0
6.0,0.0,0.0,8.0,175.0,4.0,3.0,7.0,3.0,25.0,13.0,0
28.0,0.0,0.0,4.0,260.0,4.0,3.0,7.0,1.0,86.66666666666667,9.0,0
1.0,0.0,0.0,3.0,175.0,4.0,3.0,7.0,3.0,58.333333333333336,10.0,0
2.0,0.0,0.0,5.0,167.0,4.0,3.0,7.0,3.0,55.666666666666664,11.0,0
31.0,0.0,0.0,9.0,264.0,4.0,3.0,7.0,3.0,88.0,17.0,0
18.0,0.0,0.0,3.0,145.0,4.0,4.0,8.0,1.0,48.333333333333336,30.0,0
1.0,1.0,0.3333333333333333,3.0,146.0,4.0,5.0,8.0,2.0,48.666666666666664,13.0,1
6.0,0.0,0.0,1.0,155.0,4.0,5.0,8.0,1.0,51.666666666666664,7.0,0
1.0,1.0,0.3333333333333333,1.0,154.0,5.0,1.0,9.0,1.0,51.333333333333336,13.0,1
8.0,0.0,0.0,11.0,173.0,4.0,3.0,7.0,1.0,43.25,13.0,0
11.0,0.0,0.0,1.0,177.0,5.0,1.0,9.0,1.0,59.0,9.0,0
31.0,0.0,0.0,3.0,313.0,5.0,1.0,8.0,2.0,78.25,9.0,0
24.0,1.0,0.3333333333333333,8.0,307.0,4.0,4.0,8.0,1.0,102.33333333333333,7.0,0
1.0,1.0,0.3333333333333333,4.0,182.0,5.0,3.0,8.0,3.0,60.666666666666664,12.0,1
1.0,0.0,0.0,2.0,154.0,5.0,1.0,9.0,1.0,38.5,14.0,0
1.0,0.0,0.0,1.0,154.0,4.0,1.0,7.0,1.0,51.333333333333336,22.0,0
25.0,0.0,0.0,9.0,200.0,5.0,5.0,7.0,1.0,14.285714285714286,7.0,0
1.0,1.0,0.3333333333333333,7.0,186.0,6.0,3.0,10.0,1.0,62.0,14.0,1
28.0,1.0,0.16666666666666666,5.0,298.0,2.0,1.0,4.0,2.0,49.666666666666664,33.0,0
1.0,0.0,0.0,3.0,153.0,4.0,3.0,7.0,1.0,51.0,25.0,0
8.0,0.0,0.0,1.0,170.0,5.0,4.0,8.0,1.0,56.666666666666664,13.0,0
11.0,0.0,0.0,4.0,199.0,4.0,1.0,7.0,3.0,66.33333333333333,10.0,0
8.0,0.0,0.0,9.0,241.0,5.0,5.0,8.0,1.0,80.33333333333333,12.0,0
10.0,0.0,0.0,3.0,222.0,4.0,1.0,8.0,3.0,55.5,18.0,0
10.0,0.0,0.0,1.0,153.0,4.0,1.0,7.0,1.0,51.0,10.0,0
17.0,1.0,0.16666666666666666,13.0,295.0,4.0,1.0,8.0,3.0,49.166666666666664,33.0,0
4.0,0.0,0.0,10.0,151.0,6.0,3.0,10.0,1.0,50.333333333333336,30.0,0
7.0,0.0,0.0,8.0,186.0,4.0,4.0,8.0,3.0,62.0,29.0,0
20.0,1.0,0.16666666666666666,4.0,175.0,4.0,4.0,8.0,1.0,29.166666666666668,21.0,1
25.0,0.0,0.0,16.0,320.0,4.0,3.0,7.0,1.0,18.823529411764707,13.0,0
1.0,1.0,0.1111111111111111,8.0,187.0,6.0,3.0,10.0,3.0,20.77777777777778,13.0,1
1.0,0.0,0.0,4.0,149.0,5.0,4.0,8.0,1.0,24.833333333333332,13.0,0
21.0,0.0,0.0,3.0,228.0,4.0,1.0,8.0,1.0,13.411764705882353,30.0,1
1.0,1.0,0.3333333333333333,1.0,142.0,4.0,3.0,7.0,3.0,47.333333333333336,29.0,1
1.0,0.0,0.0,2.0,150.0,4.0,1.0,8.0,1.0,37.5,9.0,0
23.0,0.0,0.0,12.0,191.0,4.0,5.0,8.0,1.0,27.285714285714285,27.0,0
17.0,0.0,0.0,3.0,172.0,2.0,3.0,6.0,1.0,57.333333333333336,35.0,0
24.0,0.0,0.0,3.0,217.0,4.0,1.0,8.0,3.0,54.25,19.0,0
1.0,1.0,0.25,3.0,171.0,6.0,3.0,10.0,3.0,42.75,27.0,1
15.0,1.0,0.3333333333333333,8.0,207.0,4.0,3.0,8.0,3.0,69.0,16.0,0
1.0,0.0,0.0,8.0,154.0,4.0,3.0,8.0,2.0,22.0,32.0,0
10.0,0.0,0.0,2.0,174.0,4.0,4.0,7.0,1.0,58.0,13.0,0
15.0,0.0,0.0,4.0,232.0,6.0,1.0,9.0,1.0,77.33333333333333,15.0,1
13.0,0.0,0.0,10.0,184.0,5.0,3.0,8.0,3.0,26.285714285714285,11.0,0
1.0,0.0,0.0,3.0,211.0,5.0,3.0,8.0,3.0,52.75,35.0,0
4.0,1.0,0.16666666666666666,8.0,188.0,4.0,1.0,7.0,2.0,31.333333333333332,16.0,0
1.0,0.0,0.0,5.0,167.0,4.0,5.0,7.0,1.0,55.666666666666664,16.0,1
19.0,0.0,0.0,4.0,160.0,4.0,1.0,7.0,1.0,53.333333333333336,36.0,0
12.0,1.0,0.25,3.0,168.0,4.0,3.0,7.0,1.0,42.0,10.0,0
4.0,0.0,0.0,5.0,151.0,4.0,3.0,8.0,1.0,50.333333333333336,25.0,0
6.0,0.0,0.0,8.0,172.0,6.0,1.0,9.0,3.0,57.333333333333336,16.0,0
4.0,0.0,0.0,31.0,157.0,4.0,5.0,7.0,1.0,39.25,12.0,0
4.0,0.0,0.0,3.0,152.0,5.0,1.0,8.0,1.0,50.666666666666664,9.0,0
15.0,0.0,0.0,8.0,297.0,5.0,5.0,9.0,1.0,33.0,17.0,0
15.0,0.0,0.0,5.0,147.0,4.0,5.0,8.0,1.0,49.0,16.0,0
1.0,0.0,0.0,1.0,140.0,4.0,4.0,8.0,1.0,46.666666666666664,10.0,0
14.0,0.0,0.0,14.0,181.0,4.0,4.0,7.0,1.0,45.25,33.0,0
9.0,0.0,0.0,7.0,198.0,4.0,4.0,8.0,3.0,66.0,7.0,0
27.0,1.0,0.16666666666666666,6.0,148.0,4.0,3.0,7.0,3.0,24.666666666666668,13.0,0
19.0,0.0,0.0,16.0,148.0,4.0,4.0,7.0,1.0,49.333333333333336,16.0,0
6.0,0.0,0.0,3.0,215.0,4.0,1.0,7.0,3.0,43.0,15.0,0
3.0,0.0,0.0,10.0,168.0,4.0,3.0,7.0,1.0,56.0,7.0,0
25.0,0.0,0.0,1.0,186.0,5.0,3.0,8.0,1.0,62.0,14.0,0
31.0,1.0,0.3333333333333333,1.0,158.0,5.0,4.0,9.0,1.0,52.666666666666664,16.0,0
14.0,0.0,0.0,12.0,234.0,5.0,1.0,9.0,3.0,78.0,11.0,0
8.0,0.0,0.0,3.0,147.0,4.0,3.0,8.0,3.0,49.0,9.0,0
1.0,0.0,0.0,3.0,148.0,4.0,1.0,8.0,1.0,37.0,26.0,0
1.0,0.0,0.0,3.0,145.0,4.0,4.0,7.0,1.0,36.25,16.0,0
2.0,0.0,0.0,3.0,152.0,4.0,1.0,7.0,1.0,50.666666666666664,28.0,0
31.0,1.0,0.3333333333333333,3.0,219.0,2.0,1.0,5.0,1.0,73.0,31.0,0
1.0,1.0,0.3333333333333333,2.0,151.0,5.0,3.0,9.0,1.0,50.333333333333336,10.0,0
24.0,0.0,0.0,5.0,324.0,4.0,4.0,7.0,1.0,54.0,18.0,0
15.0,0.0,0.0,9.0,150.0,4.0,3.0,7.0,1.0,50.0,21.0,0
4.0,0.0,0.0,3.0,219.0,4.0,1.0,7.0,3.0,24.333333333333332,12.0,0
12.0,0.0,0.0,3.0,212.0,5.0,1.0,8.0,3.0,70.66666666666667,7.0,0
6.0,0.0,0.0,5.0,155.0,4.0,3.0,7.0,1.0,51.666666666666664,13.0,0
1.0,1.0,0.3333333333333333,2.0,156.0,4.0,4.0,7.0,1.0,52.0,24.0,0
1.0,0.0,0.0,1.0,148.0,6.0,5.0,10.0,3.0,49.333333333333336,7.0,1
10.0,0.0,0.0,3.0,146.0,4.0,4.0,6.0,1.0,16.22222222222222,10.0,0
4.0,0.0,0.0,11.0,156.0,4.0,5.0,8.0,1.0,19.5,16.0,0
19.0,1.0,0.3333333333333333,4.0,175.0,4.0,5.0,6.0,3.0,58.333333333333336,11.0,0
30.0,1.0,0.25,3.0,168.0,4.0,5.0,8.0,1.0,42.0,15.0,0
7.0,0.0,0.0,3.0,150.0,4.0,1.0,7.0,1.0,50.0,9.0,0
1.0,0.0,0.0,1.0,136.0,5.0,1.0,8.0,1.0,45.333333333333336,9.0,1
20.0,0.0,0.0,3.0,230.0,4.0,5.0,8.0,3.0,13.529411764705882,7.0,0
12.0,0.0,0.0,2.0,148.0,4.0,1.0,8.0,1.0,37.0,16.0,0
5.0,1.0,0.3333333333333333,3.0,164.0,4.0,1.0,8.0,1.0,54.666666666666664,19.0,0
8.0,0.0,0.0,3.0,148.0,4.0,4.0,8.0,1.0,49.333333333333336,34.0,0
5.0,1.0,0.3333333333333333,3.0,156.0,4.0,4.0,8.0,3.0,52.0,27.0,1
24.0,0.0,0.0,3.0,162.0,5.0,3.0,8.0,1.0,54.0,7.0,0
27.0,0.0,0.0,4.0,170.0,2.0,5.0,5.0,1.0,56.666666666666664,20.0,0
7.0,0.0,0.0,7.0,153.0,4.0,4.0,8.0,1.0,51.0,21.0,0
14.0,0.0,0.0,10.0,315.0,4.0,3.0,7.0,1.0,28.636363636363637,11.0,0
29.0,0.0,0.0,16.0,312.0,2.0,4.0,6.0,1.0,78.0,21.0,0
8.0,0.0,0.0,3.0,220.0,5.0,3.0,8.0,1.0,73.33333333333333,9.0,0
25.0,0.0,0.0,1.0,262.0,4.0,4.0,8.0,1.0,87.33333333333333,10.0,0
26.0,0.0,0.0,10.0,325.0,5.0,3.0,9.0,1.0,25.0,7.0,0
1.0,0.0,0.0,4.0,148.0,4.0,4.0,9.0,1.0,49.333333333333336,16.0,0
1.0,1.0,0.3333333333333333,2.0,184.0,5.0,3.0,8.0,1.0,61.333333333333336,30.0,1
17.0,0.0,0.0,3.0,146.0,2.0,1.0,5.0,1.0,36.5,14.0,0
19.0,0.0,0.0,9.0,293.0,5.0,1.0,9.0,1.0,22.53846153846154,9.0,0
11.0,1.0,0.3333333333333333,8.0,161.0,2.0,5.0,6.0,1.0,53.666666666666664,28.0,0
9.0,0.0,0.0,3.0,169.0,4.0,4.0,7.0,1.0,56.333333333333336,9.0,0
16.0,0.0,0.0,3.0,178.0,4.0,3.0,7.0,1.0,59.333333333333336,28.0,0
12.0,0.0,0.0,1.0,191.0,4.0,3.0,7.0,1.0,63.666666666666664,9.0,0
12.0,0.0,0.0,8.0,188.0,4.0,1.0,7.0,1.0,62.666666666666664,36.0,0
1.0,0.0,0.0,1.0,168.0,5.0,5.0,8.0,1.0,42.0,7.0,0
23.0,1.0,0.3333333333333333,8.0,193.0,4.0,1.0,8.0,1.0,64.33333333333333,25.0,0
8.0,1.0,0.25,1.0,163.0,4.0,3.0,7.0,1.0,40.75,17.0,0
14.0,1.0,0.2,8.0,152.0,4.0,1.0,6.0,1.0,30.4,26.0,0
2.0,1.0,0.3333333333333333,1.0,192.0,4.0,5.0,8.0,1.0,64.0,36.0,1
1.0,0.0,0.0,10.0,201.0,4.0,1.0,7.0,3.0,67.0,34.0,1
1.0,1.0,0.25,3.0,148.0,2.0,4.0,5.0,1.0,37.0,12.0,0
10.0,0.0,0.0,8.0,147.0,4.0,1.0,8.0,1.0,49.0,25.0,0
14.0,0.0,0.0,3.0,174.0,5.0,1.0,9.0,1.0,58.0,16.0,0
20.0,0.0,0.0,3.0,219.0,4.0,5.0,8.0,1.0,73.0,7.0,0
1.0,0.0,0.0,3.0,229.0,6.0,1.0,9.0,3.0,20.818181818181817,11.0,1
4.0,0.0,0.0,3.0,210.0,5.0,3.0,8.0,1.0,30.0,7.0,0
1.0,0.0,0.0,3.0,225.0,4.0,3.0,7.0,3.0,75.0,27.0,0
25.0,0.0,0.0,8.0,250.0,5.0,4.0,8.0,1.0,83.33333333333333,15.0,0
1.0,1.0,0.3333333333333333,5.0,152.0,4.0,5.0,7.0,1.0,50.666666666666664,10.0,1
15.0,1.0,0.3333333333333333,1.0,261.0,4.0,1.0,8.0,3.0,87.0,13.0,0
1.0,0.0,0.0,2.0,192.0,5.0,5.0,8.0,3.0,64.0,33.0,1
1.0,0.0,0.0,6.0,146.0,4.0,3.0,7.0,1.0,48.666666666666664,7.0,1
19.0,0.0,0.0,3.0,214.0,5.0,1.0,8.0,3.0,15.285714285714286,13.0,0
28.0,0.0,0.0,6.0,184.0,4.0,5.0,7.0,3.0,61.333333333333336,10.0,0
10.0,0.0,0.0,8.0,184.0,4.0,4.0,8.0,1.0,36.8,12.0,0
7.0,0.0,0.0,2.0,151.0,5.0,4.0,8.0,1.0,50.333333333333336,11.0,0
11.0,1.0,0.3333333333333333,8.0,247.0,4.0,1.0,7.0,1.0,82.33333333333333,18.0,0
12.0,0.0,0.0,3.0,231.0,4.0,3.0,8.0,3.0,33.0,10.0,0
5.0,0.0,0.0,5.0,168.0,6.0,3.0,9.0,1.0,56.0,7.0,0
31.0,0.0,0.0,1.0,147.0,5.0,1.0,9.0,1.0,49.0,10.0,0
11.0,0.0,0.0,9.0,153.0,4.0,1.0,7.0,3.0,21.857142857142858,11.0,0
3.0,0.0,0.0,2.0,204.0,4.0,1.0,7.0,3.0,34.0,7.0,0
9.0,0.0,0.0,3.0,213.0,4.0,3.0,8.0,3.0,71.0,7.0,0
1.0,1.0,0.3333333333333333,2.0,149.0,5.0,1.0,8.0,1.0,49.666666666666664,25.0,1
26.0,0.0,0.0,3.0,157.0,5.0,1.0,8.0,1.0,39.25,9.0,0
16.0,0.0,0.0,16.0,317.0,4.0,1.0,7.0,1.0,24.384615384615383,11.0,0
31.0,0.0,0.0,3.0,148.0,4.0,3.0,7.0,2.0,37.0,13.0,0
24.0,0.0,0.0,7.0,320.0,4.0,1.0,8.0,3.0,106.66666666666667,7.0,0
1.0,1.0,0.3333333333333333,5.0,149.0,4.0,1.0,7.0,1.0,49.666666666666664,21.0,1
17.0,1.0,0.3333333333333333,10.0,286.0,4.0,1.0,8.0,3.0,95.33333333333333,23.0,0
1.0,0.0,0.0,8.0,152.0,4.0,5.0,7.0,1.0,50.666666666666664,9.0,1
26.0,1.0,0.058823529411764705,13.0,316.0,5.0,3.0,9.0,3.0,18.58823529411765,9.0,0
6.0,0.0,0.0,3.0,164.0,4.0,4.0,7.0,3.0,54.666666666666664,11.0,0
1.0,1.0,0.3333333333333333,3.0,162.0,5.0,3.0,9.0,1.0,54.0,7.0,1
13.0,0.0,0.0,3.0,147.0,4.0,3.0,8.0,1.0,49.0,7.0,0
6.0,0.0,0.0,3.0,170.0,4.0,1.0,8.0,3.0,42.5,33.0,0
15.0,0.0,0.0,1.0,156.0,4.0,5.0,7.0,1.0,52.0,26.0,0
14.0,0.0,0.0,8.0,158.0,4.0,1.0,8.0,1.0,26.333333333333332,31.0,0
19.0,0.0,0.0,8.0,317.0,2.0,1.0,6.0,1.0,105.66666666666667,7.0,0
5.0,0.0,0.0,3.0,262.0,4.0,3.0,8.0,1.0,65.5,10.0,0
7.0,0.0,0.0,3.0,154.0,5.0,1.0,9.0,1.0,51.333333333333336,12.0,0
8.0,0.0,0.0,10.0,185.0,5.0,5.0,8.0,1.0,26.428571428571427,9.0,0
11.0,0.0,0.0,3.0,164.0,5.0,5.0,8.0,1.0,54.666666666666664,7.0,0
19.0,0.0,0.0,3.0,189.0,2.0,3.0,6.0,1.0,63.0,14.0,0
1.0,0.0,0.0,3.0,225.0,4.0,3.0,8.0,1.0,75.0,17.0,1
13.0,0.0,0.0,9.0,234.0,4.0,3.0,8.0,1.0,78.0,9.0,0
3.0,0.0,0.0,6.0,148.0,4.0,1.0,7.0,1.0,49.333333333333336,22.0,0
16.0,1.0,0.3333333333333333,3.0,190.0,2.0,5.0,5.0,1.0,63.333333333333336,24.0,0
3.0,0.0,0.0,3.0,194.0,4.0,1.0,7.0,3.0,64.66666666666667,27.0,0
1.0,0.0,0.0,3.0,174.0,4.0,3.0,8.0,1.0,58.0,7.0,0
16.0,1.0,0.1111111111111111,9.0,151.0,5.0,5.0,8.0,1.0,16.77777777777778,9.0,0
14.0,0.0,0.0,10.0,319.0,4.0,3.0,7.0,1.0,63.8,9.0,0
25.0,0.0,0.0,1.0,152.0,4.0,1.0,8.0,1.0,50.666666666666664,7.0,0
1.0,0.0,0.0,5.0,160.0,5.0,4.0,9.0,1.0,53.333333333333336,36.0,1
6.0,0.0,0.0,4.0,153.0,2.0,4.0,6.0,1.0,51.0,14.0,0
12.0,0.0,0.0,6.0,177.0,5.0,1.0,8.0,3.0,19.666666666666668,9.0,0
6.0,0.0,0.0,5.0,147.0,5.0,5.0,8.0,1.0,49.0,9.0,0
20.0,1.0,0.1111111111111111,8.0,294.0,6.0,4.0,10.0,3.0,32.666666666666664,9.0,0
1.0,0.0,0.0,1.0,160.0,4.0,3.0,8.0,1.0,53.333333333333336,9.0,1
3.0,0.0,0.0,1.0,191.0,5.0,4.0,9.0,3.0,63.666666666666664,9.0,0
5.0,0.0,0.0,9.0,181.0,5.0,1.0,9.0,1.0,20.11111111111111,30.0,0
1.0,0.0,0.0,6.0,165.0,2.0,5.0,5.0,1.0,55.0,12.0,0
19.0,1.0,0.3333333333333333,11.0,260.0,4.0,1.0,8.0,1.0,86.66666666666667,27.0,0
10.0,0.0,0.0,12.0,157.0,4.0,1.0,7.0,1.0,13.083333333333334,13.0,0
29.0,1.0,0.16666666666666666,14.0,315.0,4.0,5.0,7.0,1.0,52.5,7.0,0
11.0,1.0,0.3333333333333333,10.0,243.0,4.0,4.0,7.0,1.0,81.0,36.0,1
2.0,0.0,0.0,5.0,146.0,4.0,1.0,8.0,1.0,48.666666666666664,16.0,0
11.0,0.0,0.0,2.0,190.0,4.0,1.0,8.0,3.0,63.333333333333336,13.0,0
1.0,0.0,0.0,1.0,157.0,5.0,3.0,9.0,1.0,52.333333333333336,10.0,0
11.0,1.0,0.3333333333333333,3.0,261.0,4.0,1.0,8.0,1.0,87.0,7.0,0
9.0,0.0,0.0,3.0,245.0,2.0,4.0,6.0,1.0,81.66666666666667,29.0,0
12.0,1.0,0.1111111111111111,8.0,181.0,2.0,5.0,5.0,3.0,20.11111111111111,14.0,0
1.0,0.0,0.0,5.0,189.0,4.0,4.0,7.0,1.0,63.0,7.0,0
24.0,0.0,0.0,7.0,316.0,4.0,4.0,8.0,1.0,105.33333333333333,11.0,0
27.0,1.0,0.3333333333333333,4.0,301.0,4.0,3.0,7.0,1.0,100.33333333333333,10.0,0
16.0,0.0,0.0,7.0,174.0,4.0,3.0,6.0,3.0,13.384615384615385,7.0,0
3.0,0.0,0.0,10.0,171.0,4.0,1.0,7.0,3.0,57.0,9.0,0
29.0,1.0,0.3333333333333333,9.0,179.0,4.0,1.0,7.0,1.0,59.666666666666664,27.0,0
1.0,1.0,0.2,4.0,172.0,4.0,5.0,7.0,1.0,34.4,18.0,0
11.0,0.0,0.0,8.0,146.0,4.0,1.0,7.0,1.0,20.857142857142858,7.0,0
8.0,1.0,0.3333333333333333,1.0,157.0,4.0,3.0,7.0,1.0,52.333333333333336,31.0,1
12.0,0.0,0.0,3.0,182.0,4.0,1.0,7.0,1.0,60.666666666666664,30.0,0
1.0,1.0,0.3333333333333333,3.0,149.0,4.0,4.0,7.0,1.0,49.666666666666664,23.0,1
2.0,0.0,0.0,3.0,158.0,4.0,1.0,8.0,1.0,52.666666666666664,15.0,0
23.0,1.0,0.3333333333333333,3.0,312.0,4.0,5.0,7.0,1.0,104.0,17.0,0
10.0,0.0,0.0,8.0,170.0,4.0,4.0,6.0,1.0,18.88888888888889,10.0,0
5.0,0.0,0.0,3.0,153.0,4.0,4.0,7.0,3.0,38.25,12.0,0
1.0,1.0,0.1111111111111111,5.0,183.0,5.0,1.0,8.0,3.0,20.333333333333332,11.0,1
11.0,1.0,0.3333333333333333,3.0,148.0,4.0,1.0,7.0,1.0,49.333333333333336,16.0,0
16.0,0.0,0.0,9.0,260.0,4.0,4.0,8.0,3.0,86.66666666666667,33.0,0
1.0,0.0,0.0,1.0,139.0,4.0,3.0,7.0,1.0,46.333333333333336,10.0,1
9.0,0.0,0.0,10.0,205.0,4.0,4.0,8.0,3.0,25.625,23.0,0
10.0,0.0,0.0,1.0,162.0,2.0,1.0,5.0,1.0,54.0,25.0,0
25.0,0.0,0.0,3.0,180.0,6.0,4.0,9.0,1.0,60.0,9.0,0
15.0,0.0,0.0,5.0,285.0,4.0,4.0,7.0,3.0,95.0,9.0,0
1.0,0.0,0.0,1.0,137.0,5.0,3.0,9.0,3.0,45.666666666666664,17.0,0
2.0,0.0,0.0,8.0,182.0,2.0,5.0,6.0,1.0,60.666666666666664,23.0,0
5.0,0.0,0.0,8.0,194.0,2.0,1.0,6.0,3.0,21.555555555555557,14.0,0
13.0,0.0,0.0,3.0,221.0,2.0,1.0,5.0,1.0,44.2,7.0,0
10.0,0.0,0.0,9.0,182.0,4.0,4.0,7.0,1.0,60.666666666666664,31.0,0
6.0,0.0,0.0,9.0,180.0,5.0,3.0,9.0,3.0,30.0,14.0,0
12.0,0.0,0.0,2.0,246.0,5.0,4.0,8.0,1.0,82.0,32.0,0
31.0,1.0,0.3333333333333333,3.0,182.0,6.0,3.0,9.0,1.0,60.666666666666664,7.0,0
5.0,1.0,0.3333333333333333,4.0,173.0,4.0,1.0,7.0,1.0,57.666666666666664,12.0,0
5.0,0.0,0.0,1.0,189.0,5.0,5.0,9.0,2.0,63.0,9.0,0
19.0,0.0,0.0,12.0,177.0,4.0,5.0,8.0,1.0,16.09090909090909,14.0,0
5.0,1.0,0.25,3.0,152.0,4.0,1.0,7.0,1.0,38.0,9.0,0
7.0,0.0,0.0,9.0,244.0,4.0,4.0,8.0,1.0,81.33333333333333,12.0,0
1.0,1.0,0.07692307692307693,11.0,296.0,4.0,5.0,8.0,1.0,22.76923076923077,17.0,0
17.0,0.0,0.0,8.0,150.0,4.0,1.0,7.0,1.0,50.0,17.0,0
23.0,1.0,0.3333333333333333,8.0,265.0,5.0,3.0,8.0,1.0,88.33333333333333,7.0,0
16.0,0.0,0.0,8.0,174.0,5.0,4.0,8.0,1.0,19.333333333333332,15.0,1
1.0,1.0,0.3333333333333333,3.0,150.0,4.0,4.0,7.0,1.0,50.0,12.0,0
6.0,1.0,0.07692307692307693,10.0,177.0,5.0,4.0,9.0,3.0,13.615384615384615,15.0,0
1.0,1.0,0.3333333333333333,5.0,170.0,4.0,3.0,8.0,3.0,56.666666666666664,9.0,0
5.0,0.0,0.0,8.0,200.0,4.0,1.0,8.0,3.0,66.66666666666667,14.0,0
6.0,0.0,0.0,8.0,176.0,2.0,1.0,6.0,1.0,58.666666666666664,9.0,0
1.0,1.0,0.25,3.0,160.0,6.0,1.0,9.0,1.0,40.0,9.0,1
4.0,0.0,0.0,10.0,183.0,4.0,1.0,8.0,1.0,61.0,35.0,0
5.0,0.0,0.0,3.0,214.0,5.0,3.0,8.0,1.0,21.4,14.0,0
13.0,0.0,0.0,4.0,318.0,5.0,1.0,8.0,1.0,21.2,14.0,0
3.0,1.0,0.3333333333333333,1.0,177.0,4.0,3.0,7.0,3.0,59.0,10.0,1
7.0,0.0,0.0,2.0,172.0,5.0,1.0,8.0,3.0,57.333333333333336,17.0,0
21.0,0.0,0.0,2.0,308.0,4.0,3.0,7.0,1.0,102.66666666666667,12.0,0
17.0,0.0,0.0,1.0,178.0,5.0,3.0,8.0,1.0,59.333333333333336,17.0,0
1.0,1.0,0.3333333333333333,5.0,188.0,4.0,4.0,8.0,3.0,62.666666666666664,7.0,0
28.0,0.0,0.0,4.0,174.0,4.0,3.0,7.0,1.0,58.0,27.0,0
17.0,0.0,0.0,3.0,225.0,4.0,5.0,7.0,1.0,75.0,14.0,0
19.0,0.0,0.0,9.0,162.0,4.0,1.0,8.0,1.0,14.727272727272727,15.0,0
14.0,1.0,0.3333333333333333,3.0,200.0,6.0,1.0,9.0,3.0,66.66666666666667,7.0,0
1.0,1.0,0.3333333333333333,8.0,146.0,6.0,5.0,10.0,1.0,48.666666666666664,15.0,1
3.0,0.0,0.0,3.0,165.0,5.0,1.0,7.0,1.0,41.25,16.0,0
4.0,0.0,0.0,3.0,186.0,5.0,3.0,7.0,3.0,62.0,12.0,0
1.0,0.0,0.0,8.0,187.0,4.0,4.0,7.0,3.0,62.333333333333336,15.0,0
11.0,0.0,0.0,5.0,188.0,4.0,1.0,8.0,1.0,62.666666666666664,12.0,0
12.0,1.0,0.3333333333333333,10.0,240.0,5.0,1.0,9.0,1.0,80.0,22.0,0
5.0,1.0,0.16666666666666666,11.0,196.0,4.0,1.0,7.0,1.0,32.666666666666664,14.0,0
3.0,1.0,0.3333333333333333,8.0,208.0,5.0,4.0,8.0,3.0,69.33333333333333,17.0,0
9.0,0.0,0.0,14.0,206.0,4.0,4.0,8.0,1.0,68.66666666666667,12.0,0
1.0,0.0,0.0,3.0,154.0,4.0,1.0,7.0,1.0,51.333333333333336,33.0,0
15.0,1.0,0.3333333333333333,3.0,185.0,5.0,4.0,9.0,1.0,61.666666666666664,13.0,0
21.0,0.0,0.0,1.0,155.0,4.0,3.0,8.0,3.0,51.666666666666664,11.0,0
16.0,0.0,0.0,1.0,285.0,4.0,1.0,7.0,1.0,95.0,30.0,0
3.0,0.0,0.0,3.0,171.0,4.0,3.0,8.0,3.0,57.0,9.0,0
16.0,1.0,0.3333333333333333,1.0,152.0,4.0,3.0,7.0,2.0,50.666666666666664,9.0,0
6.0,0.0,0.0,8.0,149.0,4.0,4.0,8.0,1.0,49.666666666666664,9.0,0
22.0,0.0,0.0,1.0,250.0,4.0,3.0,8.0,3.0,83.33333333333333,36.0,0
11.0,1.0,0.125,8.0,185.0,2.0,5.0,5.0,1.0,23.125,13.0,0
4.0,1.0,0.25,3.0,172.0,4.0,3.0,7.0,3.0,43.0,32.0,0
1.0,0.0,0.0,8.0,178.0,4.0,3.0,7.0,3.0,19.77777777777778,7.0,0
16.0,0.0,0.0,1.0,193.0,5.0,1.0,9.0,1.0,64.33333333333333,9.0,0
1.0,1.0,0.3333333333333333,3.0,147.0,5.0,4.0,9.0,3.0,49.0,7.0,1
10.0,0.0,0.0,1.0,192.0,4.0,1.0,7.0,3.0,64.0,7.0,0
10.0,0.0,0.0,3.0,222.0,5.0,1.0,8.0,3.0,74.0,10.0,0
31.0,0.0,0.0,3.0,193.0,4.0,3.0,7.0,1.0,64.33333333333333,7.0,0
14.0,1.0,0.3333333333333333,8.0,147.0,2.0,3.0,5.0,1.0,49.0,17.0,0
1.0,0.0,0.0,3.0,151.0,4.0,1.0,7.0,3.0,37.75,16.0,0
1.0,1.0,0.3333333333333333,1.0,154.0,4.0,3.0,7.0,3.0,51.333333333333336,12.0,1
11.0,0.0,0.0,4.0,160.0,4.0,5.0,8.0,1.0,53.333333333333336,17.0,0
20.0,0.0,0.0,1.0,178.0,4.0,3.0,6.0,1.0,59.333333333333336,14.0,0
5.0,0.0,0.0,3.0,219.0,4.0,4.0,7.0,3.0,24.333333333333332,11.0,1
24.0,0.0,0.0,3.0,230.0,5.0,1.0,9.0,1.0,76.66666666666667,17.0,0
4.0,1.0,0.3333333333333333,1.0,189.0,5.0,3.0,9.0,3.0,63.0,29.0,1
5.0,1.0,0.25,3.0,152.0,5.0,4.0,8.0,1.0,38.0,16.0,0
1.0,0.0,0.0,1.0,152.0,2.0,4.0,5.0,3.0,50.666666666666664,19.0,1
3.0,0.0,0.0,3.0,147.0,4.0,1.0,7.0,1.0,49.0,30.0,0
9.0,0.0,0.0,1.0,190.0,5.0,4.0,9.0,1.0,63.333333333333336,16.0,0
1.0,0.0,0.0,5.0,163.0,4.0,4.0,7.0,1.0,54.333333333333336,7.0,0
2.0,0.0,0.0,8.0,178.0,4.0,1.0,8.0,3.0,59.333333333333336,16.0,0
23.0,0.0,0.0,1.0,235.0,5.0,3.0,8.0,1.0,78.33333333333333,14.0,0
25.0,0.0,0.0,8.0,174.0,4.0,1.0,7.0,3.0,58.0,21.0,0
10.0,0.0,0.0,3.0,150.0,4.0,3.0,8.0,1.0,37.5,9.0,0
1.0,1.0,0.3333333333333333,5.0,178.0,2.0,1.0,6.0,3.0,59.333333333333336,26.0,1
29.0,1.0,0.3333333333333333,3.0,292.0,4.0,1.0,8.0,1.0,97.33333333333333,9.0,0
1.0,1.0,0.3333333333333333,4.0,168.0,4.0,3.0,8.0,3.0,56.0,17.0,0
4.0,0.0,0.0,1.0,150.0,4.0,4.0,8.0,3.0,50.0,9.0,0
1.0,0.0,0.0,5.0,156.0,4.0,5.0,8.0,1.0,52.0,10.0,1
1.0,0.0,0.0,3.0,147.0,4.0,4.0,7.0,1.0,49.0,18.0,0
10.0,0.0,0.0,1.0,201.0,5.0,3.0,9.0,3.0,18.272727272727273,9.0,0
1.0,1.0,0.3333333333333333,1.0,148.0,4.0,1.0,7.0,1.0,49.333333333333336,11.0,1
11.0,0.0,0.0,18.0,155.0,4.0,5.0,8.0,1.0,11.071428571428571,21.0,0
14.0,0.0,0.0,4.0,182.0,4.0,4.0,7.0,3.0,60.666666666666664,9.0,0
16.0,0.0,0.0,3.0,151.0,4.0,5.0,8.0,1.0,50.333333333333336,7.0,0
11.0,1.0,0.3333333333333333,2.0,167.0,4.0,4.0,7.0,1.0,55.666666666666664,17.0,0
17.0,0.0,0.0,10.0,268.0,5.0,4.0,8.0,1.0,53.6,19.0,0
14.0,0.0,0.0,1.0,159.0,5.0,3.0,9.0,1.0,53.0,9.0,0
28.0,0.0,0.0,3.0,319.0,4.0,5.0,7.0,1.0,106.33333333333333,12.0,0
8.0,0.0,0.0,3.0,190.0,4.0,3.0,8.0,3.0,63.333333333333336,11.0,0
5.0,0.0,0.0,13.0,168.0,4.0,5.0,7.0,1.0,33.6,14.0,0
17.0,0.0,0.0,3.0,148.0,4.0,1.0,8.0,1.0,49.333333333333336,28.0,0
17.0,1.0,0.3333333333333333,3.0,170.0,4.0,3.0,8.0,1.0,56.666666666666664,15.0,0
1.0,1.0,0.3333333333333333,4.0,170.0,5.0,1.0,9.0,3.0,56.666666666666664,11.0,0
11.0,1.0,0.08333333333333333,8.0,169.0,4.0,3.0,8.0,1.0,14.083333333333334,32.0,0
5.0,0.0,0.0,3.0,147.0,5.0,5.0,9.0,1.0,29.4,7.0,0
13.0,1.0,0.3333333333333333,7.0,317.0,4.0,3.0,7.0,1.0,105.66666666666667,7.0,0
30.0,0.0,0.0,8.0,257.0,2.0,5.0,5.0,3.0,85.66666666666667,13.0,0
4.0,0.0,0.0,5.0,191.0,4.0,3.0,7.0,3.0,31.833333333333332,19.0,0
15.0,0.0,0.0,8.0,209.0,2.0,5.0,5.0,3.0,69.66666666666667,7.0,0
2.0,0.0,0.0,9.0,171.0,4.0,5.0,8.0,1.0,57.0,24.0,0
1.0,0.0,0.0,3.0,165.0,4.0,5.0,8.0,1.0,55.0,10.0,1
26.0,1.0,0.3333333333333333,5.0,205.0,5.0,3.0,8.0,1.0,68.33333333333333,10.0,0
19.0,0.0,0.0,3.0,152.0,4.0,1.0,8.0,1.0,50.666666666666664,17.0,0
26.0,0.0,0.0,5.0,291.0,4.0,1.0,6.0,1.0,97.0,11.0,0
16.0,0.0,0.0,3.0,171.0,4.0,3.0,8.0,1.0,57.0,36.0,0
4.0,0.0,0.0,3.0,186.0,6.0,1.0,9.0,1.0,62.0,9.0,0
31.0,0.0,0.0,11.0,321.0,4.0,5.0,7.0,1.0,24.692307692307693,14.0,0
20.0,0.0,0.0,9.0,173.0,4.0,3.0,7.0,1.0,57.666666666666664,25.0,0
16.0,0.0,0.0,5.0,170.0,5.0,1.0,8.0,1.0,56.666666666666664,35.0,0
1.0,1.0,0.3333333333333333,5.0,157.0,4.0,4.0,8.0,3.0,52.333333333333336,7.0,1
1.0,0.0,0.0,1.0,149.0,6.0,3.0,9.0,3.0,49.666666666666664,13.0,1
12.0,1.0,0.3333333333333333,1.0,142.0,4.0,1.0,7.0,1.0,47.333333333333336,9.0,0
14.0,0.0,0.0,13.0,305.0,4.0,3.0,8.0,3.0,101.66666666666667,9.0,0
1.0,0.0,0.0,3.0,154.0,4.0,1.0,7.0,1.0,51.333333333333336,30.0,0
4.0,0.0,0.0,5.0,146.0,4.0,1.0,7.0,1.0,48.666666666666664,10.0,0
3.0,0.0,0.0,8.0,244.0,5.0,3.0,9.0,1.0,81.33333333333333,10.0,0
1.0,0.0,0.0,2.0,150.0,5.0,4.0,9.0,1.0,50.0,32.0,1
1.0,0.0,0.0,1.0,151.0,5.0,1.0,8.0,2.0,50.333333333333336,9.0,1
4.0,0.0,0.0,9.0,209.0,4.0,5.0,8.0,3.0,23.22222222222222,29.0,0
31.0,0.0,0.0,1.0,266.0,5.0,1.0,8.0,3.0,88.66666666666667,36.0,0
24.0,0.0,0.0,8.0,295.0,5.0,3.0,8.0,1.0,17.352941176470587,36.0,0
4.0,0.0,0.0,8.0,151.0,4.0,1.0,7.0,1.0,18.875,9.0,0
31.0,0.0,0.0,3.0,228.0,5.0,5.0,9.0,3.0,15.2,35.0,0
21.0,0.0,0.0,5.0,176.0,4.0,1.0,8.0,1.0,58.666666666666664,9.0,0
20.0,0.0,0.0,2.0,304.0,4.0,3.0,7.0,1.0,101.33333333333333,9.0,0
9.0,0.0,0.0,4.0,167.0,6.0,3.0,9.0,1.0,27.833333333333332,29.0,0
28.0,0.0,0.0,1.0,163.0,4.0,3.0,7.0,1.0,54.333333333333336,6.0,0
8.0,0.0,0.0,8.0,153.0,5.0,3.0,9.0,1.0,21.857142857142858,9.0,0
6.0,1.0,0.3333333333333333,3.0,216.0,5.0,1.0,9.0,3.0,72.0,17.0,0
5.0,0.0,0.0,9.0,231.0,4.0,4.0,7.0,1.0,77.0,16.0,0
1.0,1.0,0.1111111111111111,8.0,261.0,4.0,3.0,7.0,1.0,29.0,22.0,1
1.0,0.0,0.0,4.0,159.0,6.0,1.0,9.0,1.0,53.0,17.0,1
4.0,0.0,0.0,3.0,155.0,4.0,4.0,7.0,3.0,51.666666666666664,14.0,0
9.0,1.0,0.3333333333333333,1.0,201.0,4.0,3.0,8.0,1.0,67.0,23.0,0
1.0,0.0,0.0,3.0,223.0,4.0,3.0,8.0,1.0,74.33333333333333,27.0,1
1.0,1.0,0.3333333333333333,3.0,225.0,4.0,5.0,7.0,2.0,75.0,30.0,1
16.0,0.0,0.0,1.0,146.0,4.0,3.0,8.0,1.0,36.5,12.0,0
10.0,0.0,0.0,3.0,225.0,4.0,1.0,7.0,3.0,20.454545454545453,17.0,0
1.0,0.0,0.0,3.0,164.0,5.0,3.0,9.0,1.0,54.666666666666664,11.0,1
22.0,0.0,0.0,8.0,166.0,4.0,1.0,7.0,3.0,20.75,9.0,0
29.0,0.0,0.0,9.0,293.0,4.0,4.0,7.0,3.0,32.55555555555556,25.0,0
15.0,0.0,0.0,11.0,187.0,4.0,1.0,7.0,3.0,62.333333333333336,17.0,0
9.0,0.0,0.0,10.0,172.0,4.0,3.0,7.0,3.0,21.5,7.0,0
14.0,0.0,0.0,14.0,257.0,4.0,3.0,8.0,1.0,85.66666666666667,13.0,0
13.0,0.0,0.0,8.0,163.0,4.0,3.0,7.0,1.0,54.333333333333336,15.0,0
5.0,1.0,0.3333333333333333,6.0,191.0,4.0,1.0,8.0,3.0,63.666666666666664,9.0,0
16.0,1.0,0.14285714285714285,9.0,199.0,4.0,5.0,7.0,1.0,28.428571428571427,31.0,0
19.0,0.0,0.0,8.0,173.0,4.0,4.0,8.0,3.0,34.6,9.0,0
1.0,1.0,0.3333333333333333,1.0,152.0,4.0,3.0,7.0,2.0,50.666666666666664,24.0,1
3.0,0.0,0.0,3.0,168.0,4.0,1.0,7.0,1.0,56.0,26.0,0
7.0,0.0,0.0,6.0,287.0,2.0,3.0,6.0,1.0,95.66666666666667,7.0,0
5.0,0.0,0.0,2.0,241.0,5.0,1.0,8.0,3.0,80.33333333333333,14.0,0
1.0,1.0,0.3333333333333333,1.0,144.0,4.0,4.0,8.0,3.0,48.0,12.0,1
14.0,0.0,0.0,2.0,234.0,6.0,5.0,9.0,3.0,78.0,35.0,0
15.0,1.0,0.3333333333333333,8.0,193.0,5.0,3.0,9.0,1.0,64.33333333333333,9.0,0
1.0,0.0,0.0,1.0,168.0,4.0,3.0,7.0,3.0,56.0,36.0,0
9.0,0.0,0.0,4.0,174.0,4.0,3.0,8.0,3.0,58.0,7.0,0
8.0,0.0,0.0,8.0,178.0,2.0,1.0,6.0,3.0,25.428571428571427,28.0,0
1.0,1.0,0.3333333333333333,1.0,148.0,6.0,1.0,10.0,1.0,49.333333333333336,31.0,1
11.0,0.0,0.0,3.0,200.0,4.0,1.0,7.0,1.0,66.66666666666667,7.0,0
20.0,0.0,0.0,3.0,230.0,4.0,3.0,7.0,1.0,76.66666666666667,25.0,0
15.0,0.0,0.0,9.0,291.0,4.0,5.0,8.0,3.0,22.384615384615383,9.0,0
11.0,0.0,0.0,3.0,213.0,4.0,4.0,8.0,3.0,23.666666666666668,16.0,0
26.0,1.0,0.125,10.0,181.0,4.0,5.0,8.0,1.0,22.625,13.0,0
1.0,0.0,0.0,3.0,172.0,2.0,3.0,5.0,3.0,57.333333333333336,18.0,1
1.0,0.0,0.0,2.0,149.0,4.0,1.0,7.0,3.0,37.25,31.0,0
12.0,0.0,0.0,3.0,223.0,4.0,3.0,8.0,1.0,74.33333333333333,17.0,0
11.0,0.0,0.0,4.0,189.0,4.0,4.0,8.0,1.0,31.5,7.0,0
23.0,1.0,0.3333333333333333,10.0,320.0,5.0,3.0,8.0,1.0,106.66666666666667,25.0,0
1.0,1.0,0.3333333333333333,5.0,152.0,2.0,1.0,5.0,1.0,50.666666666666664,30.0,0
1.0,0.0,0.0,5.0,188.0,4.0,4.0,8.0,3.0,62.666666666666664,35.0,0
1.0,0.0,0.0,1.0,146.0,5.0,4.0,9.0,1.0,48.666666666666664,24.0,0
24.0,0.0,0.0,8.0,307.0,4.0,4.0,8.0,2.0,25.583333333333332,10.0,0
1.0,0.0,0.0,7.0,146.0,4.0,3.0,7.0,3.0,48.666666666666664,20.0,0
1.0,1.0,0.3333333333333333,3.0,154.0,4.0,3.0,7.0,1.0,51.333333333333336,14.0,1
1.0,0.0,0.0,1.0,145.0,5.0,5.0,9.0,3.0,48.333333333333336,19.0,1
8.0,1.0,0.3333333333333333,4.0,161.0,5.0,1.0,8.0,1.0,53.666666666666664,7.0,0
1.0,0.0,0.0,3.0,167.0,4.0,5.0,7.0,3.0,55.666666666666664,20.0,1
9.0,0.0,0.0,3.0,162.0,5.0,1.0,8.0,1.0,54.0,32.0,0
5.0,0.0,0.0,8.0,180.0,2.0,1.0,6.0,3.0,25.714285714285715,13.0,0
1.0,0.0,0.0,4.0,147.0,5.0,3.0,9.0,1.0,49.0,13.0,0
11.0,1.0,0.3333333333333333,3.0,221.0,4.0,3.0,8.0,3.0,73.66666666666667,9.0,0
1.0,0.0,0.0,1.0,153.0,5.0,4.0,8.0,1.0,51.0,7.0,0
16.0,0.0,0.0,3.0,166.0,4.0,1.0,7.0,1.0,41.5,9.0,0
17.0,1.0,0.3333333333333333,1.0,291.0,5.0,1.0,8.0,1.0,97.0,13.0,0
12.0,0.0,0.0,1.0,151.0,4.0,5.0,7.0,1.0,50.333333333333336,7.0,0
17.0,1.0,0.16666666666666666,8.0,182.0,4.0,3.0,8.0,1.0,30.333333333333332,16.0,0
22.0,0.0,0.0,3.0,279.0,5.0,5.0,8.0,1.0,93.0,7.0,0
18.0,0.0,0.0,3.0,185.0,5.0,3.0,8.0,2.0,61.666666666666664,7.0,0
8.0,1.0,0.3333333333333333,7.0,151.0,4.0,3.0,7.0,3.0,50.333333333333336,21.0,0
1.0,0.0,0.0,3.0,155.0,4.0,5.0,7.0,3.0,51.666666666666664,9.0,1
1.0,0.0,0.0,3.0,159.0,4.0,3.0,7.0,3.0,53.0,29.0,0
18.0,1.0,0.3333333333333333,2.0,320.0,4.0,1.0,7.0,1.0,106.66666666666667,10.0,0
1.0,0.0,0.0,3.0,153.0,4.0,3.0,8.0,1.0,38.25,13.0,0
7.0,0.0,0.0,3.0,196.0,4.0,3.0,7.0,3.0,65.33333333333333,15.0,0
6.0,1.0,0.3333333333333333,6.0,188.0,4.0,1.0,8.0,1.0,62.666666666666664,16.0,0
4.0,0.0,0.0,1.0,146.0,4.0,3.0,8.0,1.0,48.666666666666664,10.0,0
27.0,0.0,0.0,11.0,209.0,4.0,5.0,7.0,3.0,20.9,7.0,0
8.0,0.0,0.0,9.0,152.0,4.0,1.0,7.0,1.0,15.2,7.0,0
9.0,0.0,0.0,1.0,168.0,4.0,5.0,8.0,3.0,56.0,33.0,1
1.0,1.0,0.3333333333333333,3.0,81.0,4.0,1.0,8.0,1.0,27.0,13.0,0
11.0,0.0,0.0,3.0,219.0,4.0,3.0,7.0,1.0,24.333333333333332,10.0,0
3.0,0.0,0.0,3.0,181.0,4.0,3.0,8.0,3.0,60.333333333333336,10.0,0
9.0,0.0,0.0,9.0,191.0,6.0,1.0,9.0,1.0,14.692307692307692,13.0,0
7.0,0.0,0.0,8.0,202.0,4.0,1.0,6.0,1.0,33.666666666666664,13.0,0
28.0,0.0,0.0,2.0,232.0,4.0,4.0,7.0,2.0,77.33333333333333,26.0,0
10.0,1.0,0.3333333333333333,3.0,213.0,5.0,4.0,8.0,1.0,71.0,16.0,0
1.0,0.0,0.0,2.0,145.0,5.0,1.0,8.0,1.0,48.333333333333336,10.0,0
1.0,1.0,0.3333333333333333,2.0,135.0,4.0,3.0,7.0,1.0,45.0,17.0,1
1.0,1.0,0.09090909090909091,8.0,158.0,4.0,5.0,8.0,1.0,14.363636363636363,10.0,1
9.0,0.0,0.0,1.0,138.0,5.0,3.0,8.0,1.0,46.0,10.0,0
1.0,0.0,0.0,3.0,153.0,2.0,5.0,5.0,1.0,51.0,11.0,0
1.0,0.0,0.0,3.0,174.0,2.0,4.0,5.0,3.0,58.0,15.0,0
12.0,0.0,0.0,6.0,165.0,5.0,1.0,8.0,3.0,55.0,14.0,0
3.0,0.0,0.0,9.0,152.0,6.0,1.0,10.0,1.0,38.0,7.0,0
22.0,0.0,0.0,3.0,206.0,2.0,4.0,5.0,3.0,51.5,9.0,0
1.0,1.0,0.3333333333333333,5.0,171.0,2.0,1.0,6.0,3.0,57.0,10.0,0
11.0,0.0,0.0,1.0,172.0,2.0,1.0,6.0,1.0,57.333333333333336,17.0,0
24.0,1.0,0.2,9.0,157.0,2.0,3.0,6.0,1.0,31.4,35.0,0
8.0,0.0,0.0,3.0,211.0,5.0,4.0,8.0,1.0,23.444444444444443,16.0,0
1.0,0.0,0.0,1.0,171.0,4.0,3.0,8.0,3.0,42.75,10.0,1
13.0,0.0,0.0,11.0,171.0,5.0,3.0,9.0,1.0,13.153846153846153,9.0,0
6.0,0.0,0.0,9.0,179.0,4.0,1.0,7.0,3.0,59.666666666666664,17.0,0
14.0,1.0,0.3333333333333333,4.0,193.0,4.0,3.0,7.0,3.0,64.33333333333333,15.0,1
12.0,0.0,0.0,9.0,201.0,2.0,1.0,5.0,1.0,67.0,7.0,0
1.0,0.0,0.0,8.0,199.0,4.0,5.0,8.0,1.0,66.33333333333333,7.0,0
6.0,0.0,0.0,8.0,237.0,4.0,1.0,7.0,1.0,79.0,10.0,0
21.0,0.0,0.0,8.0,175.0,4.0,5.0,7.0,3.0,58.333333333333336,21.0,0
14.0,1.0,0.3333333333333333,3.0,230.0,5.0,5.0,8.0,3.0,76.66666666666667,12.0,0
27.0,0.0,0.0,4.0,273.0,2.0,3.0,5.0,1.0,91.0,14.0,0
15.0,0.0,0.0,7.0,316.0,5.0,1.0,9.0,2.0,22.571428571428573,17.0,0
31.0,0.0,0.0,3.0,179.0,4.0,5.0,7.0,3.0,44.75,23.0,0
1.0,0.0,0.0,3.0,213.0,4.0,5.0,7.0,1.0,71.0,17.0,0
15.0,0.0,0.0,11.0,317.0,5.0,3.0,8.0,2.0,79.25,7.0,0
24.0,0.0,0.0,3.0,164.0,4.0,4.0,7.0,3.0,41.0,15.0,0
1.0,1.0,0.2,8.0,147.0,6.0,4.0,10.0,1.0,29.4,7.0,1
10.0,0.0,0.0,6.0,242.0,2.0,5.0,6.0,1.0,80.66666666666667,15.0,0
12.0,1.0,0.3333333333333333,1.0,204.0,4.0,3.0,7.0,1.0,68.0,7.0,0
18.0,0.0,0.0,5.0,162.0,6.0,3.0,9.0,1.0,54.0,31.0,0
21.0,1.0,0.07692307692307693,14.0,263.0,4.0,3.0,7.0,3.0,20.23076923076923,10.0,0
4.0,0.0,0.0,8.0,178.0,4.0,1.0,8.0,3.0,19.77777777777778,34.0,0
3.0,0.0,0.0,1.0,151.0,4.0,3.0,8.0,3.0,50.333333333333336,17.0,0
6.0,1.0,0.25,3.0,153.0,2.0,3.0,5.0,1.0,38.25,26.0,1
17.0,0.0,0.0,3.0,193.0,5.0,1.0,8.0,3.0,48.25,22.0,0
8.0,0.0,0.0,4.0,186.0,4.0,3.0,8.0,1.0,31.0,15.0,0
1.0,0.0,0.0,3.0,150.0,4.0,5.0,7.0,1.0,50.0,16.0,0
13.0,0.0,0.0,7.0,189.0,2.0,4.0,5.0,2.0,37.8,10.0,0
30.0,0.0,0.0,2.0,236.0,4.0,1.0,7.0,1.0,78.66666666666667,16.0,0
14.0,1.0,0.25,4.0,148.0,5.0,1.0,8.0,1.0,37.0,9.0,0
1.0,0.0,0.0,8.0,193.0,5.0,5.0,8.0,1.0,64.33333333333333,14.0,0
3.0,0.0,0.0,3.0,148.0,4.0,4.0,7.0,3.0,37.0,17.0,0
27.0,0.0,0.0,3.0,150.0,4.0,1.0,7.0,1.0,37.5,13.0,0
9.0,0.0,0.0,1.0,176.0,4.0,5.0,8.0,1.0,58.666666666666664,9.0,0
6.0,0.0,0.0,8.0,178.0,4.0,1.0,8.0,1.0,29.666666666666668,31.0,0
12.0,1.0,0.3333333333333333,2.0,156.0,4.0,3.0,8.0,1.0,52.0,9.0,0
8.0,0.0,0.0,1.0,176.0,4.0,5.0,7.0,1.0,58.666666666666664,15.0,0
26.0,0.0,0.0,17.0,294.0,5.0,5.0,8.0,3.0,98.0,10.0,0
1.0,1.0,0.1111111111111111,9.0,152.0,4.0,1.0,8.0,1.0,16.88888888888889,7.0,1
1.0,0.0,0.0,5.0,187.0,4.0,1.0,7.0,3.0,62.333333333333336,33.0,0
19.0,0.0,0.0,2.0,191.0,6.0,3.0,9.0,3.0,38.2,9.0,0
1.0,0.0,0.0,3.0,160.0,2.0,3.0,6.0,1.0,53.333333333333336,17.0,0
11.0,1.0,0.3333333333333333,4.0,189.0,2.0,3.0,6.0,3.0,63.0,34.0,1
8.0,0.0,0.0,5.0,188.0,4.0,1.0,7.0,3.0,62.666666666666664,9.0,0
19.0,1.0,0.3333333333333333,5.0,324.0,4.0,5.0,8.0,1.0,108.0,9.0,1
10.0,0.0,0.0,10.0,201.0,5.0,5.0,9.0,3.0,67.0,15.0,0
26.0,0.0,0.0,3.0,168.0,4.0,1.0,7.0,1.0,56.0,26.0,0
1.0,0.0,0.0,1.0,169.0,6.0,1.0,10.0,1.0,42.25,7.0,0
3.0,0.0,0.0,2.0,168.0,4.0,3.0,8.0,1.0,56.0,34.0,0
1.0,0.0,0.0,3.0,178.0,5.0,5.0,8.0,3.0,59.333333333333336,15.0,1
8.0,0.0,0.0,4.0,158.0,2.0,1.0,6.0,1.0,52.666666666666664,7.0,0
28.0,1.0,0.3333333333333333,5.0,180.0,4.0,5.0,8.0,1.0,60.0,26.0,0
1.0,0.0,0.0,2.0,168.0,4.0,1.0,7.0,3.0,56.0,15.0,0
11.0,1.0,0.16666666666666666,4.0,153.0,4.0,5.0,7.0,1.0,25.5,17.0,0
12.0,1.0,0.16666666666666666,13.0,185.0,2.0,5.0,6.0,1.0,30.833333333333332,9.0,0
8.0,0.0,0.0,4.0,169.0,5.0,5.0,8.0,1.0,56.333333333333336,9.0,0
9.0,0.0,0.0,3.0,151.0,4.0,1.0,8.0,3.0,50.333333333333336,15.0,0
4.0,0.0,0.0,3.0,163.0,6.0,3.0,9.0,1.0,54.333333333333336,7.0,0
14.0,0.0,0.0,8.0,167.0,2.0,4.0,5.0,1.0,33.4,9.0,0
8.0,0.0,0.0,3.0,190.0,4.0,5.0,8.0,3.0,63.333333333333336,15.0,0
16.0,0.0,0.0,10.0,309.0,4.0,1.0,8.0,1.0,19.3125,15.0,0
1.0,1.0,0.3333333333333333,1.0,141.0,2.0,5.0,6.0,1.0,47.0,13.0,1
1.0,0.0,0.0,1.0,152.0,5.0,4.0,8.0,1.0,50.666666666666664,16.0,0
26.0,0.0,0.0,5.0,156.0,4.0,3.0,7.0,1.0,52.0,18.0,0
24.0,0.0,0.0,4.0,301.0,4.0,3.0,8.0,1.0,100.33333333333333,9.0,0
1.0,1.0,0.3333333333333333,1.0,148.0,5.0,5.0,8.0,1.0,49.333333333333336,7.0,1
7.0,0.0,0.0,8.0,242.0,4.0,3.0,7.0,1.0,80.66666666666667,14.0,0
1.0,0.0,0.0,3.0,178.0,4.0,5.0,8.0,3.0,59.333333333333336,23.0,1
21.0,1.0,0.2,1.0,293.0,4.0,1.0,7.0,1.0,58.6,9.0,0
10.0,0.0,0.0,6.0,177.0,4.0,4.0,7.0,1.0,59.0,7.0,0
3.0,0.0,0.0,8.0,152.0,2.0,3.0,5.0,1.0,50.666666666666664,30.0,0
21.0,1.0,0.06666666666666667,9.0,317.0,4.0,4.0,7.0,1.0,21.133333333333333,9.0,1
9.0,0.0,0.0,3.0,150.0,2.0,3.0,5.0,1.0,37.5,7.0,0
16.0,1.0,0.3333333333333333,3.0,186.0,5.0,1.0,8.0,1.0,62.0,7.0,0
1.0,0.0,0.0,2.0,169.0,4.0,3.0,7.0,1.0,42.25,9.0,1
10.0,0.0,0.0,5.0,146.0,4.0,4.0,7.0,2.0,48.666666666666664,20.0,0
6.0,0.0,0.0,9.0,187.0,5.0,3.0,9.0,1.0,23.375,11.0,0
14.0,0.0,0.0,1.0,176.0,5.0,3.0,8.0,1.0,58.666666666666664,23.0,0
4.0,1.0,0.3333333333333333,1.0,194.0,5.0,1.0,8.0,1.0,64.66666666666667,9.0,0
19.0,0.0,0.0,1.0,148.0,5.0,3.0,9.0,1.0,49.333333333333336,9.0,0
16.0,0.0,0.0,9.0,169.0,4.0,4.0,8.0,1.0,18.77777777777778,36.0,0
12.0,0.0,0.0,3.0,188.0,5.0,5.0,6.0,1.0,62.666666666666664,19.0,0
8.0,0.0,0.0,4.0,151.0,5.0,1.0,9.0,1.0,50.333333333333336,23.0,0
13.0,0.0,0.0,8.0,202.0,4.0,1.0,7.0,3.0,22.444444444444443,18.0,1
19.0,0.0,0.0,4.0,177.0,4.0,1.0,7.0,3.0,19.666666666666668,9.0,1
17.0,0.0,0.0,1.0,297.0,4.0,5.0,8.0,1.0,99.0,21.0,0
1.0,1.0,0.3333333333333333,9.0,253.0,5.0,1.0,8.0,1.0,84.33333333333333,12.0,0
9.0,0.0,0.0,3.0,227.0,4.0,3.0,7.0,1.0,75.66666666666667,14.0,0
2.0,1.0,0.1111111111111111,6.0,173.0,4.0,4.0,7.0,3.0,19.22222222222222,9.0,0
8.0,0.0,0.0,3.0,162.0,4.0,1.0,7.0,2.0,54.0,10.0,0
1.0,1.0,0.3333333333333333,8.0,149.0,5.0,3.0,8.0,1.0,49.666666666666664,12.0,1
1.0,0.0,0.0,1.0,142.0,4.0,1.0,7.0,1.0,47.333333333333336,10.0,0
25.0,0.0,0.0,18.0,288.0,4.0,3.0,8.0,3.0,48.0,33.0,0
18.0,0.0,0.0,4.0,184.0,4.0,4.0,7.0,1.0,46.0,11.0,0
1.0,0.0,0.0,2.0,159.0,2.0,5.0,6.0,1.0,53.0,9.0,0
7.0,0.0,0.0,9.0,165.0,2.0,5.0,5.0,3.0,55.0,7.0,0
9.0,0.0,0.0,2.0,151.0,5.0,5.0,8.0,1.0,50.333333333333336,34.0,0
10.0,1.0,0.16666666666666666,12.0,187.0,4.0,1.0,7.0,3.0,31.166666666666668,7.0,0
6.0,0.0,0.0,4.0,169.0,4.0,1.0,8.0,3.0,56.333333333333336,20.0,0
4.0,0.0,0.0,4.0,163.0,5.0,1.0,9.0,1.0,54.333333333333336,12.0,0
27.0,1.0,0.3333333333333333,5.0,234.0,5.0,1.0,9.0,3.0,78.0,14.0,0
19.0,1.0,0.3333333333333333,3.0,233.0,4.0,5.0,8.0,3.0,77.66666666666667,16.0,0
6.0,0.0,0.0,4.0,177.0,2.0,3.0,6.0,1.0,59.0,15.0,0
26.0,0.0,0.0,1.0,263.0,5.0,1.0,8.0,1.0,87.66666666666667,32.0,0
11.0,0.0,0.0,1.0,188.0,5.0,3.0,9.0,3.0,62.666666666666664,23.0,0
2.0,0.0,0.0,5.0,174.0,5.0,1.0,9.0,2.0,58.0,15.0,0
1.0,0.0,0.0,3.0,173.0,5.0,1.0,8.0,1.0,43.25,7.0,0
18.0,1.0,0.3333333333333333,3.0,153.0,2.0,1.0,6.0,1.0,51.0,15.0,0
16.0,1.0,0.25,3.0,150.0,4.0,1.0,7.0,1.0,37.5,9.0,0
10.0,0.0,0.0,4.0,148.0,5.0,5.0,9.0,2.0,49.333333333333336,15.0,0
1.0,1.0,0.3333333333333333,4.0,167.0,4.0,5.0,8.0,3.0,55.666666666666664,10.0,0
9.0,1.0,0.3333333333333333,16.0,232.0,5.0,3.0,9.0,1.0,77.33333333333333,16.0,0
1.0,1.0,0.1111111111111111,9.0,145.0,4.0,4.0,8.0,1.0,16.11111111111111,32.0,1
6.0,0.0,0.0,3.0,148.0,4.0,1.0,8.0,1.0,49.333333333333336,7.0,0
1.0,0.0,0.0,4.0,168.0,5.0,5.0,8.0,3.0,56.0,11.0,0
23.0,0.0,0.0,3.0,161.0,4.0,5.0,7.0,1.0,53.666666666666664,7.0,0
1.0,0.0,0.0,5.0,157.0,5.0,1.0,8.0,1.0,31.4,11.0,0
6.0,0.0,0.0,4.0,190.0,4.0,4.0,7.0,3.0,27.142857142857142,12.0,0
12.0,0.0,0.0,3.0,154.0,5.0,4.0,9.0,3.0,51.333333333333336,16.0,0
16.0,1.0,0.3333333333333333,4.0,177.0,2.0,1.0,6.0,1.0,59.0,10.0,0
5.0,1.0,0.3333333333333333,3.0,149.0,4.0,1.0,7.0,1.0,49.666666666666664,18.0,0
1.0,1.0,0.3333333333333333,3.0,153.0,5.0,3.0,8.0,3.0,51.0,7.0,1
27.0,0.0,0.0,3.0,243.0,4.0,1.0,8.0,3.0,81.0,15.0,0
9.0,0.0,0.0,9.0,234.0,5.0,4.0,9.0,1.0,78.0,32.0,0
11.0,0.0,0.0,1.0,155.0,4.0,1.0,7.0,3.0,51.666666666666664,28.0,0
27.0,0.0,0.0,9.0,268.0,4.0,1.0,8.0,1.0,53.6,30.0,0
17.0,0.0,0.0,3.0,181.0,4.0,1.0,7.0,1.0,45.25,7.0,0
21.0,1.0,0.1111111111111111,8.0,170.0,4.0,1.0,7.0,3.0,18.88888888888889,9.0,0
11.0,1.0,0.3333333333333333,10.0,201.0,4.0,4.0,7.0,3.0,67.0,26.0,0
24.0,0.0,0.0,8.0,304.0,4.0,5.0,8.0,1.0,19.0,9.0,0
13.0,0.0,0.0,5.0,177.0,5.0,1.0,8.0,2.0,59.0,9.0,0
7.0,1.0,0.3333333333333333,4.0,148.0,4.0,4.0,7.0,2.0,49.333333333333336,10.0,0
1.0,1.0,0.3333333333333333,2.0,153.0,4.0,1.0,7.0,1.0,51.0,32.0,1
3.0,0.0,0.0,4.0,150.0,5.0,1.0,9.0,1.0,50.0,14.0,0
18.0,1.0,0.1111111111111111,2.0,151.0,4.0,5.0,8.0,1.0,16.77777777777778,16.0,0
2.0,0.0,0.0,3.0,174.0,4.0,1.0,8.0,3.0,58.0,12.0,0
21.0,1.0,0.3333333333333333,1.0,149.0,5.0,1.0,8.0,1.0,49.666666666666664,9.0,1
17.0,0.0,0.0,1.0,173.0,4.0,4.0,7.0,1.0,57.666666666666664,15.0,0
1.0,0.0,0.0,3.0,145.0,5.0,3.0,8.0,3.0,48.333333333333336,9.0,1
1.0,0.0,0.0,1.0,152.0,4.0,1.0,8.0,1.0,50.666666666666664,25.0,1
10.0,1.0,0.16666666666666666,12.0,191.0,4.0,1.0,8.0,1.0,31.833333333333332,21.0,0
21.0,1.0,0.3333333333333333,3.0,158.0,5.0,1.0,9.0,3.0,52.666666666666664,9.0,0
1.0,1.0,0.3333333333333333,3.0,167.0,4.0,3.0,7.0,1.0,55.666666666666664,10.0,1
5.0,1.0,0.3333333333333333,1.0,153.0,6.0,1.0,9.0,1.0,51.0,9.0,1
2.0,0.0,0.0,3.0,149.0,4.0,3.0,8.0,1.0,37.25,16.0,0
3.0,1.0,0.25,3.0,149.0,4.0,5.0,8.0,1.0,37.25,13.0,1
1.0,0.0,0.0,1.0,148.0,4.0,3.0,8.0,1.0,49.333333333333336,11.0,0
8.0,0.0,0.0,1.0,145.0,4.0,4.0,7.0,1.0,48.333333333333336,17.0,0
16.0,0.0,0.0,4.0,187.0,5.0,3.0,9.0,3.0,62.333333333333336,21.0,0
7.0,1.0,0.3333333333333333,3.0,153.0,5.0,5.0,9.0,1.0,51.0,7.0,0
31.0,1.0,0.3333333333333333,3.0,231.0,5.0,4.0,8.0,1.0,77.0,12.0,0
5.0,0.0,0.0,3.0,148.0,5.0,3.0,8.0,3.0,21.142857142857142,14.0,0
9.0,1.0,0.3333333333333333,8.0,165.0,4.0,1.0,7.0,1.0,55.0,28.0,0
23.0,0.0,0.0,8.0,199.0,4.0,4.0,7.0,1.0,66.33333333333333,15.0,0
22.0,0.0,0.0,1.0,148.0,4.0,3.0,7.0,1.0,49.333333333333336,27.0,0
5.0,0.0,0.0,1.0,194.0,4.0,3.0,7.0,3.0,64.66666666666667,27.0,0
10.0,0.0,0.0,2.0,172.0,4.0,1.0,8.0,1.0,57.333333333333336,14.0,0
12.0,0.0,0.0,12.0,261.0,4.0,5.0,8.0,1.0,37.285714285714285,7.0,0
6.0,0.0,0.0,3.0,148.0,5.0,4.0,9.0,1.0,49.333333333333336,7.0,0
1.0,1.0,0.3333333333333333,1.0,149.0,5.0,4.0,8.0,3.0,49.666666666666664,26.0,1
14.0,0.0,0.0,3.0,222.0,5.0,4.0,9.0,3.0,74.0,17.0,0
1.0,0.0,0.0,8.0,168.0,5.0,5.0,8.0,3.0,56.0,7.0,0
15.0,1.0,0.25,18.0,172.0,4.0,5.0,7.0,1.0,43.0,13.0,0
10.0,0.0,0.0,10.0,150.0,4.0,3.0,8.0,1.0,30.0,9.0,0
1.0,1.0,0.3333333333333333,1.0,146.0,5.0,4.0,8.0,3.0,48.666666666666664,28.0,1
1.0,0.0,0.0,1.0,155.0,4.0,5.0,7.0,1.0,51.666666666666664,11.0,1
5.0,1.0,0.1,6.0,184.0,4.0,1.0,7.0,1.0,18.4,19.0,0
14.0,1.0,0.3333333333333333,1.0,161.0,4.0,4.0,7.0,1.0,53.666666666666664,16.0,0
6.0,0.0,0.0,4.0,192.0,4.0,5.0,8.0,1.0,24.0,10.0,0
1.0,1.0,0.2,3.0,228.0,5.0,1.0,8.0,3.0,45.6,10.0,1
7.0,0.0,0.0,5.0,194.0,5.0,1.0,8.0,1.0,64.66666666666667,7.0,0
1.0,0.0,0.0,3.0,231.0,5.0,3.0,8.0,3.0,17.76923076923077,7.0,1
19.0,0.0,0.0,9.0,169.0,4.0,4.0,7.0,1.0,56.333333333333336,11.0,0
3.0,0.0,0.0,3.0,147.0,4.0,1.0,7.0,3.0,49.0,27.0,0
9.0,0.0,0.0,1.0,171.0,4.0,3.0,7.0,3.0,57.0,25.0,0
26.0,0.0,0.0,9.0,296.0,4.0,1.0,8.0,1.0,32.888888888888886,7.0,0
21.0,0.0,0.0,1.0,150.0,4.0,3.0,7.0,1.0,50.0,9.0,1
27.0,0.0,0.0,3.0,274.0,4.0,3.0,7.0,3.0,16.11764705882353,9.0,0
4.0,0.0,0.0,8.0,198.0,4.0,3.0,8.0,3.0,22.0,15.0,0
12.0,1.0,0.3333333333333333,4.0,182.0,4.0,1.0,7.0,3.0,60.666666666666664,17.0,0
9.0,0.0,0.0,9.0,203.0,4.0,1.0,8.0,3.0,67.66666666666667,10.0,0
13.0,0.0,0.0,8.0,204.0,2.0,3.0,5.0,3.0,68.0,9.0,0
4.0,1.0,0.3333333333333333,1.0,257.0,2.0,4.0,6.0,3.0,85.66666666666667,31.0,1
21.0,1.0,0.25,8.0,176.0,2.0,3.0,6.0,1.0,44.0,23.0,0
10.0,0.0,0.0,8.0,176.0,4.0,1.0,7.0,3.0,58.666666666666664,15.0,0
1.0,1.0,0.3333333333333333,3.0,148.0,5.0,5.0,8.0,1.0,49.333333333333336,16.0,1
7.0,0.0,0.0,1.0,299.0,4.0,3.0,7.0,3.0,37.375,24.0,0
1.0,1.0,0.3333333333333333,1.0,149.0,5.0,5.0,9.0,1.0,49.666666666666664,17.0,1
7.0,0.0,0.0,3.0,160.0,4.0,1.0,7.0,1.0,53.333333333333336,20.0,0
19.0,0.0,0.0,3.0,148.0,4.0,1.0,8.0,1.0,49.333333333333336,7.0,0
24.0,0.0,0.0,4.0,299.0,4.0,1.0,8.0,1.0,99.66666666666667,7.0,0
7.0,1.0,0.3333333333333333,3.0,180.0,2.0,4.0,5.0,1.0,60.0,7.0,0
15.0,0.0,0.0,12.0,319.0,4.0,3.0,8.0,1.0,106.33333333333333,16.0,0
1.0,0.0,0.0,3.0,153.0,4.0,4.0,7.0,1.0,38.25,23.0,0
19.0,1.0,0.3333333333333333,9.0,161.0,4.0,5.0,7.0,1.0,53.666666666666664,30.0,0
21.0,1.0,0.3333333333333333,8.0,167.0,4.0,1.0,7.0,3.0,55.666666666666664,11.0,0
1.0,1.0,0.3333333333333333,2.0,146.0,4.0,3.0,7.0,1.0,48.666666666666664,29.0,1
24.0,1.0,0.3333333333333333,6.0,265.0,4.0,3.0,8.0,1.0,88.33333333333333,31.0,0
12.0,0.0,0.0,3.0,152.0,4.0,3.0,8.0,1.0,50.666666666666664,17.0,0
20.0,0.0,0.0,8.0,233.0,4.0,3.0,8.0,1.0,77.66666666666667,14.0,0
1.0,0.0,0.0,3.0,169.0,5.0,3.0,8.0,1.0,33.8,24.0,0
1.0,1.0,0.3333333333333333,3.0,162.0,5.0,4.0,8.0,1.0,54.0,21.0,1
5.0,0.0,0.0,4.0,166.0,4.0,5.0,8.0,1.0,55.333333333333336,7.0,0
1.0,0.0,0.0,1.0,136.0,4.0,1.0,8.0,1.0,45.333333333333336,12.0,0
28.0,0.0,0.0,9.0,232.0,4.0,3.0,7.0,1.0,77.33333333333333,24.0,0
9.0,1.0,0.08333333333333333,3.0,229.0,4.0,3.0,7.0,1.0,19.083333333333332,32.0,0
4.0,1.0,0.3333333333333333,8.0,239.0,2.0,5.0,6.0,1.0,79.66666666666667,15.0,0
1.0,1.0,0.3333333333333333,1.0,151.0,5.0,5.0,9.0,1.0,50.333333333333336,18.0,1
1.0,0.0,0.0,3.0,149.0,4.0,4.0,7.0,1.0,49.666666666666664,12.0,1
1.0,0.0,0.0,4.0,180.0,2.0,1.0,5.0,1.0,60.0,9.0,0
1.0,0.0,0.0,2.0,150.0,6.0,5.0,10.0,1.0,50.0,15.0,0
22.0,0.0,0.0,3.0,167.0,5.0,3.0,9.0,1.0,41.75,13.0,0
22.0,0.0,0.0,9.0,235.0,5.0,3.0,9.0,1.0,78.33333333333333,11.0,0
15.0,0.0,0.0,2.0,175.0,4.0,3.0,7.0,1.0,43.75,14.0,0
13.0,0.0,0.0,9.0,252.0,5.0,1.0,9.0,1.0,84.0,7.0,0
1.0,0.0,0.0,3.0,167.0,4.0,1.0,7.0,1.0,41.75,9.0,0
9.0,0.0,0.0,3.0,164.0,4.0,1.0,7.0,1.0,54.666666666666664,17.0,0
1.0,0.0,0.0,1.0,308.0,4.0,3.0,7.0,3.0,102.66666666666667,12.0,0
24.0,0.0,0.0,1.0,149.0,4.0,1.0,8.0,1.0,49.666666666666664,16.0,0
31.0,1.0,0.16666666666666666,4.0,262.0,5.0,1.0,9.0,1.0,43.666666666666664,9.0,0
1.0,0.0,0.0,1.0,173.0,6.0,4.0,10.0,1.0,57.666666666666664,18.0,1
29.0,1.0,0.125,8.0,189.0,4.0,4.0,8.0,1.0,23.625,25.0,0
15.0,0.0,0.0,11.0,325.0,6.0,3.0,9.0,1.0,46.42857142857143,14.0,0
12.0,1.0,0.3333333333333333,1.0,194.0,4.0,1.0,7.0,3.0,64.66666666666667,10.0,0
1.0,0.0,0.0,3.0,175.0,6.0,5.0,10.0,3.0,43.75,36.0,1
16.0,0.0,0.0,10.0,323.0,6.0,1.0,9.0,3.0,40.375,9.0,1
18.0,1.0,0.3333333333333333,12.0,258.0,2.0,1.0,5.0,3.0,86.0,35.0,0
24.0,0.0,0.0,14.0,188.0,4.0,3.0,8.0,3.0,62.666666666666664,7.0,0
1.0,0.0,0.0,15.0,152.0,2.0,5.0,5.0,1.0,8.941176470588236,23.0,1
13.0,1.0,0.3333333333333333,9.0,234.0,4.0,5.0,7.0,1.0,78.0,29.0,0
7.0,0.0,0.0,3.0,148.0,5.0,1.0,8.0,3.0,37.0,15.0,0
19.0,0.0,0.0,2.0,302.0,4.0,1.0,7.0,3.0,100.66666666666667,18.0,0
6.0,0.0,0.0,8.0,165.0,4.0,3.0,8.0,1.0,18.333333333333332,36.0,0
8.0,0.0,0.0,3.0,222.0,2.0,1.0,6.0,3.0,74.0,7.0,0
31.0,1.0,0.3333333333333333,5.0,244.0,4.0,1.0,8.0,3.0,81.33333333333333,7.0,0
19.0,0.0,0.0,5.0,147.0,4.0,4.0,7.0,2.0,49.0,31.0,0
27.0,0.0,0.0,13.0,200.0,5.0,4.0,8.0,3.0,25.0,9.0,0
1.0,0.0,0.0,1.0,173.0,4.0,3.0,7.0,1.0,57.666666666666664,22.0,1
1.0,1.0,0.3333333333333333,3.0,145.0,4.0,5.0,7.0,1.0,48.333333333333336,9.0,1
8.0,1.0,0.3333333333333333,1.0,147.0,4.0,3.0,7.0,3.0,49.0,17.0,0
2.0,0.0,0.0,1.0,136.0,4.0,4.0,8.0,3.0,45.333333333333336,17.0,0
12.0,0.0,0.0,3.0,153.0,4.0,3.0,7.0,1.0,38.25,10.0,0
24.0,1.0,0.1111111111111111,8.0,317.0,4.0,3.0,8.0,1.0,35.22222222222222,9.0,0
11.0,0.0,0.0,2.0,166.0,4.0,4.0,7.0,1.0,55.333333333333336,10.0,0
14.0,0.0,0.0,6.0,209.0,4.0,5.0,8.0,3.0,23.22222222222222,33.0,0
1.0,0.0,0.0,4.0,145.0,5.0,3.0,9.0,1.0,48.333333333333336,7.0,0
20.0,0.0,0.0,3.0,321.0,4.0,1.0,7.0,1.0,80.25,7.0,0
28.0,0.0,0.0,1.0,232.0,5.0,3.0,8.0,3.0,77.33333333333333,9.0,0
30.0,0.0,0.0,4.0,154.0,4.0,3.0,8.0,1.0,51.333333333333336,16.0,0
10.0,0.0,0.0,3.0,214.0,5.0,1.0,8.0,1.0,23.77777777777778,19.0,0
29.0,0.0,0.0,3.0,293.0,5.0,5.0,8.0,1.0,36.625,9.0,0
17.0,0.0,0.0,1.0,233.0,5.0,1.0,9.0,3.0,77.66666666666667,32.0,0
1.0,1.0,0.3333333333333333,3.0,148.0,4.0,1.0,7.0,3.0,49.333333333333336,16.0,1
1.0,0.0,0.0,1.0,139.0,5.0,5.0,8.0,1.0,46.333333333333336,17.0,1
20.0,1.0,0.3333333333333333,8.0,171.0,5.0,5.0,9.0,1.0,57.0,15.0,0
15.0,1.0,0.25,8.0,150.0,4.0,3.0,7.0,1.0,37.5,11.0,1
1.0,0.0,0.0,3.0,212.0,5.0,5.0,9.0,1.0,70.66666666666667,31.0,1
1.0,0.0,0.0,4.0,165.0,5.0,5.0,8.0,1.0,55.0,7.0,0
4.0,0.0,0.0,3.0,225.0,4.0,5.0,7.0,1.0,75.0,27.0,0
15.0,0.0,0.0,9.0,159.0,2.0,3.0,5.0,1.0,53.0,14.0,0
12.0,0.0,0.0,3.0,213.0,5.0,3.0,9.0,1.0,71.0,24.0,0
14.0,0.0,0.0,3.0,228.0,4.0,1.0,8.0,1.0,17.53846153846154,27.0,0
1.0,0.0,0.0,3.0,171.0,6.0,3.0,9.0,1.0,57.0,15.0,0
29.0,0.0,0.0,3.0,235.0,4.0,4.0,8.0,1.0,78.33333333333333,9.0,0
2.0,0.0,0.0,8.0,162.0,4.0,3.0,7.0,1.0,54.0,17.0,0
8.0,0.0,0.0,3.0,230.0,5.0,5.0,9.0,2.0,46.0,7.0,1
7.0,0.0,0.0,3.0,196.0,5.0,1.0,8.0,1.0,65.33333333333333,12.0,0
1.0,1.0,0.16666666666666666,3.0,221.0,4.0,5.0,7.0,3.0,36.833333333333336,11.0,1
1.0,0.0,0.0,9.0,170.0,5.0,3.0,8.0,1.0,34.0,36.0,1
2.0,0.0,0.0,3.0,147.0,4.0,3.0,7.0,1.0,36.75,22.0,0
8.0,0.0,0.0,5.0,203.0,4.0,1.0,7.0,1.0,67.66666666666667,10.0,0
11.0,1.0,0.3333333333333333,1.0,192.0,5.0,1.0,8.0,3.0,64.0,17.0,0
1.0,1.0,0.14285714285714285,7.0,162.0,4.0,1.0,7.0,1.0,23.142857142857142,11.0,1
1.0,0.0,0.0,1.0,149.0,4.0,3.0,7.0,1.0,49.666666666666664,28.0,1
1.0,1.0,0.25,3.0,148.0,5.0,4.0,8.0,1.0,37.0,32.0,1
16.0,0.0,0.0,8.0,302.0,4.0,5.0,7.0,1.0,20.133333333333333,9.0,0
1.0,0.0,0.0,1.0,151.0,5.0,4.0,8.0,1.0,50.333333333333336,7.0,1
14.0,1.0,0.3333333333333333,1.0,172.0,4.0,3.0,7.0,3.0,57.333333333333336,7.0,1
7.0,0.0,0.0,3.0,168.0,4.0,4.0,6.0,3.0,56.0,14.0,0
8.0,0.0,0.0,1.0,155.0,5.0,1.0,8.0,1.0,51.666666666666664,10.0,0
22.0,0.0,0.0,2.0,294.0,2.0,1.0,5.0,1.0,73.5,7.0,0
19.0,0.0,0.0,13.0,181.0,5.0,3.0,9.0,3.0,30.166666666666668,16.0,0
26.0,0.0,0.0,3.0,229.0,4.0,4.0,7.0,1.0,38.166666666666664,6.0,0
12.0,1.0,0.25,3.0,212.0,5.0,3.0,9.0,3.0,53.0,17.0,0
3.0,0.0,0.0,8.0,150.0,4.0,1.0,8.0,1.0,50.0,35.0,0
2.0,0.0,0.0,8.0,202.0,4.0,4.0,8.0,1.0,67.33333333333333,10.0,0
20.0,0.0,0.0,10.0,300.0,4.0,3.0,7.0,3.0,50.0,10.0,0
12.0,0.0,0.0,1.0,199.0,4.0,4.0,7.0,3.0,66.33333333333333,9.0,0
17.0,0.0,0.0,2.0,233.0,4.0,5.0,7.0,1.0,77.66666666666667,34.0,0
3.0,0.0,0.0,6.0,247.0,4.0,1.0,7.0,1.0,82.33333333333333,9.0,1
14.0,0.0,0.0,10.0,321.0,5.0,3.0,8.0,1.0,53.5,21.0,0
1.0,1.0,0.25,3.0,146.0,5.0,4.0,9.0,1.0,36.5,7.0,0
13.0,0.0,0.0,4.0,193.0,4.0,4.0,8.0,1.0,64.33333333333333,16.0,0
10.0,0.0,0.0,10.0,203.0,4.0,1.0,8.0,1.0,67.66666666666667,25.0,0
5.0,0.0,0.0,3.0,153.0,2.0,1.0,6.0,3.0,38.25,27.0,0
2.0,0.0,0.0,5.0,157.0,5.0,4.0,9.0,1.0,52.333333333333336,9.0,0
9.0,0.0,0.0,3.0,175.0,4.0,1.0,7.0,3.0,58.333333333333336,18.0,0
23.0,0.0,0.0,4.0,256.0,5.0,4.0,8.0,3.0,85.33333333333333,15.0,0
8.0,0.0,0.0,3.0,165.0,4.0,3.0,8.0,1.0,55.0,9.0,0
3.0,0.0,0.0,2.0,158.0,4.0,4.0,8.0,1.0,52.666666666666664,17.0,0
16.0,0.0,0.0,1.0,168.0,6.0,1.0,9.0,1.0,56.0,36.0,0
3.0,1.0,0.3333333333333333,3.0,176.0,5.0,1.0,9.0,1.0,58.666666666666664,15.0,0
12.0,0.0,0.0,1.0,153.0,2.0,3.0,5.0,2.0,21.857142857142858,7.0,0
2.0,1.0,0.3333333333333333,3.0,152.0,5.0,3.0,8.0,1.0,50.666666666666664,13.0,0
1.0,0.0,0.0,1.0,144.0,4.0,3.0,8.0,1.0,48.0,15.0,1
1.0,1.0,0.3333333333333333,4.0,207.0,4.0,5.0,8.0,3.0,69.0,16.0,1
15.0,1.0,0.3333333333333333,1.0,173.0,4.0,1.0,7.0,1.0,57.666666666666664,19.0,0
1.0,0.0,0.0,3.0,151.0,4.0,3.0,8.0,1.0,37.75,22.0,1
11.0,0.0,0.0,4.0,182.0,5.0,1.0,8.0,1.0,60.666666666666664,32.0,0
1.0,0.0,0.0,3.0,150.0,5.0,3.0,8.0,1.0,37.5,13.0,0
8.0,0.0,0.0,4.0,182.0,4.0,3.0,8.0,3.0,60.666666666666664,16.0,0
9.0,0.0,0.0,5.0,168.0,4.0,3.0,8.0,2.0,56.0,15.0,0
1.0,0.0,0.0,11.0,198.0,5.0,5.0,8.0,3.0,39.6,30.0,1
14.0,0.0,0.0,14.0,260.0,4.0,3.0,7.0,1.0,86.66666666666667,16.0,0
6.0,1.0,0.06666666666666667,15.0,263.0,4.0,5.0,7.0,3.0,17.533333333333335,19.0,1
16.0,0.0,0.0,6.0,177.0,4.0,5.0,7.0,3.0,59.0,11.0,0
9.0,0.0,0.0,8.0,148.0,5.0,3.0,8.0,1.0,49.333333333333336,7.0,0
1.0,0.0,0.0,3.0,161.0,4.0,4.0,7.0,1.0,53.666666666666664,31.0,0
1.0,1.0,0.3333333333333333,1.0,150.0,4.0,1.0,8.0,1.0,50.0,19.0,1
1.0,0.0,0.0,8.0,169.0,2.0,1.0,5.0,1.0,56.333333333333336,10.0,0
4.0,0.0,0.0,5.0,191.0,5.0,3.0,9.0,3.0,63.666666666666664,17.0,0
14.0,1.0,0.3333333333333333,1.0,169.0,5.0,1.0,9.0,1.0,56.333333333333336,33.0,0
9.0,0.0,0.0,3.0,228.0,5.0,4.0,8.0,1.0,28.5,9.0,0
8.0,0.0,0.0,10.0,178.0,5.0,5.0,9.0,1.0,29.666666666666668,8.0,0
9.0,0.0,0.0,3.0,149.0,5.0,1.0,8.0,1.0,37.25,11.0,0
7.0,0.0,0.0,4.0,178.0,6.0,3.0,9.0,3.0,59.333333333333336,16.0,1
6.0,0.0,0.0,1.0,153.0,4.0,5.0,8.0,3.0,51.0,9.0,0
30.0,0.0,0.0,3.0,324.0,4.0,5.0,8.0,1.0,54.0,11.0,0
3.0,0.0,0.0,9.0,156.0,4.0,1.0,7.0,1.0,52.0,13.0,0
1.0,0.0,0.0,1.0,151.0,4.0,5.0,7.0,1.0,50.333333333333336,16.0,0
19.0,1.0,0.3333333333333333,3.0,170.0,4.0,3.0,7.0,1.0,56.666666666666664,14.0,0
11.0,0.0,0.0,12.0,190.0,5.0,1.0,8.0,1.0,38.0,8.0,0
1.0,0.0,0.0,3.0,155.0,5.0,3.0,8.0,1.0,51.666666666666664,6.0,0
8.0,1.0,0.3333333333333333,3.0,154.0,4.0,3.0,8.0,1.0,51.333333333333336,17.0,1
27.0,0.0,0.0,8.0,311.0,4.0,3.0,7.0,1.0,51.833333333333336,14.0,0
3.0,1.0,0.3333333333333333,4.0,147.0,6.0,1.0,10.0,1.0,49.0,22.0,0
1.0,1.0,0.3333333333333333,1.0,154.0,5.0,1.0,8.0,1.0,51.333333333333336,10.0,1
20.0,0.0,0.0,10.0,295.0,4.0,5.0,8.0,3.0,17.352941176470587,9.0,0
18.0,0.0,0.0,1.0,148.0,6.0,3.0,10.0,1.0,49.333333333333336,24.0,0
7.0,0.0,0.0,5.0,161.0,4.0,3.0,8.0,2.0,53.666666666666664,9.0,0
5.0,0.0,0.0,1.0,146.0,5.0,5.0,9.0,1.0,48.666666666666664,12.0,1
4.0,0.0,0.0,4.0,166.0,4.0,5.0,8.0,3.0,55.333333333333336,36.0,0
14.0,0.0,0.0,1.0,168.0,4.0,4.0,8.0,3.0,56.0,9.0,0
24.0,0.0,0.0,3.0,304.0,4.0,5.0,6.0,1.0,76.0,9.0,0
2.0,0.0,0.0,4.0,157.0,5.0,5.0,9.0,1.0,31.4,26.0,0
20.0,0.0,0.0,4.0,316.0,4.0,4.0,7.0,1.0,105.33333333333333,22.0,0
9.0,1.0,0.3333333333333333,3.0,215.0,4.0,5.0,8.0,3.0,71.66666666666667,24.0,0
1.0,0.0,0.0,1.0,147.0,4.0,4.0,8.0,1.0,49.0,24.0,1
7.0,0.0,0.0,2.0,170.0,4.0,3.0,7.0,3.0,56.666666666666664,32.0,0
10.0,0.0,0.0,8.0,152.0,6.0,3.0,9.0,1.0,50.666666666666664,13.0,0
4.0,0.0,0.0,10.0,160.0,4.0,3.0,7.0,1.0,16.0,14.0,0
18.0,0.0,0.0,18.0,170.0,4.0,1.0,7.0,1.0,11.333333333333334,36.0,0
1.0,0.0,0.0,3.0,152.0,2.0,1.0,5.0,3.0,38.0,28.0,0
20.0,0.0,0.0,5.0,199.0,4.0,1.0,7.0,1.0,66.33333333333333,9.0,0
16.0,0.0,0.0,4.0,188.0,2.0,5.0,6.0,2.0,62.666666666666664,9.0,0
31.0,1.0,0.3333333333333333,10.0,177.0,2.0,1.0,5.0,3.0,59.0,14.0,0
6.0,0.0,0.0,3.0,159.0,5.0,4.0,9.0,1.0,39.75,20.0,0
6.0,1.0,0.3333333333333333,8.0,175.0,4.0,3.0,7.0,1.0,58.333333333333336,9.0,0
10.0,1.0,0.1111111111111111,3.0,228.0,6.0,5.0,10.0,1.0,25.333333333333332,8.0,0
7.0,0.0,0.0,11.0,153.0,4.0,1.0,7.0,1.0,25.5,16.0,0
14.0,0.0,0.0,4.0,194.0,5.0,4.0,8.0,3.0,64.66666666666667,17.0,0
1.0,0.0,0.0,2.0,175.0,4.0,1.0,7.0,3.0,58.333333333333336,17.0,0
4.0,1.0,0.14285714285714285,8.0,161.0,4.0,4.0,8.0,1.0,23.0,8.0,0
16.0,1.0,0.3333333333333333,1.0,257.0,4.0,5.0,7.0,1.0,85.66666666666667,33.0,0
9.0,1.0,0.16666666666666666,3.0,229.0,5.0,1.0,9.0,3.0,38.166666666666664,15.0,0
1.0,1.0,0.125,9.0,147.0,4.0,5.0,7.0,1.0,18.375,21.0,0
28.0,0.0,0.0,3.0,230.0,4.0,3.0,7.0,1.0,76.66666666666667,8.0,0
18.0,0.0,0.0,8.0,145.0,2.0,1.0,6.0,1.0,16.11111111111111,9.0,0
1.0,1.0,0.3333333333333333,1.0,144.0,5.0,4.0,9.0,1.0,48.0,17.0,1
3.0,0.0,0.0,3.0,163.0,4.0,1.0,8.0,1.0,54.333333333333336,8.0,0
28.0,0.0,0.0,10.0,303.0,4.0,1.0,7.0,1.0,101.0,10.0,0
5.0,1.0,0.3333333333333333,2.0,193.0,4.0,5.0,8.0,1.0,64.33333333333333,18.0,0
5.0,0.0,0.0,9.0,193.0,5.0,5.0,9.0,1.0,64.33333333333333,31.0,0
31.0,0.0,0.0,6.0,177.0,5.0,1.0,8.0,3.0,59.0,10.0,0
17.0,0.0,0.0,8.0,322.0,6.0,1.0,10.0,1.0,107.33333333333333,10.0,0
23.0,0.0,0.0,1.0,312.0,5.0,3.0,8.0,1.0,104.0,11.0,0
10.0,0.0,0.0,8.0,162.0,4.0,4.0,7.0,1.0,54.0,10.0,0
22.0,0.0,0.0,1.0,151.0,2.0,4.0,6.0,1.0,50.333333333333336,9.0,0
1.0,0.0,0.0,4.0,150.0,4.0,3.0,8.0,1.0,50.0,11.0,0
3.0,1.0,0.3333333333333333,1.0,191.0,4.0,1.0,7.0,1.0,63.666666666666664,14.0,0
22.0,0.0,0.0,1.0,308.0,5.0,1.0,9.0,1.0,102.66666666666667,8.0,0
3.0,0.0,0.0,8.0,286.0,5.0,1.0,8.0,1.0,95.33333333333333,8.0,0
8.0,0.0,0.0,1.0,151.0,2.0,3.0,5.0,1.0,50.333333333333336,27.0,0
18.0,0.0,0.0,11.0,307.0,4.0,4.0,7.0,3.0,61.4,12.0,0
7.0,1.0,0.3333333333333333,9.0,209.0,2.0,3.0,5.0,3.0,69.66666666666667,17.0,0
1.0,1.0,0.3333333333333333,2.0,155.0,2.0,1.0,5.0,1.0,51.666666666666664,32.0,0
1.0,0.0,0.0,2.0,137.0,4.0,3.0,7.0,1.0,45.666666666666664,8.0,0
1.0,1.0,0.3333333333333333,1.0,136.0,6.0,1.0,10.0,3.0,45.333333333333336,31.0,1
1.0,1.0,0.25,3.0,154.0,4.0,1.0,7.0,1.0,38.5,11.0,0
9.0,1.0,0.3333333333333333,12.0,313.0,6.0,4.0,10.0,3.0,104.33333333333333,9.0,1
29.0,1.0,0.058823529411764705,1.0,261.0,5.0,4.0,8.0,1.0,15.352941176470589,15.0,0
1.0,0.0,0.0,3.0,151.0,5.0,3.0,8.0,1.0,37.75,17.0,1
20.0,0.0,0.0,9.0,313.0,5.0,4.0,8.0,3.0,104.33333333333333,11.0,0
8.0,1.0,0.3333333333333333,3.0,170.0,4.0,5.0,7.0,3.0,56.666666666666664,9.0,0
25.0,1.0,0.07692307692307693,11.0,323.0,4.0,4.0,7.0,3.0,24.846153846153847,16.0,0
31.0,0.0,0.0,3.0,230.0,4.0,1.0,8.0,1.0,32.857142857142854,25.0,0
8.0,0.0,0.0,11.0,169.0,4.0,4.0,7.0,1.0,24.142857142857142,26.0,0
2.0,1.0,0.3333333333333333,3.0,147.0,4.0,3.0,7.0,1.0,49.0,8.0,0
18.0,0.0,0.0,14.0,317.0,2.0,5.0,6.0,1.0,19.8125,11.0,0
8.0,0.0,0.0,9.0,170.0,5.0,4.0,8.0,2.0,56.666666666666664,18.0,0
9.0,1.0,0.25,3.0,160.0,4.0,3.0,8.0,1.0,40.0,13.0,0
16.0,1.0,0.3333333333333333,1.0,149.0,2.0,4.0,6.0,1.0,49.666666666666664,14.0,0
17.0,0.0,0.0,3.0,227.0,5.0,1.0,8.0,3.0,13.352941176470589,11.0,0
10.0,1.0,0.14285714285714285,13.0,179.0,4.0,4.0,7.0,1.0,25.571428571428573,9.0,0
8.0,0.0,0.0,6.0,205.0,4.0,1.0,8.0,1.0,68.33333333333333,22.0,1
2.0,1.0,0.25,3.0,164.0,5.0,1.0,8.0,1.0,41.0,9.0,0
25.0,0.0,0.0,8.0,153.0,5.0,3.0,8.0,1.0,17.0,13.0,0
4.0,1.0,0.3333333333333333,8.0,172.0,4.0,3.0,8.0,1.0,57.333333333333336,16.0,0
1.0,1.0,0.1111111111111111,8.0,158.0,4.0,3.0,7.0,1.0,17.555555555555557,14.0,1
2.0,0.0,0.0,3.0,146.0,4.0,5.0,7.0,1.0,48.666666666666664,8.0,0
1.0,0.0,0.0,2.0,146.0,4.0,4.0,7.0,1.0,36.5,8.0,0
6.0,0.0,0.0,9.0,187.0,2.0,1.0,5.0,3.0,62.333333333333336,15.0,0
19.0,0.0,0.0,1.0,306.0,4.0,4.0,7.0,1.0,102.0,32.0,0
13.0,1.0,0.058823529411764705,3.0,296.0,5.0,4.0,9.0,1.0,17.41176470588235,20.0,0
31.0,0.0,0.0,3.0,149.0,4.0,3.0,7.0,1.0,37.25,30.0,0
1.0,0.0,0.0,2.0,174.0,4.0,3.0,8.0,1.0,58.0,14.0,1
3.0,0.0,0.0,4.0,164.0,4.0,5.0,8.0,1.0,54.666666666666664,30.0,1
4.0,0.0,0.0,8.0,171.0,5.0,1.0,8.0,1.0,21.375,13.0,0
10.0,0.0,0.0,8.0,196.0,4.0,3.0,8.0,1.0,65.33333333333333,17.0,0
20.0,0.0,0.0,8.0,159.0,4.0,5.0,7.0,2.0,22.714285714285715,8.0,0
2.0,0.0,0.0,6.0,192.0,6.0,1.0,9.0,1.0,21.333333333333332,8.0,0
24.0,1.0,0.3333333333333333,3.0,294.0,4.0,5.0,7.0,1.0,98.0,35.0,0
4.0,1.0,0.3333333333333333,3.0,216.0,5.0,4.0,8.0,3.0,72.0,32.0,1
16.0,1.0,0.1111111111111111,3.0,209.0,4.0,4.0,8.0,3.0,23.22222222222222,12.0,1
4.0,1.0,0.3333333333333333,9.0,244.0,4.0,5.0,8.0,1.0,81.33333333333333,24.0,0
13.0,0.0,0.0,8.0,170.0,4.0,3.0,7.0,1.0,56.666666666666664,25.0,0
5.0,1.0,0.09090909090909091,3.0,224.0,4.0,3.0,7.0,3.0,20.363636363636363,9.0,0
15.0,0.0,0.0,10.0,187.0,6.0,4.0,9.0,3.0,14.384615384615385,17.0,0
1.0,1.0,0.25,3.0,148.0,4.0,4.0,7.0,3.0,37.0,8.0,1
8.0,0.0,0.0,3.0,149.0,4.0,5.0,7.0,1.0,49.666666666666664,10.0,1
16.0,1.0,0.25,11.0,304.0,4.0,3.0,7.0,1.0,76.0,9.0,0
29.0,0.0,0.0,12.0,317.0,6.0,3.0,9.0,1.0,28.818181818181817,9.0,0
30.0,0.0,0.0,8.0,322.0,4.0,4.0,8.0,2.0,35.77777777777778,15.0,0
14.0,0.0,0.0,1.0,160.0,4.0,3.0,8.0,1.0,53.333333333333336,23.0,0
8.0,0.0,0.0,3.0,210.0,4.0,1.0,7.0,1.0,70.0,16.0,0
14.0,0.0,0.0,9.0,172.0,4.0,1.0,8.0,1.0,17.2,9.0,0
15.0,0.0,0.0,8.0,166.0,4.0,5.0,8.0,3.0,55.333333333333336,8.0,0
9.0,1.0,0.3333333333333333,2.0,167.0,4.0,3.0,7.0,1.0,55.666666666666664,11.0,0
25.0,1.0,0.3333333333333333,11.0,265.0,4.0,4.0,7.0,2.0,88.33333333333333,12.0,0
12.0,0.0,0.0,8.0,194.0,4.0,5.0,7.0,3.0,64.66666666666667,9.0,0
8.0,0.0,0.0,7.0,186.0,4.0,5.0,8.0,3.0,16.90909090909091,22.0,0
1.0,0.0,0.0,3.0,162.0,4.0,1.0,8.0,1.0,54.0,26.0,0
21.0,1.0,0.14285714285714285,3.0,225.0,5.0,5.0,8.0,1.0,32.142857142857146,14.0,1
14.0,0.0,0.0,4.0,149.0,4.0,4.0,7.0,1.0,49.666666666666664,8.0,0
10.0,0.0,0.0,14.0,171.0,2.0,5.0,5.0,3.0,21.375,14.0,0
22.0,0.0,0.0,9.0,204.0,4.0,1.0,7.0,1.0,68.0,11.0,0
1.0,0.0,0.0,1.0,150.0,2.0,1.0,6.0,3.0,50.0,18.0,0
25.0,0.0,0.0,4.0,256.0,5.0,4.0,8.0,1.0,85.33333333333333,18.0,0
1.0,0.0,0.0,1.0,141.0,4.0,1.0,8.0,1.0,47.0,8.0,0
9.0,0.0,0.0,1.0,179.0,5.0,1.0,8.0,1.0,59.666666666666664,8.0,0
1.0,0.0,0.0,1.0,176.0,6.0,1.0,9.0,3.0,58.666666666666664,9.0,0
19.0,1.0,0.2,9.0,262.0,2.0,3.0,5.0,3.0,52.4,20.0,1
30.0,1.0,0.3333333333333333,10.0,259.0,4.0,4.0,8.0,1.0,86.33333333333333,30.0,0
8.0,0.0,0.0,1.0,145.0,5.0,3.0,9.0,1.0,48.333333333333336,33.0,0
14.0,0.0,0.0,9.0,189.0,2.0,3.0,5.0,1.0,14.538461538461538,9.0,0
8.0,0.0,0.0,8.0,179.0,4.0,3.0,7.0,1.0,19.88888888888889,36.0,0
1.0,0.0,0.0,1.0,153.0,5.0,1.0,8.0,3.0,51.0,9.0,1
1.0,1.0,0.2,3.0,171.0,4.0,3.0,8.0,3.0,34.2,25.0,1
12.0,0.0,0.0,4.0,151.0,2.0,3.0,5.0,1.0,50.333333333333336,14.0,0
8.0,0.0,0.0,12.0,192.0,4.0,1.0,8.0,1.0,32.0,9.0,0
2.0,0.0,0.0,5.0,172.0,5.0,5.0,8.0,3.0,57.333333333333336,33.0,0
1.0,1.0,0.125,8.0,187.0,4.0,3.0,8.0,1.0,23.375,29.0,1
13.0,1.0,0.3333333333333333,5.0,186.0,5.0,1.0,8.0,3.0,62.0,28.0,0
25.0,0.0,0.0,3.0,231.0,4.0,4.0,7.0,3.0,46.2,9.0,0
15.0,1.0,0.2,4.0,180.0,4.0,1.0,8.0,1.0,36.0,29.0,0
11.0,1.0,0.3333333333333333,4.0,155.0,4.0,3.0,7.0,1.0,51.666666666666664,11.0,0
7.0,0.0,0.0,3.0,225.0,4.0,1.0,8.0,3.0,75.0,12.0,0
6.0,1.0,0.3333333333333333,3.0,166.0,4.0,4.0,7.0,3.0,55.333333333333336,9.0,0
13.0,0.0,0.0,6.0,234.0,4.0,3.0,8.0,1.0,78.0,32.0,0
1.0,0.0,0.0,3.0,187.0,2.0,3.0,6.0,3.0,62.333333333333336,25.0,0
26.0,1.0,0.3333333333333333,3.0,257.0,2.0,3.0,5.0,1.0,85.66666666666667,35.0,0
17.0,1.0,0.3333333333333333,9.0,166.0,5.0,3.0,9.0,1.0,55.333333333333336,13.0,0
1.0,1.0,0.16666666666666666,5.0,183.0,5.0,1.0,9.0,3.0,30.5,17.0,0
1.0,1.0,0.1111111111111111,8.0,149.0,4.0,3.0,7.0,1.0,16.555555555555557,24.0,1
1.0,0.0,0.0,2.0,164.0,5.0,1.0,8.0,1.0,54.666666666666664,9.0,0
16.0,0.0,0.0,10.0,293.0,4.0,5.0,7.0,2.0,97.66666666666667,17.0,0
26.0,0.0,0.0,5.0,155.0,4.0,5.0,7.0,1.0,51.666666666666664,15.0,0
11.0,0.0,0.0,3.0,161.0,4.0,3.0,8.0,1.0,53.666666666666664,18.0,0
9.0,0.0,0.0,3.0,219.0,4.0,1.0,7.0,1.0,54.75,25.0,0
1.0,0.0,0.0,3.0,157.0,4.0,1.0,7.0,1.0,52.333333333333336,8.0,0
1.0,0.0,0.0,8.0,161.0,2.0,5.0,6.0,1.0,53.666666666666664,14.0,0
3.0,0.0,0.0,10.0,205.0,5.0,5.0,8.0,2.0,68.33333333333333,24.0,0
13.0,0.0,0.0,4.0,168.0,5.0,5.0,9.0,1.0,56.0,35.0,1
1.0,1.0,0.1111111111111111,8.0,201.0,4.0,1.0,7.0,1.0,22.333333333333332,21.0,1
28.0,0.0,0.0,8.0,298.0,4.0,1.0,7.0,1.0,21.285714285714285,8.0,0
31.0,1.0,0.3333333333333333,6.0,322.0,4.0,5.0,8.0,1.0,107.33333333333333,8.0,0
29.0,0.0,0.0,1.0,272.0,2.0,1.0,5.0,1.0,90.66666666666667,8.0,0
10.0,1.0,0.3333333333333333,3.0,218.0,4.0,4.0,8.0,3.0,72.66666666666667,10.0,0
1.0,0.0,0.0,1.0,139.0,6.0,3.0,9.0,3.0,46.333333333333336,8.0,1
4.0,0.0,0.0,3.0,173.0,4.0,5.0,8.0,3.0,57.666666666666664,14.0,0
5.0,0.0,0.0,1.0,289.0,4.0,4.0,8.0,1.0,96.33333333333333,15.0,0
8.0,0.0,0.0,4.0,155.0,4.0,5.0,8.0,1.0,51.666666666666664,8.0,0
1.0,0.0,0.0,1.0,138.0,5.0,4.0,8.0,1.0,46.0,15.0,1
1.0,0.0,0.0,5.0,146.0,4.0,5.0,8.0,1.0,48.666666666666664,18.0,0
10.0,0.0,0.0,9.0,183.0,5.0,1.0,8.0,1.0,61.0,11.0,0
10.0,0.0,0.0,3.0,181.0,5.0,5.0,9.0,3.0,60.333333333333336,23.0,0
21.0,0.0,0.0,3.0,159.0,4.0,1.0,8.0,1.0,53.0,8.0,0
1.0,0.0,0.0,3.0,169.0,5.0,5.0,9.0,3.0,42.25,16.0,1
11.0,0.0,0.0,4.0,160.0,2.0,3.0,5.0,1.0,53.333333333333336,12.0,0
30.0,0.0,0.0,1.0,146.0,4.0,5.0,7.0,1.0,48.666666666666664,8.0,0
21.0,0.0,0.0,7.0,297.0,4.0,3.0,7.0,1.0,42.42857142857143,9.0,0
1.0,1.0,0.3333333333333333,4.0,167.0,4.0,3.0,7.0,3.0,55.666666666666664,11.0,0
6.0,0.0,0.0,3.0,217.0,4.0,1.0,8.0,3.0,72.33333333333333,14.0,0
8.0,0.0,0.0,3.0,158.0,5.0,4.0,8.0,1.0,52.666666666666664,8.0,0
15.0,1.0,0.3333333333333333,4.0,146.0,2.0,3.0,5.0,1.0,48.666666666666664,12.0,0
14.0,0.0,0.0,8.0,165.0,4.0,3.0,7.0,1.0,55.0,16.0,0
5.0,0.0,0.0,10.0,233.0,4.0,1.0,7.0,3.0,77.66666666666667,15.0,0
10.0,0.0,0.0,3.0,226.0,4.0,1.0,7.0,3.0,37.666666666666664,16.0,1
3.0,1.0,0.3333333333333333,1.0,161.0,5.0,5.0,8.0,1.0,53.666666666666664,9.0,1
1.0,0.0,0.0,8.0,199.0,2.0,4.0,6.0,1.0,33.166666666666664,8.0,1
19.0,1.0,0.3333333333333333,8.0,234.0,6.0,5.0,10.0,1.0,78.0,27.0,0
5.0,0.0,0.0,3.0,146.0,2.0,4.0,6.0,2.0,48.666666666666664,15.0,0
1.0,1.0,0.25,3.0,162.0,4.0,1.0,8.0,1.0,40.5,9.0,1
19.0,1.0,0.3333333333333333,3.0,219.0,4.0,1.0,7.0,1.0,73.0,36.0,0
22.0,0.0,0.0,3.0,180.0,4.0,5.0,8.0,3.0,45.0,14.0,0
1.0,0.0,0.0,3.0,152.0,4.0,3.0,7.0,2.0,38.0,16.0,1
14.0,0.0,0.0,9.0,263.0,5.0,4.0,8.0,1.0,43.833333333333336,15.0,0
2.0,0.0,0.0,3.0,210.0,4.0,5.0,7.0,3.0,70.0,12.0,0
18.0,0.0,0.0,4.0,157.0,5.0,3.0,8.0,1.0,52.333333333333336,12.0,0
27.0,0.0,0.0,9.0,291.0,2.0,4.0,5.0,1.0,29.1,9.0,0
23.0,0.0,0.0,3.0,192.0,4.0,3.0,8.0,1.0,64.0,12.0,0
14.0,0.0,0.0,3.0,148.0,4.0,3.0,8.0,1.0,49.333333333333336,9.0,0
18.0,0.0,0.0,4.0,159.0,4.0,4.0,7.0,1.0,53.0,27.0,0
7.0,0.0,0.0,4.0,169.0,4.0,5.0,7.0,3.0,56.333333333333336,14.0,0
8.0,0.0,0.0,13.0,173.0,6.0,5.0,9.0,3.0,34.6,10.0,0
4.0,0.0,0.0,3.0,178.0,4.0,3.0,8.0,3.0,44.5,23.0,0
16.0,0.0,0.0,9.0,162.0,4.0,1.0,8.0,1.0,23.142857142857142,16.0,0
18.0,0.0,0.0,1.0,173.0,4.0,3.0,8.0,3.0,57.666666666666664,8.0,0
4.0,0.0,0.0,1.0,138.0,4.0,3.0,8.0,1.0,46.0,14.0,0
31.0,0.0,0.0,9.0,174.0,2.0,3.0,6.0,1.0,43.5,8.0,0
23.0,0.0,0.0,3.0,230.0,4.0,4.0,7.0,1.0,76.66666666666667,14.0,0
8.0,0.0,0.0,10.0,295.0,4.0,5.0,8.0,1.0,36.875,22.0,0
1.0,0.0,0.0,3.0,154.0,4.0,3.0,8.0,3.0,51.333333333333336,8.0,1
1.0,0.0,0.0,1.0,183.0,4.0,4.0,7.0,3.0,61.0,20.0,1
1.0,1.0,0.08333333333333333,11.0,171.0,5.0,4.0,8.0,3.0,14.25,31.0,1
9.0,0.0,0.0,1.0,149.0,4.0,3.0,8.0,3.0,49.666666666666664,14.0,0
1.0,1.0,0.3333333333333333,1.0,157.0,4.0,5.0,7.0,1.0,52.333333333333336,16.0,1
1.0,0.0,0.0,1.0,145.0,4.0,4.0,8.0,3.0,48.333333333333336,20.0,0
18.0,1.0,0.25,3.0,227.0,4.0,3.0,7.0,1.0,56.75,9.0,0
3.0,0.0,0.0,3.0,211.0,5.0,3.0,9.0,3.0,70.33333333333333,26.0,0
4.0,0.0,0.0,4.0,146.0,4.0,3.0,7.0,2.0,48.666666666666664,8.0,0
29.0,1.0,0.3333333333333333,3.0,165.0,4.0,3.0,6.0,1.0,55.0,11.0,0
7.0,0.0,0.0,3.0,163.0,5.0,4.0,8.0,1.0,54.333333333333336,11.0,0
21.0,1.0,0.3333333333333333,3.0,171.0,4.0,3.0,8.0,3.0,57.0,21.0,0
1.0,0.0,0.0,1.0,151.0,5.0,5.0,8.0,1.0,50.333333333333336,9.0,1
2.0,0.0,0.0,1.0,141.0,5.0,3.0,9.0,1.0,47.0,8.0,0
2.0,0.0,0.0,4.0,174.0,4.0,5.0,7.0,3.0,58.0,14.0,0
23.0,0.0,0.0,3.0,173.0,5.0,5.0,8.0,1.0,57.666666666666664,10.0,0
3.0,0.0,0.0,3.0,157.0,4.0,4.0,8.0,1.0,52.333333333333336,9.0,0
2.0,0.0,0.0,8.0,190.0,6.0,4.0,10.0,1.0,63.333333333333336,36.0,0
7.0,1.0,0.3333333333333333,1.0,189.0,4.0,3.0,8.0,1.0,63.0,15.0,0
6.0,0.0,0.0,1.0,237.0,4.0,1.0,8.0,1.0,79.0,17.0,0
28.0,0.0,0.0,13.0,285.0,4.0,1.0,7.0,1.0,95.0,18.0,0
1.0,0.0,0.0,8.0,149.0,5.0,5.0,9.0,1.0,49.666666666666664,8.0,1
18.0,0.0,0.0,18.0,288.0,4.0,5.0,7.0,1.0,18.0,35.0,0
13.0,0.0,0.0,3.0,209.0,4.0,4.0,7.0,1.0,52.25,13.0,0
20.0,0.0,0.0,2.0,291.0,4.0,4.0,7.0,3.0,41.57142857142857,10.0,0
9.0,0.0,0.0,3.0,211.0,5.0,4.0,9.0,1.0,42.2,23.0,0
1.0,0.0,0.0,3.0,148.0,4.0,3.0,8.0,1.0,49.333333333333336,27.0,0
4.0,0.0,0.0,1.0,145.0,4.0,5.0,7.0,1.0,48.333333333333336,16.0,1
8.0,1.0,0.1,7.0,196.0,5.0,3.0,9.0,3.0,19.6,8.0,0
1.0,0.0,0.0,8.0,166.0,4.0,3.0,7.0,1.0,18.444444444444443,10.0,1
24.0,1.0,0.06666666666666667,10.0,269.0,6.0,1.0,9.0,1.0,17.933333333333334,29.0,0
8.0,1.0,0.14285714285714285,8.0,148.0,4.0,3.0,7.0,3.0,21.142857142857142,14.0,0
16.0,0.0,0.0,1.0,173.0,5.0,4.0,9.0,1.0,57.666666666666664,9.0,0
11.0,0.0,0.0,8.0,168.0,4.0,1.0,7.0,1.0,33.6,20.0,0
3.0,0.0,0.0,3.0,222.0,6.0,5.0,9.0,1.0,74.0,15.0,0
7.0,0.0,0.0,3.0,168.0,5.0,4.0,8.0,1.0,56.0,32.0,0
19.0,0.0,0.0,4.0,146.0,4.0,1.0,8.0,1.0,48.666666666666664,35.0,0
16.0,1.0,0.06666666666666667,3.0,226.0,4.0,1.0,7.0,1.0,15.066666666666666,9.0,0
14.0,0.0,0.0,2.0,180.0,4.0,5.0,7.0,3.0,20.0,16.0,0
7.0,1.0,0.14285714285714285,8.0,177.0,4.0,3.0,8.0,1.0,25.285714285714285,35.0,0
14.0,1.0,0.1111111111111111,8.0,289.0,4.0,1.0,7.0,2.0,32.111111111111114,13.0,0
1.0,0.0,0.0,1.0,148.0,5.0,5.0,8.0,1.0,49.333333333333336,28.0,0
14.0,1.0,0.25,3.0,166.0,4.0,1.0,8.0,1.0,41.5,15.0,0
19.0,0.0,0.0,8.0,199.0,4.0,4.0,8.0,1.0,22.11111111111111,8.0,0
9.0,0.0,0.0,3.0,149.0,5.0,3.0,9.0,3.0,24.833333333333332,35.0,0
6.0,0.0,0.0,6.0,184.0,5.0,4.0,9.0,1.0,46.0,12.0,0
10.0,1.0,0.3333333333333333,3.0,151.0,4.0,1.0,8.0,3.0,50.333333333333336,9.0,0
22.0,0.0,0.0,8.0,189.0,4.0,3.0,8.0,3.0,21.0,23.0,0
3.0,0.0,0.0,1.0,150.0,2.0,3.0,6.0,1.0,50.0,16.0,0
7.0,0.0,0.0,3.0,189.0,4.0,5.0,7.0,3.0,47.25,15.0,0
1.0,0.0,0.0,3.0,222.0,5.0,5.0,9.0,3.0,27.75,8.0,1
12.0,0.0,0.0,3.0,186.0,4.0,3.0,8.0,2.0,62.0,17.0,0
9.0,0.0,0.0,3.0,150.0,5.0,5.0,9.0,1.0,50.0,8.0,0
8.0,0.0,0.0,3.0,218.0,4.0,4.0,7.0,3.0,72.66666666666667,36.0,0
1.0,1.0,0.3333333333333333,1.0,146.0,4.0,5.0,8.0,1.0,48.666666666666664,9.0,1
17.0,0.0,0.0,3.0,227.0,5.0,1.0,9.0,1.0,75.66666666666667,9.0,1
2.0,0.0,0.0,5.0,174.0,4.0,4.0,7.0,1.0,58.0,9.0,1
6.0,0.0,0.0,3.0,166.0,4.0,5.0,8.0,1.0,55.333333333333336,8.0,0
22.0,0.0,0.0,7.0,149.0,4.0,5.0,8.0,1.0,16.555555555555557,22.0,0
8.0,0.0,0.0,1.0,155.0,4.0,1.0,7.0,1.0,51.666666666666664,14.0,0
29.0,0.0,0.0,14.0,321.0,5.0,1.0,8.0,3.0,80.25,33.0,0
8.0,0.0,0.0,2.0,180.0,4.0,1.0,7.0,1.0,45.0,8.0,0
1.0,0.0,0.0,1.0,146.0,4.0,1.0,7.0,1.0,48.666666666666664,10.0,0
12.0,0.0,0.0,3.0,224.0,4.0,4.0,8.0,3.0,24.88888888888889,21.0,0
12.0,0.0,0.0,3.0,167.0,4.0,4.0,7.0,3.0,55.666666666666664,23.0,0
10.0,0.0,0.0,1.0,193.0,4.0,3.0,8.0,3.0,64.33333333333333,8.0,0
3.0,1.0,0.3333333333333333,6.0,172.0,4.0,5.0,7.0,1.0,57.333333333333336,10.0,0
9.0,1.0,0.3333333333333333,5.0,186.0,4.0,3.0,7.0,1.0,62.0,17.0,0
13.0,0.0,0.0,7.0,207.0,2.0,3.0,5.0,3.0,23.0,13.0,0
3.0,0.0,0.0,3.0,214.0,4.0,1.0,7.0,1.0,71.33333333333333,9.0,0
24.0,1.0,0.3333333333333333,1.0,318.0,4.0,3.0,7.0,3.0,106.0,16.0,0
1.0,0.0,0.0,3.0,146.0,2.0,3.0,5.0,1.0,36.5,17.0,0
10.0,1.0,0.3333333333333333,3.0,181.0,2.0,5.0,6.0,1.0,60.333333333333336,13.0,0
16.0,0.0,0.0,2.0,321.0,5.0,1.0,9.0,1.0,107.0,16.0,0
9.0,0.0,0.0,9.0,159.0,2.0,3.0,5.0,1.0,19.875,35.0,0
8.0,0.0,0.0,8.0,176.0,5.0,3.0,9.0,1.0,19.555555555555557,17.0,0
14.0,0.0,0.0,3.0,171.0,4.0,5.0,7.0,3.0,57.0,21.0,0
17.0,0.0,0.0,3.0,174.0,2.0,4.0,5.0,1.0,58.0,34.0,0
9.0,0.0,0.0,2.0,152.0,5.0,1.0,9.0,1.0,50.666666666666664,14.0,0
20.0,0.0,0.0,13.0,301.0,2.0,5.0,5.0,3.0,100.33333333333333,8.0,0
1.0,1.0,0.3333333333333333,1.0,149.0,4.0,4.0,7.0,1.0,49.666666666666664,31.0,1
1.0,1.0,0.3333333333333333,4.0,153.0,5.0,3.0,8.0,1.0,51.0,33.0,0
24.0,1.0,0.3333333333333333,14.0,237.0,4.0,3.0,7.0,1.0,79.0,27.0,0
6.0,0.0,0.0,3.0,158.0,2.0,1.0,5.0,1.0,52.666666666666664,12.0,0
18.0,1.0,0.3333333333333333,11.0,315.0,4.0,1.0,7.0,1.0,105.0,14.0,0
4.0,0.0,0.0,2.0,146.0,5.0,4.0,8.0,1.0,48.666666666666664,14.0,0
19.0,1.0,0.3333333333333333,5.0,183.0,6.0,5.0,9.0,1.0,61.0,12.0,0
19.0,0.0,0.0,6.0,169.0,5.0,5.0,8.0,3.0,28.166666666666668,33.0,0
5.0,0.0,0.0,4.0,178.0,4.0,5.0,7.0,3.0,59.333333333333336,9.0,0
10.0,1.0,0.3333333333333333,2.0,172.0,4.0,3.0,8.0,1.0,57.333333333333336,19.0,0
8.0,0.0,0.0,3.0,172.0,2.0,1.0,5.0,1.0,19.11111111111111,17.0,0
23.0,0.0,0.0,5.0,157.0,4.0,5.0,7.0,1.0,52.333333333333336,32.0,0
13.0,0.0,0.0,8.0,179.0,4.0,5.0,8.0,1.0,19.88888888888889,17.0,0
1.0,0.0,0.0,8.0,166.0,5.0,5.0,9.0,1.0,55.333333333333336,26.0,0
9.0,0.0,0.0,11.0,177.0,2.0,5.0,5.0,1.0,59.0,25.0,0
2.0,0.0,0.0,1.0,174.0,6.0,5.0,9.0,1.0,58.0,34.0,0
1.0,0.0,0.0,3.0,156.0,4.0,1.0,8.0,1.0,39.0,12.0,0
1.0,1.0,0.3333333333333333,1.0,141.0,4.0,1.0,8.0,3.0,47.0,10.0,1
21.0,0.0,0.0,1.0,322.0,4.0,3.0,8.0,2.0,107.33333333333333,33.0,0
13.0,0.0,0.0,8.0,156.0,5.0,3.0,9.0,1.0,52.0,10.0,0
14.0,0.0,0.0,3.0,229.0,5.0,3.0,9.0,1.0,14.3125,22.0,0
9.0,0.0,0.0,10.0,166.0,4.0,3.0,7.0,1.0,41.5,15.0,0
11.0,0.0,0.0,3.0,183.0,4.0,3.0,7.0,1.0,61.0,26.0,0
13.0,0.0,0.0,9.0,175.0,4.0,3.0,7.0,1.0,35.0,11.0,0
19.0,0.0,0.0,10.0,183.0,5.0,1.0,8.0,1.0,36.6,9.0,0
12.0,1.0,0.3333333333333333,3.0,203.0,5.0,3.0,8.0,1.0,67.66666666666667,9.0,0
1.0,0.0,0.0,3.0,228.0,5.0,5.0,8.0,3.0,28.5,17.0,1
11.0,0.0,0.0,8.0,164.0,4.0,4.0,8.0,1.0,18.22222222222222,17.0,0
14.0,1.0,0.2,4.0,204.0,4.0,1.0,7.0,1.0,40.8,23.0,0
18.0,1.0,0.3333333333333333,3.0,182.0,4.0,1.0,7.0,2.0,60.666666666666664,8.0,0
22.0,0.0,0.0,3.0,277.0,5.0,1.0,8.0,1.0,69.25,11.0,0
1.0,1.0,0.25,3.0,179.0,6.0,1.0,9.0,3.0,44.75,22.0,1
1.0,1.0,0.3333333333333333,4.0,163.0,4.0,1.0,7.0,1.0,54.333333333333336,9.0,0
1.0,0.0,0.0,3.0,160.0,2.0,3.0,5.0,1.0,53.333333333333336,15.0,0
1.0,0.0,0.0,3.0,151.0,4.0,1.0,7.0,1.0,50.333333333333336,9.0,0
4.0,1.0,0.3333333333333333,4.0,147.0,4.0,5.0,8.0,1.0,49.0,14.0,1
3.0,0.0,0.0,5.0,184.0,5.0,3.0,8.0,3.0,61.333333333333336,17.0,0
10.0,0.0,0.0,3.0,205.0,4.0,5.0,7.0,1.0,68.33333333333333,12.0,0
1.0,0.0,0.0,8.0,177.0,2.0,3.0,6.0,1.0,59.0,9.0,0
13.0,0.0,0.0,1.0,178.0,4.0,4.0,8.0,1.0,59.333333333333336,19.0,0
23.0,0.0,0.0,3.0,289.0,4.0,4.0,8.0,1.0,96.33333333333333,29.0,0
24.0,0.0,0.0,12.0,258.0,5.0,5.0,8.0,1.0,86.0,24.0,0
1.0,0.0,0.0,3.0,153.0,4.0,3.0,7.0,3.0,38.25,9.0,0
8.0,0.0,0.0,10.0,179.0,4.0,4.0,8.0,1.0,19.88888888888889,10.0,0
10.0,0.0,0.0,4.0,145.0,4.0,4.0,8.0,1.0,48.333333333333336,14.0,0
23.0,1.0,0.25,13.0,265.0,5.0,3.0,8.0,1.0,66.25,13.0,0
10.0,0.0,0.0,3.0,169.0,5.0,3.0,8.0,1.0,56.333333333333336,8.0,0
10.0,0.0,0.0,5.0,193.0,2.0,5.0,6.0,1.0,64.33333333333333,10.0,0
28.0,0.0,0.0,8.0,299.0,4.0,3.0,8.0,1.0,49.833333333333336,29.0,0
17.0,0.0,0.0,12.0,301.0,5.0,3.0,9.0,1.0,37.625,22.0,0
1.0,1.0,0.125,8.0,171.0,4.0,1.0,7.0,3.0,21.375,19.0,1
12.0,0.0,0.0,10.0,172.0,4.0,1.0,7.0,1.0,43.0,8.0,0
3.0,1.0,0.3333333333333333,10.0,167.0,5.0,4.0,8.0,3.0,55.666666666666664,12.0,0
7.0,0.0,0.0,5.0,180.0,4.0,1.0,8.0,3.0,60.0,9.0,0
6.0,0.0,0.0,7.0,180.0,4.0,4.0,7.0,1.0,60.0,9.0,0
5.0,0.0,0.0,3.0,180.0,4.0,1.0,8.0,3.0,60.0,12.0,0
23.0,1.0,0.25,3.0,151.0,4.0,5.0,8.0,1.0,37.75,23.0,0
12.0,0.0,0.0,4.0,149.0,5.0,4.0,8.0,1.0,29.8,9.0,0
21.0,0.0,0.0,3.0,285.0,2.0,4.0,5.0,3.0,95.0,9.0,0
23.0,0.0,0.0,1.0,279.0,4.0,3.0,7.0,1.0,93.0,8.0,0
15.0,1.0,0.3333333333333333,3.0,196.0,4.0,3.0,8.0,3.0,65.33333333333333,30.0,0
1.0,0.0,0.0,3.0,152.0,4.0,5.0,7.0,3.0,50.666666666666664,16.0,0
7.0,1.0,0.3333333333333333,3.0,179.0,4.0,1.0,7.0,3.0,59.666666666666664,23.0,0
10.0,0.0,0.0,3.0,178.0,4.0,3.0,8.0,1.0,59.333333333333336,33.0,0
18.0,1.0,0.25,3.0,157.0,4.0,1.0,7.0,2.0,39.25,8.0,0
1.0,1.0,0.3333333333333333,3.0,165.0,5.0,3.0,9.0,1.0,55.0,15.0,1
12.0,0.0,0.0,1.0,158.0,4.0,3.0,7.0,1.0,52.666666666666664,11.0,0
27.0,0.0,0.0,3.0,195.0,2.0,1.0,5.0,1.0,65.0,31.0,0
12.0,1.0,0.1111111111111111,8.0,152.0,4.0,3.0,8.0,3.0,16.88888888888889,14.0,1
1.0,0.0,0.0,1.0,139.0,4.0,4.0,8.0,1.0,46.333333333333336,9.0,1
1.0,0.0,0.0,8.0,151.0,4.0,1.0,8.0,1.0,21.571428571428573,14.0,0
29.0,0.0,0.0,3.0,160.0,5.0,4.0,9.0,1.0,53.333333333333336,29.0,0
8.0,0.0,0.0,14.0,165.0,5.0,1.0,8.0,1.0,27.5,12.0,0
31.0,0.0,0.0,1.0,234.0,6.0,1.0,10.0,1.0,78.0,8.0,0
7.0,0.0,0.0,14.0,145.0,2.0,4.0,6.0,1.0,36.25,28.0,0
11.0,0.0,0.0,3.0,220.0,6.0,1.0,9.0,3.0,73.33333333333333,8.0,0
8.0,0.0,0.0,8.0,154.0,5.0,1.0,8.0,1.0,15.4,26.0,0
1.0,1.0,0.3333333333333333,3.0,148.0,4.0,1.0,8.0,3.0,49.333333333333336,14.0,1
18.0,1.0,0.125,8.0,204.0,2.0,1.0,6.0,1.0,25.5,9.0,0
9.0,1.0,0.3333333333333333,5.0,174.0,5.0,1.0,9.0,1.0,58.0,9.0,0
17.0,1.0,0.1,9.0,203.0,4.0,1.0,8.0,3.0,20.3,9.0,0
1.0,0.0,0.0,5.0,169.0,2.0,3.0,6.0,1.0,56.333333333333336,16.0,0
15.0,0.0,0.0,3.0,217.0,4.0,3.0,7.0,3.0,21.7,13.0,0
3.0,0.0,0.0,3.0,155.0,4.0,3.0,7.0,1.0,51.666666666666664,16.0,0
10.0,0.0,0.0,8.0,170.0,4.0,1.0,7.0,3.0,21.25,9.0,0
19.0,0.0,0.0,5.0,232.0,5.0,3.0,9.0,1.0,77.33333333333333,8.0,0
1.0,0.0,0.0,1.0,141.0,6.0,3.0,9.0,2.0,47.0,29.0,1
11.0,0.0,0.0,11.0,254.0,6.0,3.0,9.0,3.0,84.66666666666667,16.0,1
1.0,0.0,0.0,3.0,148.0,6.0,3.0,10.0,1.0,49.333333333333336,24.0,0
19.0,0.0,0.0,7.0,292.0,5.0,4.0,8.0,1.0,29.2,35.0,0
6.0,0.0,0.0,4.0,159.0,4.0,3.0,7.0,1.0,53.0,17.0,0
5.0,0.0,0.0,4.0,160.0,4.0,3.0,8.0,1.0,53.333333333333336,9.0,0
15.0,0.0,0.0,3.0,189.0,6.0,4.0,9.0,2.0,63.0,11.0,0
14.0,1.0,0.3333333333333333,1.0,190.0,4.0,5.0,8.0,1.0,63.333333333333336,15.0,0
1.0,0.0,0.0,3.0,164.0,4.0,5.0,8.0,1.0,54.666666666666664,36.0,0
20.0,0.0,0.0,10.0,181.0,4.0,4.0,7.0,1.0,60.333333333333336,20.0,0
9.0,0.0,0.0,8.0,194.0,4.0,3.0,7.0,1.0,64.66666666666667,34.0,0
4.0,0.0,0.0,9.0,154.0,4.0,1.0,7.0,1.0,51.333333333333336,23.0,0
21.0,0.0,0.0,1.0,175.0,4.0,4.0,7.0,3.0,58.333333333333336,9.0,0
20.0,1.0,0.3333333333333333,3.0,229.0,4.0,1.0,8.0,3.0,76.33333333333333,9.0,0
1.0,1.0,0.25,3.0,186.0,5.0,5.0,9.0,3.0,46.5,20.0,1
1.0,0.0,0.0,1.0,192.0,6.0,4.0,9.0,3.0,64.0,8.0,1
1.0,0.0,0.0,3.0,158.0,4.0,4.0,7.0,1.0,52.666666666666664,11.0,0
5.0,0.0,0.0,5.0,177.0,4.0,1.0,6.0,1.0,59.0,31.0,0
13.0,1.0,0.14285714285714285,9.0,190.0,4.0,1.0,8.0,1.0,27.142857142857142,8.0,0
6.0,0.0,0.0,3.0,221.0,6.0,3.0,10.0,3.0,73.66666666666667,26.0,0
14.0,0.0,0.0,9.0,323.0,4.0,4.0,7.0,3.0,23.071428571428573,14.0,0
19.0,0.0,0.0,3.0,223.0,6.0,3.0,9.0,2.0,74.33333333333333,11.0,0
4.0,0.0,0.0,8.0,175.0,5.0,5.0,9.0,1.0,58.333333333333336,9.0,0
1.0,0.0,0.0,2.0,146.0,4.0,1.0,7.0,2.0,36.5,17.0,0
1.0,0.0,0.0,3.0,147.0,5.0,1.0,9.0,2.0,49.0,15.0,1
5.0,0.0,0.0,3.0,208.0,4.0,3.0,7.0,3.0,69.33333333333333,12.0,0
1.0,0.0,0.0,5.0,159.0,4.0,1.0,8.0,1.0,53.0,15.0,0
1.0,0.0,0.0,3.0,153.0,6.0,4.0,9.0,3.0,38.25,16.0,1
3.0,1.0,0.3333333333333333,3.0,188.0,2.0,3.0,6.0,1.0,62.666666666666664,8.0,0
4.0,0.0,0.0,8.0,196.0,5.0,5.0,9.0,3.0,65.33333333333333,22.0,0
8.0,1.0,0.3333333333333333,3.0,154.0,2.0,1.0,6.0,1.0,51.333333333333336,9.0,0
7.0,0.0,0.0,8.0,176.0,4.0,4.0,8.0,3.0,58.666666666666664,9.0,0
23.0,0.0,0.0,5.0,170.0,4.0,1.0,8.0,3.0,56.666666666666664,18.0,0
1.0,1.0,0.3333333333333333,3.0,211.0,4.0,5.0,8.0,3.0,70.33333333333333,23.0,1
12.0,0.0,0.0,6.0,150.0,5.0,4.0,9.0,1.0,50.0,9.0,0
1.0,0.0,0.0,1.0,207.0,4.0,3.0,8.0,3.0,69.0,23.0,1
3.0,0.0,0.0,1.0,146.0,5.0,5.0,9.0,1.0,48.666666666666664,11.0,0
4.0,0.0,0.0,8.0,178.0,2.0,3.0,5.0,1.0,59.333333333333336,23.0,0
6.0,0.0,0.0,8.0,152.0,4.0,4.0,8.0,1.0,50.666666666666664,12.0,0
12.0,1.0,0.3333333333333333,1.0,183.0,6.0,1.0,9.0,1.0,61.0,25.0,0
7.0,1.0,0.3333333333333333,1.0,149.0,5.0,3.0,8.0,1.0,49.666666666666664,24.0,1
16.0,0.0,0.0,5.0,153.0,4.0,4.0,7.0,1.0,51.0,19.0,0
29.0,0.0,0.0,1.0,315.0,5.0,5.0,8.0,1.0,105.0,9.0,0
7.0,0.0,0.0,8.0,156.0,4.0,4.0,7.0,1.0,52.0,11.0,0
15.0,0.0,0.0,5.0,148.0,4.0,5.0,8.0,1.0,49.333333333333336,16.0,0
8.0,1.0,0.3333333333333333,8.0,165.0,4.0,3.0,7.0,3.0,55.0,17.0,0
27.0,1.0,0.3333333333333333,3.0,255.0,5.0,3.0,8.0,1.0,85.0,8.0,0
17.0,0.0,0.0,9.0,160.0,4.0,1.0,8.0,2.0,53.333333333333336,9.0,0
8.0,0.0,0.0,3.0,185.0,6.0,1.0,9.0,3.0,46.25,10.0,0
1.0,0.0,0.0,1.0,152.0,4.0,4.0,7.0,3.0,50.666666666666664,14.0,1
12.0,0.0,0.0,5.0,162.0,5.0,3.0,8.0,1.0,54.0,13.0,0
1.0,1.0,0.3333333333333333,1.0,149.0,4.0,5.0,8.0,1.0,49.666666666666664,15.0,1
5.0,0.0,0.0,8.0,180.0,5.0,1.0,9.0,3.0,25.714285714285715,36.0,0
25.0,0.0,0.0,3.0,256.0,4.0,3.0,7.0,1.0,85.33333333333333,10.0,0
11.0,0.0,0.0,4.0,167.0,5.0,4.0,8.0,3.0,55.666666666666664,16.0,0
20.0,1.0,0.25,3.0,318.0,4.0,1.0,7.0,1.0,79.5,9.0,0
10.0,1.0,0.14285714285714285,8.0,208.0,4.0,5.0,7.0,1.0,29.714285714285715,17.0,0
8.0,1.0,0.25,4.0,148.0,4.0,4.0,8.0,1.0,37.0,8.0,1
11.0,0.0,0.0,8.0,166.0,4.0,4.0,7.0,2.0,27.666666666666668,15.0,0
1.0,1.0,0.1111111111111111,8.0,183.0,4.0,1.0,7.0,3.0,20.333333333333332,34.0,1
7.0,0.0,0.0,7.0,156.0,2.0,5.0,5.0,1.0,17.333333333333332,15.0,0
2.0,0.0,0.0,4.0,145.0,4.0,1.0,7.0,1.0,48.333333333333336,8.0,0
13.0,0.0,0.0,3.0,260.0,4.0,3.0,8.0,1.0,86.66666666666667,17.0,0
20.0,0.0,0.0,3.0,205.0,5.0,4.0,9.0,3.0,51.25,33.0,0
14.0,0.0,0.0,3.0,159.0,4.0,5.0,8.0,1.0,53.0,9.0,0
16.0,0.0,0.0,1.0,180.0,2.0,5.0,6.0,1.0,60.0,20.0,0
9.0,0.0,0.0,8.0,183.0,4.0,1.0,7.0,1.0,61.0,9.0,0
12.0,0.0,0.0,9.0,151.0,4.0,4.0,8.0,2.0,30.2,9.0,0
1.0,0.0,0.0,8.0,178.0,4.0,5.0,8.0,1.0,59.333333333333336,16.0,1
1.0,0.0,0.0,9.0,167.0,4.0,5.0,7.0,1.0,55.666666666666664,17.0,1
13.0,0.0,0.0,3.0,166.0,4.0,1.0,7.0,3.0,41.5,27.0,0
17.0,0.0,0.0,3.0,149.0,4.0,3.0,7.0,1.0,49.666666666666664,16.0,0
15.0,0.0,0.0,3.0,194.0,2.0,4.0,5.0,1.0,64.66666666666667,12.0,0
15.0,1.0,0.06666666666666667,3.0,229.0,4.0,3.0,7.0,3.0,15.266666666666667,11.0,0
4.0,0.0,0.0,3.0,222.0,4.0,3.0,8.0,1.0,74.0,17.0,0
1.0,1.0,0.3333333333333333,5.0,146.0,4.0,4.0,8.0,2.0,48.666666666666664,27.0,1
10.0,0.0,0.0,3.0,214.0,4.0,4.0,8.0,1.0,42.8,28.0,1
14.0,0.0,0.0,4.0,190.0,4.0,1.0,7.0,1.0,63.333333333333336,8.0,0
8.0,0.0,0.0,9.0,193.0,2.0,3.0,6.0,3.0,32.166666666666664,15.0,0
31.0,0.0,0.0,15.0,288.0,4.0,4.0,7.0,3.0,18.0,9.0,0
9.0,0.0,0.0,4.0,152.0,6.0,3.0,10.0,1.0,50.666666666666664,30.0,0
21.0,1.0,0.0625,3.0,228.0,5.0,4.0,9.0,1.0,14.25,11.0,0
14.0,0.0,0.0,8.0,169.0,4.0,5.0,7.0,1.0,18.77777777777778,19.0,0
28.0,0.0,0.0,8.0,194.0,4.0,1.0,8.0,1.0,64.66666666666667,14.0,0
5.0,0.0,0.0,3.0,221.0,4.0,5.0,8.0,3.0,55.25,14.0,0
2.0,0.0,0.0,3.0,161.0,4.0,5.0,8.0,1.0,53.666666666666664,8.0,0
12.0,1.0,0.3333333333333333,4.0,179.0,6.0,1.0,10.0,3.0,59.666666666666664,9.0,0
1.0,0.0,0.0,3.0,172.0,4.0,1.0,7.0,3.0,57.333333333333336,17.0,0
31.0,1.0,0.25,3.0,283.0,4.0,3.0,7.0,1.0,70.75,22.0,0
1.0,0.0,0.0,1.0,140.0,4.0,3.0,7.0,1.0,46.666666666666664,21.0,0
1.0,0.0,0.0,1.0,155.0,2.0,5.0,5.0,2.0,51.666666666666664,25.0,1
1.0,1.0,0.25,1.0,148.0,5.0,5.0,8.0,2.0,37.0,20.0,1
19.0,0.0,0.0,8.0,177.0,4.0,3.0,8.0,3.0,25.285714285714285,9.0,0
10.0,1.0,0.3333333333333333,1.0,195.0,4.0,4.0,8.0,1.0,65.0,9.0,0
17.0,0.0,0.0,8.0,182.0,4.0,1.0,8.0,3.0,20.22222222222222,9.0,0
1.0,1.0,0.3333333333333333,3.0,149.0,4.0,1.0,7.0,1.0,49.666666666666664,12.0,0
3.0,0.0,0.0,11.0,163.0,4.0,1.0,7.0,1.0,32.6,27.0,0
6.0,0.0,0.0,1.0,171.0,4.0,1.0,8.0,3.0,57.0,17.0,0
16.0,0.0,0.0,4.0,154.0,4.0,3.0,7.0,1.0,30.8,17.0,0
21.0,0.0,0.0,1.0,146.0,4.0,3.0,8.0,1.0,36.5,16.0,0
20.0,0.0,0.0,3.0,211.0,4.0,1.0,7.0,1.0,35.166666666666664,9.0,0
2.0,0.0,0.0,3.0,152.0,4.0,1.0,7.0,2.0,38.0,8.0,0
3.0,0.0,0.0,7.0,189.0,6.0,3.0,10.0,1.0,63.0,36.0,0
16.0,0.0,0.0,1.0,165.0,4.0,3.0,7.0,1.0,55.0,15.0,0
1.0,1.0,0.25,3.0,224.0,5.0,4.0,8.0,3.0,56.0,9.0,1
20.0,0.0,0.0,9.0,257.0,2.0,5.0,5.0,3.0,85.66666666666667,10.0,0
1.0,0.0,0.0,9.0,160.0,5.0,3.0,8.0,3.0,22.857142857142858,30.0,0
3.0,0.0,0.0,1.0,153.0,5.0,4.0,8.0,2.0,51.0,13.0,0
17.0,0.0,0.0,15.0,319.0,5.0,3.0,8.0,1.0,39.875,13.0,0
22.0,0.0,0.0,10.0,322.0,5.0,4.0,9.0,1.0,23.0,17.0,0
1.0,1.0,0.3333333333333333,1.0,149.0,5.0,1.0,9.0,1.0,49.666666666666664,31.0,1
10.0,0.0,0.0,8.0,198.0,4.0,4.0,8.0,3.0,66.0,17.0,1
1.0,0.0,0.0,4.0,173.0,5.0,5.0,9.0,1.0,19.22222222222222,22.0,0
13.0,0.0,0.0,3.0,164.0,4.0,1.0,7.0,1.0,41.0,26.0,0
29.0,0.0,0.0,5.0,152.0,5.0,1.0,9.0,1.0,50.666666666666664,9.0,0
2.0,0.0,0.0,1.0,154.0,4.0,4.0,8.0,3.0,51.333333333333336,10.0,0
1.0,0.0,0.0,1.0,136.0,4.0,1.0,7.0,3.0,45.333333333333336,16.0,1
1.0,1.0,0.3333333333333333,1.0,150.0,4.0,4.0,8.0,1.0,50.0,14.0,1
10.0,1.0,0.3333333333333333,8.0,182.0,5.0,3.0,9.0,3.0,60.666666666666664,17.0,0
5.0,0.0,0.0,3.0,167.0,4.0,3.0,7.0,1.0,55.666666666666664,27.0,0
8.0,1.0,0.3333333333333333,3.0,222.0,4.0,1.0,8.0,3.0,74.0,11.0,0
3.0,0.0,0.0,3.0,146.0,4.0,5.0,7.0,1.0,48.666666666666664,14.0,0
11.0,1.0,0.3333333333333333,5.0,168.0,4.0,5.0,8.0,1.0,56.0,14.0,0
9.0,1.0,0.3333333333333333,3.0,173.0,5.0,4.0,8.0,1.0,57.666666666666664,23.0,0
19.0,0.0,0.0,9.0,184.0,5.0,1.0,9.0,1.0,36.8,32.0,0
10.0,0.0,0.0,9.0,164.0,5.0,1.0,9.0,2.0,54.666666666666664,9.0,0
14.0,0.0,0.0,17.0,293.0,4.0,5.0,8.0,1.0,22.53846153846154,8.0,0
1.0,1.0,0.3333333333333333,1.0,154.0,5.0,3.0,8.0,1.0,51.333333333333336,8.0,0
1.0,0.0,0.0,8.0,190.0,2.0,3.0,5.0,3.0,63.333333333333336,9.0,0
22.0,0.0,0.0,8.0,297.0,4.0,1.0,7.0,1.0,49.5,29.0,0
18.0,0.0,0.0,3.0,175.0,2.0,5.0,6.0,1.0,43.75,8.0,0
1.0,1.0,0.2,1.0,148.0,6.0,5.0,9.0,1.0,29.6,23.0,1
20.0,0.0,0.0,1.0,151.0,4.0,1.0,8.0,1.0,50.333333333333336,31.0,1
10.0,0.0,0.0,4.0,180.0,5.0,4.0,8.0,3.0,60.0,24.0,0
15.0,0.0,0.0,5.0,169.0,4.0,4.0,7.0,3.0,56.333333333333336,15.0,0
16.0,0.0,0.0,8.0,258.0,4.0,5.0,7.0,1.0,86.0,13.0,0
5.0,1.0,0.3333333333333333,5.0,191.0,4.0,1.0,7.0,3.0,63.666666666666664,17.0,0
8.0,1.0,0.3333333333333333,2.0,206.0,5.0,1.0,9.0,3.0,68.66666666666667,10.0,0
5.0,0.0,0.0,3.0,165.0,2.0,3.0,6.0,1.0,41.25,11.0,0
1.0,0.0,0.0,8.0,150.0,2.0,1.0,6.0,1.0,16.666666666666668,13.0,0
19.0,0.0,0.0,4.0,179.0,4.0,3.0,7.0,1.0,59.666666666666664,8.0,0
7.0,0.0,0.0,10.0,180.0,4.0,3.0,7.0,3.0,60.0,17.0,0
2.0,1.0,0.3333333333333333,8.0,193.0,5.0,1.0,8.0,3.0,64.33333333333333,8.0,0
1.0,0.0,0.0,1.0,136.0,2.0,5.0,5.0,3.0,45.333333333333336,31.0,1
13.0,0.0,0.0,3.0,182.0,6.0,3.0,9.0,3.0,60.666666666666664,28.0,0
1.0,0.0,0.0,3.0,147.0,4.0,4.0,7.0,1.0,49.0,9.0,0
8.0,1.0,0.125,12.0,182.0,5.0,1.0,8.0,1.0,22.75,29.0,0
1.0,1.0,0.25,3.0,224.0,4.0,3.0,7.0,3.0,56.0,20.0,1
21.0,0.0,0.0,8.0,180.0,4.0,4.0,8.0,1.0,60.0,21.0,0
30.0,0.0,0.0,1.0,179.0,5.0,5.0,8.0,3.0,59.666666666666664,18.0,0
13.0,0.0,0.0,10.0,177.0,4.0,5.0,7.0,1.0,19.666666666666668,16.0,0
12.0,1.0,0.3333333333333333,8.0,146.0,5.0,4.0,8.0,1.0,48.666666666666664,15.0,0
61.0,1.0,0.3333333333333333,1.0,304.0,4.0,1.0,8.0,3.0,101.33333333333333,28.0,0
1.0,1.0,0.3333333333333333,4.0,149.0,2.0,3.0,5.0,1.0,49.666666666666664,12.0,1
12.0,0.0,0.0,4.0,173.0,4.0,1.0,8.0,1.0,57.666666666666664,16.0,0
23.0,0.0,0.0,4.0,317.0,4.0,1.0,7.0,1.0,52.833333333333336,9.0,0
16.0,1.0,0.3333333333333333,1.0,176.0,4.0,1.0,8.0,3.0,58.666666666666664,19.0,0
1.0,0.0,0.0,1.0,154.0,5.0,4.0,8.0,2.0,51.333333333333336,29.0,1
9.0,0.0,0.0,5.0,181.0,4.0,5.0,8.0,3.0,60.333333333333336,25.0,0
2.0,0.0,0.0,5.0,146.0,4.0,3.0,7.0,1.0,48.666666666666664,23.0,0
5.0,1.0,0.25,4.0,156.0,4.0,5.0,7.0,1.0,39.0,10.0,0
10.0,0.0,0.0,3.0,153.0,2.0,4.0,6.0,1.0,51.0,16.0,0
8.0,0.0,0.0,3.0,224.0,4.0,1.0,7.0,3.0,56.0,8.0,0
8.0,0.0,0.0,3.0,211.0,4.0,3.0,7.0,3.0,70.33333333333333,20.0,0
1.0,0.0,0.0,7.0,154.0,4.0,5.0,8.0,1.0,17.11111111111111,8.0,0
3.0,0.0,0.0,3.0,179.0,4.0,5.0,7.0,1.0,59.666666666666664,8.0,0
6.0,0.0,0.0,3.0,192.0,4.0,1.0,7.0,1.0,64.0,22.0,0
5.0,0.0,0.0,8.0,175.0,6.0,5.0,9.0,1.0,17.5,8.0,0
1.0,0.0,0.0,4.0,149.0,5.0,1.0,8.0,1.0,49.666666666666664,24.0,1
12.0,0.0,0.0,1.0,154.0,5.0,5.0,8.0,3.0,51.333333333333336,8.0,0
9.0,1.0,0.3333333333333333,10.0,177.0,4.0,1.0,7.0,3.0,59.0,14.0,0
1.0,0.0,0.0,8.0,166.0,4.0,1.0,7.0,3.0,55.333333333333336,16.0,0
6.0,0.0,0.0,3.0,222.0,5.0,1.0,8.0,1.0,74.0,12.0,0
1.0,1.0,0.3333333333333333,9.0,181.0,4.0,1.0,8.0,3.0,60.333333333333336,33.0,1
17.0,1.0,0.25,3.0,229.0,4.0,5.0,8.0,3.0,57.25,31.0,1
28.0,0.0,0.0,4.0,154.0,4.0,3.0,8.0,1.0,38.5,16.0,0
7.0,0.0,0.0,9.0,185.0,4.0,3.0,7.0,1.0,46.25,14.0,0
17.0,0.0,0.0,10.0,200.0,4.0,3.0,6.0,1.0,66.66666666666667,18.0,0
12.0,1.0,0.3333333333333333,3.0,155.0,4.0,4.0,7.0,2.0,51.666666666666664,8.0,0
29.0,1.0,0.3333333333333333,5.0,321.0,2.0,4.0,6.0,2.0,107.0,33.0,0
5.0,1.0,0.3333333333333333,1.0,136.0,6.0,1.0,9.0,1.0,45.333333333333336,9.0,0
13.0,0.0,0.0,11.0,258.0,4.0,5.0,8.0,3.0,86.0,22.0,0
16.0,0.0,0.0,8.0,168.0,5.0,3.0,8.0,1.0,33.6,30.0,0
5.0,0.0,0.0,9.0,235.0,4.0,3.0,7.0,1.0,78.33333333333333,17.0,0
28.0,1.0,0.3333333333333333,5.0,169.0,4.0,5.0,8.0,1.0,56.333333333333336,17.0,0
1.0,0.0,0.0,3.0,171.0,5.0,3.0,8.0,1.0,57.0,8.0,0
1.0,0.0,0.0,5.0,151.0,4.0,1.0,8.0,1.0,50.333333333333336,19.0,0
14.0,0.0,0.0,5.0,188.0,4.0,3.0,8.0,1.0,17.09090909090909,18.0,0
14.0,0.0,0.0,11.0,182.0,4.0,4.0,8.0,3.0,26.0,9.0,0
1.0,0.0,0.0,3.0,147.0,4.0,4.0,7.0,2.0,49.0,9.0,0
4.0,0.0,0.0,8.0,162.0,4.0,4.0,8.0,1.0,54.0,8.0,0
1.0,1.0,0.3333333333333333,3.0,165.0,4.0,3.0,7.0,1.0,55.0,9.0,0
21.0,0.0,0.0,3.0,211.0,4.0,3.0,7.0,1.0,15.071428571428571,32.0,0
7.0,0.0,0.0,1.0,145.0,5.0,3.0,8.0,1.0,48.333333333333336,8.0,0
12.0,0.0,0.0,9.0,169.0,4.0,4.0,7.0,3.0,24.142857142857142,8.0,0
5.0,0.0,0.0,3.0,156.0,4.0,3.0,7.0,3.0,52.0,9.0,0
12.0,0.0,0.0,8.0,178.0,5.0,3.0,9.0,1.0,19.77777777777778,13.0,0
16.0,1.0,0.3333333333333333,3.0,179.0,4.0,5.0,7.0,1.0,59.666666666666664,25.0,0
15.0,0.0,0.0,1.0,153.0,4.0,1.0,8.0,1.0,51.0,8.0,0
21.0,0.0,0.0,13.0,245.0,4.0,4.0,8.0,1.0,81.66666666666667,8.0,0
9.0,1.0,0.25,3.0,152.0,4.0,3.0,7.0,1.0,38.0,18.0,0
1.0,0.0,0.0,3.0,159.0,4.0,3.0,8.0,1.0,53.0,8.0,0
9.0,0.0,0.0,9.0,176.0,4.0,3.0,7.0,1.0,58.666666666666664,16.0,0
7.0,1.0,0.1,2.0,174.0,4.0,1.0,8.0,1.0,17.4,22.0,0
6.0,0.0,0.0,2.0,153.0,5.0,4.0,8.0,1.0,25.5,36.0,0
14.0,0.0,0.0,1.0,149.0,4.0,1.0,7.0,1.0,49.666666666666664,8.0,0
6.0,0.0,0.0,3.0,148.0,5.0,4.0,9.0,3.0,37.0,8.0,0
13.0,0.0,0.0,8.0,166.0,4.0,1.0,7.0,1.0,55.333333333333336,31.0,0
12.0,0.0,0.0,12.0,257.0,6.0,3.0,10.0,1.0,85.66666666666667,17.0,0
6.0,0.0,0.0,3.0,229.0,4.0,1.0,7.0,3.0,32.714285714285715,8.0,0
11.0,1.0,0.125,9.0,262.0,2.0,1.0,5.0,1.0,32.75,17.0,0
1.0,1.0,0.3333333333333333,5.0,174.0,4.0,3.0,7.0,3.0,58.0,15.0,0
26.0,0.0,0.0,1.0,160.0,4.0,1.0,7.0,3.0,53.333333333333336,36.0,0
18.0,1.0,0.3333333333333333,3.0,149.0,4.0,1.0,7.0,1.0,49.666666666666664,8.0,0
1.0,1.0,0.3333333333333333,3.0,149.0,4.0,5.0,7.0,3.0,49.666666666666664,12.0,0
13.0,0.0,0.0,4.0,319.0,4.0,1.0,7.0,1.0,106.33333333333333,16.0,0
1.0,0.0,0.0,1.0,143.0,4.0,5.0,7.0,3.0,47.666666666666664,16.0,1
10.0,0.0,0.0,5.0,201.0,5.0,1.0,9.0,3.0,40.2,10.0,0
10.0,0.0,0.0,3.0,176.0,4.0,4.0,8.0,1.0,58.666666666666664,11.0,0
30.0,0.0,0.0,10.0,188.0,4.0,3.0,7.0,1.0,62.666666666666664,8.0,0
1.0,1.0,0.25,3.0,173.0,4.0,1.0,7.0,1.0,43.25,8.0,1
16.0,0.0,0.0,15.0,314.0,4.0,3.0,7.0,1.0,52.333333333333336,9.0,0
20.0,0.0,0.0,9.0,148.0,4.0,3.0,8.0,1.0,13.454545454545455,14.0,1
15.0,0.0,0.0,11.0,261.0,5.0,4.0,8.0,1.0,87.0,35.0,0
8.0,0.0,0.0,8.0,192.0,5.0,3.0,9.0,3.0,64.0,35.0,0
10.0,0.0,0.0,12.0,179.0,6.0,1.0,9.0,3.0,13.76923076923077,22.0,0
15.0,0.0,0.0,3.0,214.0,5.0,4.0,8.0,3.0,71.33333333333333,10.0,0
6.0,0.0,0.0,3.0,149.0,4.0,5.0,8.0,1.0,49.666666666666664,9.0,0
9.0,1.0,0.3333333333333333,3.0,213.0,4.0,1.0,7.0,2.0,71.0,33.0,0
12.0,0.0,0.0,10.0,178.0,4.0,1.0,8.0,3.0,59.333333333333336,17.0,0
14.0,0.0,0.0,2.0,192.0,4.0,3.0,8.0,3.0,64.0,8.0,1
10.0,0.0,0.0,1.0,192.0,5.0,1.0,9.0,3.0,64.0,18.0,0
19.0,0.0,0.0,2.0,174.0,4.0,3.0,7.0,3.0,58.0,27.0,0
14.0,0.0,0.0,3.0,153.0,5.0,3.0,6.0,1.0,38.25,9.0,0
9.0,1.0,0.3333333333333333,3.0,182.0,4.0,3.0,8.0,1.0,60.666666666666664,25.0,0
14.0,0.0,0.0,3.0,145.0,4.0,3.0,8.0,1.0,48.333333333333336,9.0,0
9.0,0.0,0.0,2.0,155.0,6.0,1.0,10.0,1.0,51.666666666666664,8.0,0
3.0,1.0,0.3333333333333333,4.0,165.0,5.0,4.0,8.0,1.0,55.0,20.0,0
3.0,0.0,0.0,5.0,163.0,5.0,5.0,9.0,1.0,54.333333333333336,35.0,0
14.0,1.0,0.3333333333333333,1.0,234.0,5.0,5.0,8.0,3.0,78.0,35.0,1
13.0,0.0,0.0,7.0,245.0,5.0,1.0,8.0,3.0,81.66666666666667,31.0,0
5.0,0.0,0.0,3.0,224.0,4.0,5.0,8.0,1.0,74.66666666666667,12.0,0
1.0,0.0,0.0,1.0,155.0,5.0,3.0,7.0,3.0,51.666666666666664,12.0,0
10.0,0.0,0.0,4.0,151.0,2.0,1.0,5.0,1.0,50.333333333333336,30.0,0
13.0,0.0,0.0,3.0,225.0,5.0,5.0,8.0,1.0,75.0,13.0,0
1.0,1.0,0.3333333333333333,4.0,186.0,2.0,4.0,5.0,1.0,62.0,11.0,0
23.0,0.0,0.0,9.0,179.0,5.0,4.0,9.0,3.0,59.666666666666664,9.0,0
8.0,0.0,0.0,3.0,169.0,2.0,3.0,5.0,1.0,56.333333333333336,15.0,0
